track,subject,workload_category,treatment,paradigm,rep,kind,ok,error,cold_match,steady_match,cold_match_eff,steady_match_eff,match_source,passed,passed_cold_only,peak_memory_mb,steady_requests,steady_rps,load_ok,cpu_sut_0_7_pct,cpu_loadgen_8_15_pct,steady_j_per_request,steady_subres,total_duration_s,total_energy_sut_j,provisioning_duration_s,provisioning_energy_pkg0_eb_j,provisioning_energy_pkg0_sysfs_j,provisioning_energy_pkg1_j,provisioning_energy_node_j,provisioning_power_pkg0_w,cold_start_duration_s,cold_start_energy_pkg0_eb_j,cold_start_energy_pkg0_sysfs_j,cold_start_energy_pkg1_j,cold_start_energy_node_j,cold_start_power_pkg0_w,steady_state_duration_s,steady_state_energy_pkg0_eb_j,steady_state_energy_pkg0_sysfs_j,steady_state_energy_pkg1_j,steady_state_energy_node_j,steady_state_power_pkg0_w,provisioning_energy_sut_j,cold_start_energy_sut_j,steady_state_energy_sut_j,provisioning_power_sut_w,cold_start_power_sut_w,steady_state_power_sut_w
single,alpine,serverless-base,baseline,control,0,oneshot,True,,True,True,True,True,recorded,True,True,4.80078125,,,,12.8,1.3,,False,1.4571259021759033,42.0738525390625,0.23758220672607422,5.72412109375,5.456894999999999,4.412831,9.869726,24.093223026376528,,,,,,,1.219543695449829,36.3497314453125,36.295439,23.225526000000002,59.520965000000004,29.806009887907205,5.72412109375,,36.3497314453125,24.093223026376528,,29.806009887907205
single,alpine,serverless-base,baseline,control,1,oneshot,True,,True,True,True,True,recorded,True,True,,,,,13.0,1.5,,False,1.4196157455444336,37.8167724609375,0.2347104549407959,4.9495849609375,4.753283000000001,3.88384,8.637123,21.088046385432634,,,,,,,1.1849052906036377,32.8671875,36.220304999999996,22.904298999999998,59.12460399999999,27.73824014513105,4.9495849609375,,32.8671875,21.088046385432634,,27.73824014513105
single,alpine,serverless-base,baseline,control,10,oneshot,True,,True,True,True,True,recorded,True,True,4.89453125,,,,12.9,1.1,,False,1.5017845630645752,41.34716796875,0.30910682678222656,5.24151611328125,7.67686,5.601426,13.278286,16.95697299165129,,,,,,,1.1926777362823486,36.10565185546875,33.572974,20.824837,54.397811000000004,30.272764181892363,5.24151611328125,,36.10565185546875,16.95697299165129,,30.272764181892363
single,alpine,serverless-base,baseline,control,11,oneshot,True,,True,True,True,True,recorded,True,True,4.88671875,,,,13.0,1.3,,False,1.4527077674865723,41.3961181640625,0.24205446243286133,5.07012939453125,4.894946000000001,3.5988670000000003,8.493813000000001,20.946233932528934,,,,,,,1.210653305053711,36.32598876953125,36.271696999999996,22.708132,58.979828999999995,30.005277826354785,5.07012939453125,,36.32598876953125,20.946233932528934,,30.005277826354785
single,alpine,serverless-base,baseline,control,12,oneshot,True,,True,True,True,True,recorded,True,True,5.28125,,,,12.9,0.9,,False,1.4517481327056885,41.31683349609375,0.23948431015014648,5.1177978515625,4.973437,3.8603410000000005,8.833778,21.37007576134678,,,,,,,1.212263822555542,36.19903564453125,36.111358,23.067751,59.179109000000004,29.86069118867294,5.1177978515625,,36.19903564453125,21.37007576134678,,29.86069118867294
single,alpine,serverless-base,baseline,control,13,oneshot,True,,True,True,True,True,recorded,True,True,5.0,,,,12.7,1.3,,False,1.4511969089508057,41.7139892578125,0.25597071647644043,5.0760498046875,4.8990350000000005,3.544607,8.443642,19.83058794600319,,,,,,,1.1952261924743652,36.637939453125,36.581571000000004,22.919436,59.501007,30.653561379270723,5.0760498046875,,36.637939453125,19.83058794600319,,30.653561379270723
single,alpine,serverless-base,baseline,control,14,oneshot,True,,True,True,True,True,recorded,True,True,5.35546875,,,,12.5,1.4,,False,1.4442243576049805,43.00592041015625,0.2359781265258789,5.6827392578125,5.492051,4.738452,10.230502999999999,24.081635622229136,,,,,,,1.2082462310791016,37.32318115234375,37.349329999999995,23.391419,60.740748999999994,30.8903766403723,5.6827392578125,,37.32318115234375,24.081635622229136,,30.8903766403723
single,alpine,serverless-base,baseline,control,15,oneshot,True,,True,True,True,True,recorded,True,True,5.03125,,,,12.8,1.1,,False,1.465956211090088,40.692626953125,0.24072837829589844,5.10723876953125,4.9036740000000005,3.564505,8.468179000000001,21.21577358550364,,,,,,,1.2252278327941895,35.58538818359375,35.419953,22.830752999999998,58.250705999999994,29.04389471992291,5.10723876953125,,35.58538818359375,21.21577358550364,,29.04389471992291
single,alpine,serverless-base,baseline,control,16,oneshot,True,,True,True,True,True,recorded,True,True,5.18359375,,,,13.0,1.4,,False,1.4505741596221924,41.37078857421875,0.2391338348388672,5.3001708984375,5.198289999999999,4.099721,9.298010999999999,22.16403589232303,,,,,,,1.2114403247833252,36.07061767578125,36.022247,22.555057,58.577304,29.77498514607621,5.3001708984375,,36.07061767578125,22.16403589232303,,29.77498514607621
single,alpine,serverless-base,baseline,control,17,oneshot,True,,True,True,True,True,recorded,True,True,5.421875,,,,12.8,1.2,,False,1.430746078491211,38.95428466796875,0.24324488639831543,5.53863525390625,5.482591,4.434986,9.917577000000001,22.769791118390422,,,,,,,1.1875011920928955,33.4156494140625,36.750088999999996,22.983705999999998,59.73379499999999,28.139465995120002,5.53863525390625,,33.4156494140625,22.769791118390422,,28.139465995120002
single,alpine,serverless-base,baseline,control,18,oneshot,True,,True,True,True,True,recorded,True,True,5.2421875,,,,12.8,1.3,,False,1.4506494998931885,41.7403564453125,0.24399924278259277,5.175048828125,5.092089,3.9572040000000004,9.049293,21.20928232853596,,,,,,,1.2066502571105957,36.5653076171875,36.517483999999996,23.895446,60.412929999999996,30.30315321420936,5.175048828125,,36.5653076171875,21.20928232853596,,30.30315321420936
single,alpine,serverless-base,baseline,control,19,oneshot,True,,True,True,True,True,recorded,True,True,5.40625,,,,12.8,1.4,,False,1.4252080917358398,39.040283203125,0.23777246475219727,5.53826904296875,5.433763,4.380971,9.814734,23.292306149665595,,,,,,,1.1874356269836426,33.50201416015625,36.839078,23.110231,59.949309,28.21375188586771,5.53826904296875,,33.50201416015625,23.292306149665595,,28.21375188586771
single,alpine,serverless-base,baseline,control,2,oneshot,True,,True,True,True,True,recorded,True,True,6.01171875,,,,12.7,1.3,,False,1.4284772872924805,37.05828857421875,0.25612854957580566,4.849609375,4.630419999999999,3.7799589999999994,8.410378999999999,18.93427883393637,,,,,,,1.1723487377166748,32.20867919921875,35.276765,22.587833,57.864598,27.47363319719181,4.849609375,,32.20867919921875,18.93427883393637,,27.47363319719181
single,alpine,serverless-base,baseline,control,3,oneshot,True,,True,True,True,True,recorded,True,True,5.03515625,,,,12.8,1.4,,False,1.420701503753662,36.0918512265625,0.23181986808776855,5.88616943359375,2.8275689999999996,2.2625669999999998,5.090135999999999,25.39113442755134,,,,,,,1.1888816356658936,33.2642822265625,36.588102,23.079896999999995,59.667998999999995,27.979473505729736,2.8275689999999996,,33.2642822265625,12.197267746392916,,27.979473505729736
single,alpine,serverless-base,baseline,control,4,oneshot,True,,True,True,True,True,recorded,True,True,5.1328125,,,,12.8,1.0,,False,1.4345059394836426,41.91143798828125,0.23366475105285645,5.2861328125,5.189379,3.9357810000000004,9.125160000000001,22.622722463193618,,,,,,,1.2008411884307861,36.62530517578125,36.670438,22.967592,59.63803,30.49970764547293,5.2861328125,,36.62530517578125,22.622722463193618,,30.49970764547293
single,alpine,serverless-base,baseline,control,5,oneshot,True,,True,True,True,True,recorded,True,True,4.90234375,,,,13.0,1.1,,False,1.3930726051330566,38.87188720703125,0.23382878303527832,5.148193359375,4.993944,3.804067,8.798010999999999,22.016936035621754,,,,,,,1.1592438220977783,33.72369384765625,33.799535,21.039496999999997,54.839031999999996,29.09111371120317,5.148193359375,,33.72369384765625,22.016936035621754,,29.09111371120317
single,alpine,serverless-base,baseline,control,6,oneshot,True,,True,True,True,True,recorded,True,True,5.1875,,,,13.0,2.1,,False,1.4217784404754639,38.64886474609375,0.2301347255706787,2.782470703125,5.480699,4.28722,9.767919,12.090616469223159,,,,,,,1.1916437149047852,35.86639404296875,36.552152,22.750125000000004,59.302277000000004,30.098253021738593,2.782470703125,,35.86639404296875,12.090616469223159,,30.098253021738593
single,alpine,serverless-base,baseline,control,7,oneshot,True,,True,True,True,True,recorded,True,True,5.61328125,,,,12.7,1.6,,False,1.4625160694122314,38.8707834375,0.26110172271728516,4.84161376953125,2.387385,1.8381910000000001,4.225576,18.543017331117483,,,,,,,1.2014143466949463,36.4833984375,36.409026,22.992556,59.401582,30.367040761469763,2.387385,,36.4833984375,9.14350535551619,,30.367040761469763
single,alpine,serverless-base,baseline,control,8,oneshot,True,,True,True,True,True,recorded,True,True,5.1171875,,,,12.9,1.0,,False,1.4701898097991943,41.0025634765625,0.2457561492919922,5.121337890625,4.953051000000001,3.460868,8.413919000000002,20.8391037431993,,,,,,,1.2244336605072021,35.8812255859375,35.783783,22.749209999999998,58.532993,29.304344321173165,5.121337890625,,35.8812255859375,20.8391037431993,,29.304344321173165
single,alpine,serverless-base,baseline,control,9,oneshot,True,,True,True,True,True,recorded,True,True,,,,,13.3,0.6,,False,1.4673621654510498,41.7235107421875,0.22766542434692383,5.64666748046875,5.554673,4.272816000000001,9.827489,24.8024815215866,,,,,,,1.239696741104126,36.07684326171875,36.020354999999995,22.633853000000002,58.654208,29.101345567454825,5.64666748046875,,36.07684326171875,24.8024815215866,,29.101345567454825
single,alpine,serverless-base,blafs,file-removal,0,oneshot,True,,True,True,True,True,recorded,True,True,5.703125,,,,12.8,1.3,,False,1.4361462593078613,41.5615234375,0.24092555046081543,5.11322021484375,4.957568000000001,4.382008,9.339576000000001,21.22323765604667,,,,,,,1.195220708847046,36.44830322265625,36.48226700000001,22.815615,59.29788200000001,30.49503991427293,5.11322021484375,,36.44830322265625,21.22323765604667,,30.49503991427293
single,alpine,serverless-base,blafs,file-removal,1,oneshot,True,,True,True,True,True,recorded,True,True,4.96484375,,,,13.0,1.2,,False,1.4520318508148193,41.1429443359375,0.2592885494232178,4.957763671875,4.7606079999999995,3.613272,8.37388,19.120642554032745,,,,,,,1.1927433013916016,36.1851806640625,36.109832,22.779483,58.889314999999996,30.337777308700375,4.957763671875,,36.1851806640625,19.120642554032745,,30.337777308700375
single,alpine,serverless-base,blafs,file-removal,10,oneshot,True,,True,True,True,True,recorded,True,True,5.17578125,,,,13.0,1.3,,False,1.4573020935058594,41.708251953125,0.2371971607208252,5.4827880859375,5.365465,4.140553,9.506018000000001,23.114897620509872,,,,,,,1.2201049327850342,36.2254638671875,36.247405,23.260254999999997,59.50766,29.6904494800284,5.4827880859375,,36.2254638671875,23.114897620509872,,29.6904494800284
single,alpine,serverless-base,blafs,file-removal,11,oneshot,True,,True,True,True,True,recorded,True,True,5.3125,,,,13.1,0.9,,False,1.4002354145050049,38.630615234375,0.23470258712768555,5.18060302734375,5.023363,3.618948,8.642311,22.07305462945468,,,,,,,1.1655328273773193,33.45001220703125,33.410619999999994,20.797371,54.20799099999999,28.699330830775853,5.18060302734375,,33.45001220703125,22.07305462945468,,28.699330830775853
single,alpine,serverless-base,blafs,file-removal,12,oneshot,True,,True,True,True,True,recorded,True,True,4.92578125,,,,12.9,1.2,,False,1.4427976608276367,41.494140625,0.2512834072113037,5.2015380859375,5.0161620000000005,3.7120260000000003,8.728188000000001,20.6998868077411,,,,,,,1.191514253616333,36.2926025390625,36.238432,22.814822,59.053254,30.45922650854725,5.2015380859375,,36.2926025390625,20.6998868077411,,30.45922650854725
single,alpine,serverless-base,blafs,file-removal,13,oneshot,True,,True,True,True,True,recorded,True,True,5.421875,,,,13.0,1.2,,False,1.421257495880127,38.3797607421875,0.24637150764465332,4.871826171875,4.68169,3.841238,8.522928,19.774308394872246,,,,,,,1.1748859882354736,33.5079345703125,36.804716,22.959903,59.764618999999996,28.520158471407996,4.871826171875,,33.5079345703125,19.774308394872246,,28.520158471407996
single,alpine,serverless-base,blafs,file-removal,14,oneshot,True,,True,True,True,True,recorded,True,True,5.1796875,,,,12.4,2.0,,False,1.4201464653015137,39.3682861328125,0.2215576171875,2.92724609375,5.723617999999999,5.214342,10.93796,13.212121212121213,,,,,,,1.1985888481140137,36.4410400390625,37.031339,23.272096,60.30343500000001,30.403286411685443,2.92724609375,,36.4410400390625,13.212121212121213,,30.403286411685443
single,alpine,serverless-base,blafs,file-removal,15,oneshot,True,,True,True,True,True,recorded,True,True,5.11328125,,,,13.0,1.1,,False,1.4601199626922607,40.661376953125,0.251971960067749,4.99395751953125,4.805956999999999,3.5986839999999995,8.404640999999998,19.819497051134174,,,,,,,1.2081480026245117,35.66741943359375,35.575288,22.59058,58.165868,29.522392418902225,4.99395751953125,,35.66741943359375,19.819497051134174,,29.522392418902225
single,alpine,serverless-base,blafs,file-removal,16,oneshot,True,,True,True,True,True,recorded,True,True,4.8671875,,,,12.7,1.8,,False,1.4566516876220703,41.29925537109375,0.2496654987335205,2.449951171875,4.832629000000001,3.570364,8.402993,9.81293444349692,,,,,,,1.2069861888885498,38.84930419921875,36.202056000000006,22.663821000000002,58.86587700000001,32.18703292288127,2.449951171875,,38.84930419921875,9.81293444349692,,32.18703292288127
single,alpine,serverless-base,blafs,file-removal,17,oneshot,True,,True,True,True,True,recorded,True,True,5.1953125,,,,12.7,1.6,,False,1.4453964233398438,41.14044189453125,0.24867558479309082,4.72503662109375,4.607958999999999,3.9791769999999995,8.587136,19.000806311665823,,,,,,,1.196720838546753,36.4154052734375,36.330473,22.733462000000003,59.063935,30.429323281157888,4.72503662109375,,36.4154052734375,19.000806311665823,,30.429323281157888
single,alpine,serverless-base,blafs,file-removal,18,oneshot,True,,True,True,True,True,recorded,True,True,4.99609375,,,,12.8,0.9,,False,1.4846646785736084,41.4625244140625,0.24178743362426758,5.69903564453125,5.566820000000001,4.520618000000001,10.087438000000002,23.570437715085838,,,,,,,1.2428772449493408,35.76348876953125,35.62149,22.428103999999998,58.049594,28.774755443357527,5.69903564453125,,35.76348876953125,23.570437715085838,,28.774755443357527
single,alpine,serverless-base,blafs,file-removal,19,oneshot,True,,True,True,True,True,recorded,True,True,5.6171875,,,,12.9,1.2,,False,1.4660165309906006,41.21954345703125,0.24845075607299805,5.14178466796875,4.936083999999999,3.614309,8.550393,20.69538748538977,,,,,,,1.2175657749176025,36.0777587890625,35.987457,22.501286,58.488743,29.63105528447038,5.14178466796875,,36.0777587890625,20.69538748538977,,29.63105528447038
single,alpine,serverless-base,blafs,file-removal,2,oneshot,True,,True,True,True,True,recorded,True,True,4.66796875,,,,12.4,2.6,,False,1.4482295513153076,40.240831859375,0.23968887329101562,2.37200927734375,4.9442010000000005,4.338551000000001,9.282752000000002,9.896201040854328,,,,,,,1.208540678024292,35.296630859375,35.944061000000005,22.50745,58.451511,29.205993229021892,4.9442010000000005,,35.296630859375,20.627578293953817,,29.205993229021892
single,alpine,serverless-base,blafs,file-removal,3,oneshot,True,,True,True,True,True,recorded,True,True,5.70703125,,,,12.3,3.6,,False,1.3745408058166504,42.04960975,0.21585679054260254,2.24652099609375,4.866016,4.4408460000000005,9.306862,10.407460383556318,,,,,,,1.1586840152740479,37.18359375,33.946996,22.504886999999997,56.451882999999995,32.091228721408974,4.866016,,37.18359375,22.542797878946597,,32.091228721408974
single,alpine,serverless-base,blafs,file-removal,4,oneshot,True,,True,True,True,True,recorded,True,True,,,,,12.8,1.1,,False,1.4798986911773682,40.300537109375,0.24582552909851074,5.1763916015625,4.932605000000001,3.736258,8.668863,21.057176691718386,,,,,,,1.2340731620788574,35.1241455078125,35.0217,22.880983999999998,57.902684,28.461963672108496,5.1763916015625,,35.1241455078125,21.057176691718386,,28.461963672108496
single,alpine,serverless-base,blafs,file-removal,5,oneshot,True,,True,True,True,True,recorded,True,True,4.765625,,,,13.0,1.9,,False,1.4142088890075684,40.991015765625,0.24198365211486816,2.47186279296875,4.996631,3.8548489999999997,8.851479999999999,10.214999118185768,,,,,,,1.1722252368927002,35.994384765625,36.540068,23.257326,59.797394,30.706031258154656,4.996631,,35.994384765625,20.648630419166206,,30.706031258154656
single,alpine,serverless-base,blafs,file-removal,6,oneshot,True,,True,True,True,True,recorded,True,True,5.13671875,,,,14.0,1.1,,False,1.4789581298828125,40.15771484375,0.24616050720214844,5.08416748046875,4.901233,3.606864,8.508097,20.653871485134704,,,,,,,1.232797622680664,35.07354736328125,35.049898,22.398319,57.448217,28.45036907762311,5.08416748046875,,35.07354736328125,20.653871485134704,,28.45036907762311
single,alpine,serverless-base,blafs,file-removal,7,oneshot,True,,True,True,True,True,recorded,True,True,5.31640625,,,,13.1,1.0,,False,1.4297528266906738,41.591796875,0.2396235466003418,5.20654296875,5.032274,3.655631,8.687905,21.728010634254478,,,,,,,1.190129280090332,36.38525390625,36.552519,23.12134,59.67385899999999,30.57252225866447,5.20654296875,,36.38525390625,21.728010634254478,,30.57252225866447
single,alpine,serverless-base,blafs,file-removal,8,oneshot,True,,True,True,True,True,recorded,True,True,4.7890625,,,,13.2,1.9,,False,1.4642484188079834,40.520263671875,0.2365245819091797,2.58819580078125,4.989122999999999,3.678702,8.667824999999999,10.942608078576209,,,,,,,1.2277238368988037,37.93206787109375,35.353853,22.73804,58.091893,30.89625429682061,2.58819580078125,,37.93206787109375,10.942608078576209,,30.89625429682061
single,alpine,serverless-base,blafs,file-removal,9,oneshot,True,,True,True,True,True,recorded,True,True,5.1328125,,,,12.7,1.3,,False,1.466886281967163,41.82366943359375,0.23610782623291016,5.6829833984375,5.404832000000001,4.827685,10.232517000000001,24.069441022388993,,,,,,,1.230778455734253,36.14068603515625,36.087188000000005,23.189638000000002,59.27682600000001,29.36408731138829,5.6829833984375,,36.14068603515625,24.069441022388993,,29.36408731138829
single,alpine,serverless-base,confine,syscall-restriction,0,oneshot,False,RuntimeError: no COLD/STEADY markers,,,,,none,False,False,,,,,,,,False,,,,,,,,,,,,,,,,,,,,,,,,,,
single,alpine,serverless-base,confine,syscall-restriction,1,oneshot,False,RuntimeError: no COLD/STEADY markers,,,,,none,False,False,,,,,,,,False,,,,,,,,,,,,,,,,,,,,,,,,,,
single,alpine,serverless-base,confine,syscall-restriction,10,oneshot,False,RuntimeError: no COLD/STEADY markers,,,,,none,False,False,,,,,,,,False,,,,,,,,,,,,,,,,,,,,,,,,,,
single,alpine,serverless-base,confine,syscall-restriction,11,oneshot,False,RuntimeError: no COLD/STEADY markers,,,,,none,False,False,,,,,,,,False,,,,,,,,,,,,,,,,,,,,,,,,,,
single,alpine,serverless-base,confine,syscall-restriction,12,oneshot,False,RuntimeError: no COLD/STEADY markers,,,,,none,False,False,,,,,,,,False,,,,,,,,,,,,,,,,,,,,,,,,,,
single,alpine,serverless-base,confine,syscall-restriction,13,oneshot,False,"DockerError: docker run failed for campaign/alpine:baseline: Command '['/usr/bin/docker', 'run', '-d', '--cpus=8.0', '--memory=32768m', '--cpuset-cpus=0-7', '--security-opt', 'seccomp=/home/syd335/ArshiaThesis/replication/debloat/confine_profiles/alpine.gl1.seccomp.json', '--cpuset-mems', '0', '-v',",,,,,none,False,False,,,,,,,,False,,,,,,,,,,,,,,,,,,,,,,,,,,
single,alpine,serverless-base,confine,syscall-restriction,14,oneshot,False,"DockerError: docker run failed for campaign/alpine:baseline: Command '['/usr/bin/docker', 'run', '-d', '--cpus=8.0', '--memory=32768m', '--cpuset-cpus=0-7', '--security-opt', 'seccomp=/home/syd335/ArshiaThesis/replication/debloat/confine_profiles/alpine.gl1.seccomp.json', '--cpuset-mems', '0', '-v',",,,,,none,False,False,,,,,,,,False,,,,,,,,,,,,,,,,,,,,,,,,,,
single,alpine,serverless-base,confine,syscall-restriction,15,oneshot,False,RuntimeError: no COLD/STEADY markers,,,,,none,False,False,,,,,,,,False,,,,,,,,,,,,,,,,,,,,,,,,,,
single,alpine,serverless-base,confine,syscall-restriction,16,oneshot,False,RuntimeError: no COLD/STEADY markers,,,,,none,False,False,,,,,,,,False,,,,,,,,,,,,,,,,,,,,,,,,,,
single,alpine,serverless-base,confine,syscall-restriction,17,oneshot,False,"DockerError: docker run failed for campaign/alpine:baseline: Command '['/usr/bin/docker', 'run', '-d', '--cpus=8.0', '--memory=32768m', '--cpuset-cpus=0-7', '--security-opt', 'seccomp=/home/syd335/ArshiaThesis/replication/debloat/confine_profiles/alpine.gl1.seccomp.json', '--cpuset-mems', '0', '-v',",,,,,none,False,False,,,,,,,,False,,,,,,,,,,,,,,,,,,,,,,,,,,
single,alpine,serverless-base,confine,syscall-restriction,18,oneshot,False,"DockerError: docker run failed for campaign/alpine:baseline: Command '['/usr/bin/docker', 'run', '-d', '--cpus=8.0', '--memory=32768m', '--cpuset-cpus=0-7', '--security-opt', 'seccomp=/home/syd335/ArshiaThesis/replication/debloat/confine_profiles/alpine.gl1.seccomp.json', '--cpuset-mems', '0', '-v',",,,,,none,False,False,,,,,,,,False,,,,,,,,,,,,,,,,,,,,,,,,,,
single,alpine,serverless-base,confine,syscall-restriction,19,oneshot,False,RuntimeError: no COLD/STEADY markers,,,,,none,False,False,,,,,,,,False,,,,,,,,,,,,,,,,,,,,,,,,,,
single,alpine,serverless-base,confine,syscall-restriction,2,oneshot,False,"DockerError: docker run failed for campaign/alpine:baseline: Command '['/usr/bin/docker', 'run', '-d', '--cpus=8.0', '--memory=32768m', '--cpuset-cpus=0-7', '--security-opt', 'seccomp=/home/syd335/ArshiaThesis/replication/debloat/confine_profiles/alpine.gl1.seccomp.json', '--cpuset-mems', '0', '-v',",,,,,none,False,False,,,,,,,,False,,,,,,,,,,,,,,,,,,,,,,,,,,
single,alpine,serverless-base,confine,syscall-restriction,3,oneshot,False,"DockerError: docker run failed for campaign/alpine:baseline: Command '['/usr/bin/docker', 'run', '-d', '--cpus=8.0', '--memory=32768m', '--cpuset-cpus=0-7', '--security-opt', 'seccomp=/home/syd335/ArshiaThesis/replication/debloat/confine_profiles/alpine.gl1.seccomp.json', '--cpuset-mems', '0', '-v',",,,,,none,False,False,,,,,,,,False,,,,,,,,,,,,,,,,,,,,,,,,,,
single,alpine,serverless-base,confine,syscall-restriction,4,oneshot,False,RuntimeError: no COLD/STEADY markers,,,,,none,False,False,,,,,,,,False,,,,,,,,,,,,,,,,,,,,,,,,,,
single,alpine,serverless-base,confine,syscall-restriction,5,oneshot,False,"DockerError: docker run failed for campaign/alpine:baseline: Command '['/usr/bin/docker', 'run', '-d', '--cpus=8.0', '--memory=32768m', '--cpuset-cpus=0-7', '--security-opt', 'seccomp=/home/syd335/ArshiaThesis/replication/debloat/confine_profiles/alpine.gl1.seccomp.json', '--cpuset-mems', '0', '-v',",,,,,none,False,False,,,,,,,,False,,,,,,,,,,,,,,,,,,,,,,,,,,
single,alpine,serverless-base,confine,syscall-restriction,6,oneshot,False,RuntimeError: no COLD/STEADY markers,,,,,none,False,False,,,,,,,,False,,,,,,,,,,,,,,,,,,,,,,,,,,
single,alpine,serverless-base,confine,syscall-restriction,7,oneshot,False,RuntimeError: no COLD/STEADY markers,,,,,none,False,False,,,,,,,,False,,,,,,,,,,,,,,,,,,,,,,,,,,
single,alpine,serverless-base,confine,syscall-restriction,8,oneshot,False,RuntimeError: no COLD/STEADY markers,,,,,none,False,False,,,,,,,,False,,,,,,,,,,,,,,,,,,,,,,,,,,
single,alpine,serverless-base,confine,syscall-restriction,9,oneshot,False,"DockerError: docker run failed for campaign/alpine:baseline: Command '['/usr/bin/docker', 'run', '-d', '--cpus=8.0', '--memory=32768m', '--cpuset-cpus=0-7', '--security-opt', 'seccomp=/home/syd335/ArshiaThesis/replication/debloat/confine_profiles/alpine.gl1.seccomp.json', '--cpuset-mems', '0', '-v',",,,,,none,False,False,,,,,,,,False,,,,,,,,,,,,,,,,,,,,,,,,,,
single,alpine,serverless-base,slim,file-removal,0,oneshot,True,,True,True,True,True,recorded,True,True,,,,,12.9,1.6,,False,1.4387645721435547,44.627976046875,0.22663283348083496,2.89154052734375,5.851852999999999,4.740467000000001,10.59232,12.758700859592222,,,,,,,1.2121317386627197,38.776123046875,36.092864000000006,22.763003000000005,58.85586700000001,31.990023699614223,5.851852999999999,,38.776123046875,25.820852654586155,,31.990023699614223
single,alpine,serverless-base,slim,file-removal,1,oneshot,True,,True,True,True,True,recorded,True,True,4.9921875,,,,14.1,1.5,,False,1.4500441551208496,41.77203369140625,0.2489783763885498,5.02996826171875,4.849597000000001,3.554556,8.404153,20.20243016553815,,,,,,,1.2010657787322998,36.7420654296875,36.667446999999996,22.884462999999997,59.55190999999999,30.591218299856976,5.02996826171875,,36.7420654296875,20.20243016553815,,30.591218299856976
single,alpine,serverless-base,slim,file-removal,10,oneshot,True,,True,True,True,True,recorded,True,True,4.87890625,,,,12.9,1.4,,False,1.484847068786621,41.421142578125,0.268047571182251,5.4359130859375,5.419969,4.323841,9.74381,20.27965805458283,,,,,,,1.2167994976043701,35.9852294921875,35.986297,23.248537,59.234834,29.573672213898078,5.4359130859375,,35.9852294921875,20.27965805458283,,29.573672213898078
single,alpine,serverless-base,slim,file-removal,11,oneshot,True,,,,True,True,posthoc,True,True,5.39453125,,,,12.9,1.5,,False,1.4878783226013184,40.6983642578125,0.24789047241210938,5.146728515625,4.986804,4.313771,9.300575,20.762107012603295,,,,,,,1.239987850189209,35.5516357421875,35.456452,22.260746,57.717197999999996,28.670954910374885,5.146728515625,,35.5516357421875,20.762107012603295,,28.670954910374885
single,alpine,serverless-base,slim,file-removal,12,oneshot,True,,True,True,True,True,recorded,True,True,5.69921875,,,,12.8,1.1,,False,1.4565229415893555,41.05853271484375,0.24228453636169434,4.84930419921875,4.664905,3.9005030000000005,8.565408000000001,20.014914166785573,,,,,,,1.2142384052276611,36.209228515625,36.104644,22.666262,58.770906,29.820526479588683,4.84930419921875,,36.209228515625,20.014914166785573,,29.820526479588683
single,alpine,serverless-base,slim,file-removal,13,oneshot,True,,True,True,True,True,recorded,True,True,5.03515625,,,,12.9,1.1,,False,1.51096510887146,39.69036865234375,0.24393677711486816,5.09521484375,4.870837,3.5241,8.394936999999999,20.88744019664857,,,,,,,1.2670283317565918,34.59515380859375,37.726893000000004,23.947815000000006,61.67470800000001,27.30416750873398,5.09521484375,,34.59515380859375,20.88744019664857,,27.30416750873398
single,alpine,serverless-base,slim,file-removal,14,oneshot,True,,True,True,True,True,recorded,True,True,5.234375,,,,12.9,1.1,,False,1.428718090057373,39.50567626953125,0.2422950267791748,5.8623046875,5.642564000000001,4.421131000000001,10.063695000000003,24.19490307096911,,,,,,,1.1864230632781982,33.64337158203125,36.941617,23.098695999999997,60.040313,28.3569770542655,5.8623046875,,33.64337158203125,24.19490307096911,,28.3569770542655
single,alpine,serverless-base,slim,file-removal,15,oneshot,True,,True,True,True,True,recorded,True,True,4.6875,,,,12.8,1.1,,False,1.4396474361419678,41.44268798828125,0.24509882926940918,5.16290283203125,4.9902820000000006,3.584769,8.575051,21.064575654730117,,,,,,,1.1945486068725586,36.27978515625,36.205168,22.73981,58.944978,30.371125082330398,5.16290283203125,,36.27978515625,21.064575654730117,,30.371125082330398
single,alpine,serverless-base,slim,file-removal,16,oneshot,True,,True,True,True,True,recorded,True,True,4.6640625,,,,12.9,1.4,,False,1.4297747611999512,37.60980224609375,0.24567580223083496,5.04840087890625,4.843249999999999,3.4978550000000004,8.341104999999999,20.549035896350972,,,,,,,1.1840989589691162,32.5614013671875,35.776947,22.414127,58.191074,27.49888522453871,5.04840087890625,,32.5614013671875,20.549035896350972,,27.49888522453871
single,alpine,serverless-base,slim,file-removal,17,oneshot,True,,True,True,True,True,recorded,True,True,5.65234375,,,,12.6,1.5,,False,1.4597935676574707,41.39569091796875,0.24149203300476074,5.46136474609375,5.316454,4.806995000000001,10.123449,22.615092838222473,,,,,,,1.21830153465271,35.934326171875,35.724823,22.546451000000005,58.271274000000005,29.495428799667785,5.46136474609375,,35.934326171875,22.615092838222473,,29.495428799667785
single,alpine,serverless-base,slim,file-removal,18,oneshot,True,,True,True,True,True,recorded,True,True,5.09765625,,,,14.0,1.4,,False,1.4103238582611084,38.5396728515625,0.2407369613647461,5.15325927734375,4.965564,3.640799,8.606363,21.406182283475484,,,,,,,1.1695868968963623,33.38641357421875,36.571866,23.293702999999997,59.865568999999994,28.545475041498467,5.15325927734375,,33.38641357421875,21.406182283475484,,28.545475041498467
single,alpine,serverless-base,slim,file-removal,19,oneshot,True,,True,True,True,True,recorded,True,True,,,,,13.2,1.1,,False,1.4333157539367676,38.28076171875,0.2557094097137451,5.16204833984375,4.931201,3.6498929999999996,8.581094,20.18716614935064,,,,,,,1.1776063442230225,33.11871337890625,36.301116,22.773379,59.074495,28.1237559065273,5.16204833984375,,33.11871337890625,20.18716614935064,,28.1237559065273
single,alpine,serverless-base,slim,file-removal,2,oneshot,True,,True,True,True,True,recorded,True,True,5.29296875,,,,12.9,0.9,,False,1.4673726558685303,41.469482421875,0.23398971557617188,5.6881103515625,5.567612,4.592517,10.160129,24.30923229918975,,,,,,,1.2333829402923584,35.7813720703125,35.680451000000005,22.645266,58.325717000000004,29.01075643370822,5.6881103515625,,35.7813720703125,24.30923229918975,,29.01075643370822
single,alpine,serverless-base,slim,file-removal,3,oneshot,True,,True,True,True,True,recorded,True,True,5.18359375,,,,12.9,1.8,,False,1.4496746063232422,38.43572998046875,0.23984456062316895,2.45068359375,4.886218,3.604849,8.491067000000001,10.217799342134692,,,,,,,1.2098300457000732,35.98504638671875,36.517301,22.864200000000004,59.38150100000001,29.74388552724019,2.45068359375,,35.98504638671875,10.217799342134692,,29.74388552724019
single,alpine,serverless-base,slim,file-removal,4,oneshot,True,,True,True,True,True,recorded,True,True,5.55859375,,,,12.8,1.5,,False,1.4594354629516602,40.82012939453125,0.2727940082550049,4.9822998046875,4.814989999999999,3.6255400000000004,8.440529999999999,18.263963481302348,,,,,,,1.1866414546966553,35.83782958984375,35.736237,23.189211,58.925448,30.201059846678863,4.9822998046875,,35.83782958984375,18.263963481302348,,30.201059846678863
single,alpine,serverless-base,slim,file-removal,5,oneshot,True,,True,True,True,True,recorded,True,True,5.0859375,,,,13.0,2.8,,False,1.584230899810791,42.6864013671875,0.32500219345092773,5.2335205078125,7.395366,6.224959999999999,13.620325999999999,16.103031343395262,,,,,,,1.2592287063598633,37.452880859375,34.951571,22.094853,57.046424,29.742715259122825,5.2335205078125,,37.452880859375,16.103031343395262,,29.742715259122825
single,alpine,serverless-base,slim,file-removal,6,oneshot,True,,True,True,True,True,recorded,True,True,5.92578125,,,,12.9,1.4,,False,1.4278151988983154,38.996826171875,0.23445343971252441,5.23651123046875,5.063097000000001,3.85021,8.913307000000001,22.33497293487999,,,,,,,1.193361759185791,33.76031494140625,37.118192,23.499146,60.617338000000004,28.29009282519686,5.23651123046875,,33.76031494140625,22.33497293487999,,28.29009282519686
single,alpine,serverless-base,slim,file-removal,7,oneshot,True,,True,True,True,True,recorded,True,True,,,,,13.0,2.4,,False,1.4105451107025146,38.76434326171875,0.2271580696105957,2.56231689453125,5.0572989999999995,4.157337999999999,9.214637,11.279884966990984,,,,,,,1.183387041091919,36.2020263671875,36.696195,23.296083,59.992278,30.591873250347287,2.56231689453125,,36.2020263671875,11.279884966990984,,30.591873250347287
single,alpine,serverless-base,slim,file-removal,8,oneshot,True,,True,True,True,True,recorded,True,True,4.4453125,,,,12.7,1.6,,False,1.4807567596435547,40.72613525390625,0.24739956855773926,4.79864501953125,4.602222,3.840017,8.442239,19.396335440299364,,,,,,,1.2333571910858154,35.927490234375,35.779205,22.692447,58.471652,29.129833996220817,4.79864501953125,,35.927490234375,19.396335440299364,,29.129833996220817
single,alpine,serverless-base,slim,file-removal,9,oneshot,True,,True,True,True,True,recorded,True,True,5.50390625,,,,12.4,1.4,,False,1.4272711277008057,37.82269287109375,0.2571134567260742,4.75018310546875,4.597034,3.661673,8.258707,18.475046642656054,,,,,,,1.1701576709747314,33.072509765625,36.31729,22.914431,59.231721,28.26329355947039,4.75018310546875,,33.072509765625,18.475046642656054,,28.26329355947039
single,busybox,serverless-base,baseline,control,0,oneshot,True,,True,True,True,True,recorded,True,True,5.6171875,,,,14.2,2.1,,False,1.3585307598114014,38.0262451171875,0.25070643424987793,5.0374755859375,4.8877440000000005,4.2213639999999995,9.109107999999999,20.093124458531733,,,,,,,1.1078243255615234,32.98876953125,32.942237,20.957648,53.899885,29.77797902616822,5.0374755859375,,32.98876953125,20.093124458531733,,29.77797902616822
single,busybox,serverless-base,baseline,control,1,oneshot,True,,True,True,True,True,recorded,True,True,5.5078125,,,,12.9,1.1,,False,1.308410406112671,34.80126953125,0.23846006393432617,5.0880126953125,4.842334,3.4962679999999997,8.338602,21.33695936906978,,,,,,,1.0699503421783447,29.7132568359375,32.793068,20.495675,53.288743,27.770687726912044,5.0880126953125,,29.7132568359375,21.33695936906978,,27.770687726912044
single,busybox,serverless-base,baseline,control,10,oneshot,True,,True,True,True,True,recorded,True,True,4.76171875,,,,13.0,1.5,,False,1.2935330867767334,35.38116455078125,0.24586987495422363,5.52392578125,5.258774999999999,4.2347909999999995,9.493565999999998,22.466867005477802,,,,,,,1.0476632118225098,29.85723876953125,29.791976999999996,18.757154999999997,48.54913199999999,28.498890132442224,5.52392578125,,29.85723876953125,22.466867005477802,,28.498890132442224
single,busybox,serverless-base,baseline,control,11,oneshot,True,,True,True,True,True,recorded,True,True,5.36328125,,,,13.2,2.4,,False,1.3146612644195557,35.22552490234375,0.23414254188537598,2.93304443359375,5.57335,4.556750999999999,10.130101,12.526747211233472,,,,,,,1.0805187225341797,32.29248046875,32.767983,20.489205,53.257188,29.886090629705404,2.93304443359375,,32.29248046875,12.526747211233472,,29.886090629705404
single,busybox,serverless-base,baseline,control,12,oneshot,True,,True,True,True,True,recorded,True,True,4.8671875,,,,12.5,1.5,,False,1.377096176147461,33.7999820703125,0.2476212978363037,5.09429931640625,2.5029850000000007,2.0242869999999993,4.527272,20.57294489981215,,,,,,,1.1294748783111572,31.2969970703125,31.233683999999997,19.874399000000004,51.108083,27.70933437413784,2.5029850000000007,,31.2969970703125,10.108116797185442,,27.70933437413784
single,busybox,serverless-base,baseline,control,13,oneshot,True,,True,True,True,True,recorded,True,True,5.04296875,,,,12.5,1.5,,False,1.3053460121154785,34.89044189453125,0.2369840145111084,4.86175537109375,4.707323999999999,3.9933979999999996,8.700721999999999,20.5151194738743,,,,,,,1.0683619976043701,30.0286865234375,29.864853000000004,18.747511000000003,48.61236400000001,28.10722076484562,4.86175537109375,,30.0286865234375,20.5151194738743,,28.10722076484562
single,busybox,serverless-base,baseline,control,14,oneshot,True,,True,True,True,True,recorded,True,True,5.59765625,,,,12.5,1.4,,False,1.298335313796997,35.9322509765625,0.24947857856750488,5.71588134765625,5.510667000000001,4.908495,10.419162,22.91131118541957,,,,,,,1.0488567352294922,30.21636962890625,30.111129,18.846693,48.95782199999999,28.808862653958972,5.71588134765625,,30.21636962890625,22.91131118541957,,28.808862653958972
single,busybox,serverless-base,baseline,control,15,oneshot,True,,True,True,True,True,recorded,True,True,,,,,12.6,1.6,,False,1.3027443885803223,35.7550048828125,0.2378087043762207,5.4959716796875,5.315844,4.82677,10.142614,23.110893665997622,,,,,,,1.0649356842041016,30.259033203125,30.238936,18.785718000000003,49.024654,28.413953679972348,5.4959716796875,,30.259033203125,23.110893665997622,,28.413953679972348
single,busybox,serverless-base,baseline,control,16,oneshot,True,,True,True,True,True,recorded,True,True,5.95703125,,,,12.8,2.2,,False,1.284515380859375,35.4903564453125,0.23494338989257812,2.61181640625,5.213793,4.584705,9.798497999999999,11.116790335936612,,,,,,,1.0495719909667969,32.8785400390625,30.076949,18.880628,48.957577,31.32566448231621,2.61181640625,,32.8785400390625,11.116790335936612,,31.32566448231621
single,busybox,serverless-base,baseline,control,17,oneshot,True,,True,True,True,True,recorded,True,True,5.31640625,,,,13.8,1.6,,False,1.2966334819793701,34.90850830078125,0.22952795028686523,2.59149169921875,5.016406,3.4966340000000002,8.51304,11.290527780951688,,,,,,,1.0671055316925049,32.3170166015625,29.798935,18.598097,48.397031999999996,30.28474283167235,2.59149169921875,,32.3170166015625,11.290527780951688,,30.28474283167235
single,busybox,serverless-base,baseline,control,18,oneshot,True,,True,True,True,True,recorded,True,True,4.8046875,,,,12.9,1.2,,False,1.3642759323120117,36.81829833984375,0.2522556781768799,5.1322021484375,4.909473,3.609183,8.518656,20.345239344181724,,,,,,,1.1120202541351318,31.68609619140625,31.410869,19.996958,51.407827,28.494171822481732,5.1322021484375,,31.68609619140625,20.345239344181724,,28.494171822481732
single,busybox,serverless-base,baseline,control,19,oneshot,True,,True,True,True,True,recorded,True,True,5.16015625,,,,13.6,2.6,,False,1.2877330780029297,35.1368408203125,0.2307279109954834,2.7169189453125,5.324814999999999,3.973318,9.298133,11.775423847033768,,,,,,,1.0570051670074463,32.419921875,29.833174999999997,18.635695,48.468869999999995,30.67148854795675,2.7169189453125,,32.419921875,11.775423847033768,,30.67148854795675
single,busybox,serverless-base,baseline,control,2,oneshot,True,,True,True,True,True,recorded,True,True,5.9375,,,,12.4,1.4,,False,1.3536970615386963,37.1905517578125,0.2573537826538086,4.736083984375,4.513233,3.6868200000000004,8.200053,18.4030090233644,,,,,,,1.0963432788848877,32.4544677734375,32.260293000000004,20.413095,52.673388,29.60246886034416,4.736083984375,,32.4544677734375,18.4030090233644,,29.60246886034416
single,busybox,serverless-base,baseline,control,3,oneshot,True,,True,True,True,True,recorded,True,True,5.4609375,,,,12.8,1.2,,False,1.3364548683166504,33.88543701171875,0.26134276390075684,4.7523193359375,4.533252,3.7560940000000005,8.289346,18.184239215217612,,,,,,,1.0751121044158936,29.13311767578125,32.33201,20.368966,52.700976,27.097748742778055,4.7523193359375,,29.13311767578125,18.184239215217612,,27.097748742778055
single,busybox,serverless-base,baseline,control,4,oneshot,True,,True,True,True,True,recorded,True,True,4.99609375,,,,13.1,1.1,,False,1.300081729888916,35.10198974609375,0.24329590797424316,5.2518310546875,5.143846,3.9107569999999994,9.054603,21.586187365072707,,,,,,,1.0567858219146729,29.85015869140625,29.678024999999998,18.685926000000002,48.363951,28.24617635134815,5.2518310546875,,29.85015869140625,21.586187365072707,,28.24617635134815
single,busybox,serverless-base,baseline,control,5,oneshot,True,,True,True,True,True,recorded,True,True,4.93359375,,,,12.7,1.8,,False,1.3368480205535889,37.92156982421875,0.27466821670532227,4.97882080078125,4.856006,3.567923,8.423929,18.126672465066378,,,,,,,1.0621798038482666,32.9427490234375,32.903785,20.576484999999998,53.48027,31.01428675642886,4.97882080078125,,32.9427490234375,18.126672465066378,,31.01428675642886
single,busybox,serverless-base,baseline,control,6,oneshot,True,,True,True,True,True,recorded,True,True,4.91015625,,,,12.7,1.4,,False,1.3130826950073242,34.89776611328125,0.2635321617126465,5.11981201171875,4.98009,3.9569599999999996,8.93705,19.427655351233202,,,,,,,1.0495505332946777,29.7779541015625,32.85038,20.582955,53.433335,28.372101349027538,5.11981201171875,,29.7779541015625,19.427655351233202,,28.372101349027538
single,busybox,serverless-base,baseline,control,7,oneshot,True,,True,True,True,True,recorded,True,True,,,,,12.2,2.0,,False,1.3703265190124512,38.16986083984375,0.3367502689361572,5.0223388671875,7.188275,5.6042950000000005,12.792570000000001,14.91413468815866,,,,,,,1.033576250076294,33.14752197265625,30.423323,18.969923,49.393246000000005,32.070707865248885,5.0223388671875,,33.14752197265625,14.91413468815866,,32.070707865248885
single,busybox,serverless-base,baseline,control,8,oneshot,True,,True,True,True,True,recorded,True,True,5.64453125,,,,12.4,2.4,,False,1.2994167804718018,36.82818603515625,0.24120664596557617,2.893798828125,5.695481,5.140428999999999,10.835909999999998,11.997177012021421,,,,,,,1.0582101345062256,33.93438720703125,30.980634000000002,19.569163,50.549797,32.06772086232709,2.893798828125,,33.93438720703125,11.997177012021421,,32.06772086232709
single,busybox,serverless-base,baseline,control,9,oneshot,True,,True,True,True,True,recorded,True,True,5.8125,,,,13.1,1.6,,False,1.259507179260254,39.5490567109375,0.22340893745422363,2.9093017578125,5.837752999999999,4.675219,10.512972,13.022315897315497,,,,,,,1.0360982418060303,33.7113037109375,30.834210999999996,19.296948,50.131159,32.53678304884978,5.837752999999999,,33.7113037109375,26.130346737789537,,32.53678304884978
single,busybox,serverless-base,blafs,file-removal,0,oneshot,True,,True,True,True,True,recorded,True,True,5.30078125,,,,12.8,2.7,,False,1.3258254528045654,34.70843505859375,0.23523259162902832,2.7012939453125,5.265063,4.692004,9.957066999999999,11.483502037730188,,,,,,,1.090592861175537,32.00714111328125,32.507607,20.400948,52.908555,29.348386783662907,2.7012939453125,,32.00714111328125,11.483502037730188,,29.348386783662907
single,busybox,serverless-base,blafs,file-removal,1,oneshot,True,,True,True,True,True,recorded,True,True,5.77734375,,,,13.1,1.3,,False,1.2803471088409424,35.27935791015625,0.23645901679992676,5.270263671875,5.172777,3.713919,8.886696,22.288275334978184,,,,,,,1.0438880920410156,30.00909423828125,29.917892000000002,18.583449,48.501341000000004,28.74742462059061,5.270263671875,,30.00909423828125,22.288275334978184,,28.74742462059061
single,busybox,serverless-base,blafs,file-removal,10,oneshot,True,,True,True,True,True,recorded,True,True,5.0390625,,,,12.9,1.6,,False,1.3451142311096191,37.4580078125,0.2668752670288086,4.74822998046875,4.626698,3.7709260000000002,8.397624,17.791944653890273,,,,,,,1.0782389640808105,32.70977783203125,32.631996,20.401681,53.033677,30.33629735307892,4.74822998046875,,32.70977783203125,17.791944653890273,,30.33629735307892
single,busybox,serverless-base,blafs,file-removal,11,oneshot,True,,True,True,True,True,recorded,True,True,5.1640625,,,,14.1,2.2,,False,1.3781037330627441,37.07818603515625,0.25818920135498047,5.92816162109375,5.490038000000001,4.821032000000001,10.31107,22.960532779770325,,,,,,,1.1199145317077637,31.1500244140625,31.064007000000004,19.748851000000002,50.812858000000006,27.814644360906417,5.92816162109375,,31.1500244140625,22.960532779770325,,27.814644360906417
single,busybox,serverless-base,blafs,file-removal,12,oneshot,True,,True,True,True,True,recorded,True,True,4.94140625,,,,13.3,2.0,,False,1.3184013366699219,34.8145751953125,0.25162410736083984,2.4942626953125,4.894458000000001,3.538565,8.433023000000002,9.912653924433478,,,,,,,1.066777229309082,32.3203125,32.882971999999995,20.615243,53.498214999999995,30.29715259382959,2.4942626953125,,32.3203125,9.912653924433478,,30.29715259382959
single,busybox,serverless-base,blafs,file-removal,13,oneshot,True,,True,True,True,True,recorded,True,True,5.02734375,,,,12.8,1.4,,False,1.333388328552246,34.5391845703125,0.24698114395141602,5.0443115234375,4.8138309999999995,3.5276400000000003,8.341471,20.42387302420857,,,,,,,1.08640718460083,29.494873046875,32.745582999999996,20.47706,53.222643,27.1490040428185,5.0443115234375,,29.494873046875,20.42387302420857,,27.1490040428185
single,busybox,serverless-base,blafs,file-removal,14,oneshot,True,,True,True,True,True,recorded,True,True,5.3359375,,,,13.0,1.4,,False,1.31117582321167,35.405517578125,0.24028730392456055,5.2431640625,5.0353259999999995,3.9021500000000002,8.937476,21.820395738203956,,,,,,,1.0708885192871094,30.162353515625,33.391515999999996,20.886665999999998,54.278181999999994,28.165726844941883,5.2431640625,,30.162353515625,21.820395738203956,,28.165726844941883
single,busybox,serverless-base,blafs,file-removal,15,oneshot,True,,True,True,True,True,recorded,True,True,5.5703125,,,,12.6,1.6,,False,1.3900024890899658,36.430908203125,0.272968053817749,4.80218505859375,4.702075999999999,3.9099029999999995,8.611978999999998,17.592480114174812,,,,,,,1.1170344352722168,31.62872314453125,31.371502,19.887583,51.259085,28.314904308946804,4.80218505859375,,31.62872314453125,17.592480114174812,,28.314904308946804
single,busybox,serverless-base,blafs,file-removal,16,oneshot,True,,True,True,True,True,recorded,True,True,5.171875,,,,13.0,1.2,,False,1.3074324131011963,34.51806640625,0.23825812339782715,5.3297119140625,5.127245,3.7803250000000004,8.90757,22.369486664525226,,,,,,,1.0691742897033691,29.1883544921875,29.026904000000002,18.242019,47.268923,27.29990308716224,5.3297119140625,,29.1883544921875,22.369486664525226,,27.29990308716224
single,busybox,serverless-base,blafs,file-removal,17,oneshot,True,,True,True,True,True,recorded,True,True,5.1875,,,,13.0,1.2,,False,1.295727014541626,36.39764404296875,0.23722314834594727,5.87176513671875,5.722458,4.724231,10.446689,24.75207490356648,,,,,,,1.0585038661956787,30.52587890625,30.534346,19.179211,49.713556999999994,28.838703268946663,5.87176513671875,,30.52587890625,24.75207490356648,,28.838703268946663
single,busybox,serverless-base,blafs,file-removal,18,oneshot,True,,True,True,True,True,recorded,True,True,5.28125,,,,13.1,1.9,,False,1.4432239532470703,38.17279052734375,0.3082618713378906,4.516357421875,7.019086000000001,5.641769999999999,12.660855999999999,14.651041344404707,,,,,,,1.1349620819091797,33.65643310546875,31.212260999999998,19.887034,51.099295,29.65423571583421,4.516357421875,,33.65643310546875,14.651041344404707,,29.65423571583421
single,busybox,serverless-base,blafs,file-removal,19,oneshot,True,,True,True,True,True,recorded,True,True,4.8984375,,,,13.1,1.4,,False,1.3108279705047607,34.1033935546875,0.24921941757202148,5.14031982421875,4.972034,3.7623199999999994,8.734354,20.625679468708565,,,,,,,1.0616085529327393,28.96307373046875,32.118082,20.387216,52.505297999999996,27.282253567435017,5.14031982421875,,28.96307373046875,20.625679468708565,,27.282253567435017
single,busybox,serverless-base,blafs,file-removal,2,oneshot,True,,True,True,True,True,recorded,True,True,5.15625,,,,13.2,1.4,,False,1.3351645469665527,38.11358642578125,0.23137450218200684,5.28955078125,5.102526,3.771169,8.873695,22.861424795585577,,,,,,,1.103790044784546,32.82403564453125,32.798622,20.530465,53.329087,29.737571741678764,5.28955078125,,32.82403564453125,22.861424795585577,,29.737571741678764
single,busybox,serverless-base,blafs,file-removal,3,oneshot,True,,True,True,True,True,recorded,True,True,5.109375,,,,13.0,1.5,,False,1.300424337387085,34.88720703125,0.25818324089050293,5.05517578125,4.901720999999999,3.7192890000000003,8.62101,19.579798300672547,,,,,,,1.042241096496582,29.83203125,29.727707,18.584424999999996,48.31213199999999,28.62296579004437,5.05517578125,,29.83203125,19.579798300672547,,28.62296579004437
single,busybox,serverless-base,blafs,file-removal,4,oneshot,True,,True,True,True,True,recorded,True,True,5.26171875,,,,12.9,1.5,,False,1.280245065689087,35.17535400390625,0.2505471706390381,5.16485595703125,5.047533,3.6118069999999998,8.65934,20.614305656926494,,,,,,,1.0296978950500488,30.010498046875,29.964461999999997,18.665296,48.629757999999995,29.14495425419543,5.16485595703125,,30.010498046875,20.614305656926494,,29.14495425419543
single,busybox,serverless-base,blafs,file-removal,5,oneshot,True,,True,True,True,True,recorded,True,True,5.36328125,,,,13.0,1.2,,False,1.2986400127410889,35.83258056640625,0.24445700645446777,5.41204833984375,5.225267,3.83135,9.056617,22.139060026703675,,,,,,,1.054183006286621,30.4205322265625,30.188520999999994,19.052440999999998,49.240961999999996,28.85697459089137,5.41204833984375,,30.4205322265625,22.139060026703675,,28.85697459089137
single,busybox,serverless-base,blafs,file-removal,6,oneshot,True,,True,True,True,True,recorded,True,True,5.3515625,,,,12.6,1.7,,False,1.3541162014007568,37.29986572265625,0.26723480224609375,4.7322998046875,4.605945,3.8412990000000002,8.447244000000001,17.70839637993548,,,,,,,1.086881399154663,32.56756591796875,32.473183999999996,20.445382000000002,52.918566,29.964231555806016,4.7322998046875,,32.56756591796875,17.70839637993548,,29.964231555806016
single,busybox,serverless-base,blafs,file-removal,7,oneshot,True,,True,True,True,True,recorded,True,True,5.09765625,,,,13.1,1.5,,False,1.3329756259918213,37.22747802734375,0.2585458755493164,4.96929931640625,4.871082,3.6138209999999997,8.484903,19.220184061525977,,,,,,,1.0744297504425049,32.2581787109375,32.276163,20.404305,52.680468,30.023534528573823,4.96929931640625,,32.2581787109375,19.220184061525977,,30.023534528573823
single,busybox,serverless-base,blafs,file-removal,8,oneshot,True,,True,True,True,True,recorded,True,True,5.5625,,,,12.6,1.8,,False,1.3177471160888672,34.76763916015625,0.25045013427734375,4.8212890625,4.671375,3.8796899999999996,8.551065,19.250495019343834,,,,,,,1.0672969818115234,29.94635009765625,33.184912,20.78846,53.973372,28.058123097873192,4.8212890625,,29.94635009765625,19.250495019343834,,28.058123097873192
single,busybox,serverless-base,blafs,file-removal,9,oneshot,True,,True,True,True,True,recorded,True,True,5.72265625,,,,13.0,1.6,,False,1.308537483215332,35.09283447265625,0.25334763526916504,4.865478515625,4.682361000000001,3.743399,8.42576,19.204752041422264,,,,,,,1.055189847946167,30.22735595703125,30.215742999999996,18.774061000000003,48.989804,28.646367301453957,4.865478515625,,30.22735595703125,19.204752041422264,,28.646367301453957
single,busybox,serverless-base,confine,syscall-restriction,0,oneshot,True,,True,True,True,True,recorded,True,True,4.83203125,,,,13.2,2.1,,False,1.3071584701538086,34.64837646484375,0.22217369079589844,2.465087890625,2.6482469999999996,1.8421579999999995,4.490404999999999,11.095318630186378,,,,,,,1.0849847793579102,32.18328857421875,29.612473,18.671583000000002,48.28405600000001,29.662433230874168,2.465087890625,,32.18328857421875,11.095318630186378,,29.662433230874168
single,busybox,serverless-base,confine,syscall-restriction,1,oneshot,True,,True,True,True,True,recorded,True,True,4.53125,,,,12.9,1.2,,False,1.2895896434783936,35.18829345703125,0.23386454582214355,5.14288330078125,4.977891999999999,3.649587,8.627479,21.990863483396353,,,,,,,1.05572509765625,30.04541015625,30.040146,18.854505,48.894650999999996,28.45950164768457,5.14288330078125,,30.04541015625,21.990863483396353,,28.45950164768457
single,busybox,serverless-base,confine,syscall-restriction,10,oneshot,True,,True,True,True,True,recorded,True,True,4.58984375,,,,13.0,2.3,,False,1.2644572257995605,37.4454825078125,0.21610331535339355,2.40936279296875,4.977587000000001,3.841359,8.818946,11.149124616754358,,,,,,,1.048353910446167,32.4678955078125,29.949081,18.745192,48.694272999999995,30.970357609478032,4.977587000000001,,32.4678955078125,23.03336712747862,,30.970357609478032
single,busybox,serverless-base,confine,syscall-restriction,11,oneshot,True,,True,True,True,True,recorded,True,True,5.25,,,,12.9,1.3,,False,1.3462069034576416,37.403076171875,0.23044037818908691,5.28839111328125,5.040453,4.336353,9.376806,22.949064546934054,,,,,,,1.1157665252685547,32.11468505859375,32.059915,20.459298,52.51921299999999,28.78262103343174,5.28839111328125,,32.11468505859375,22.949064546934054,,28.78262103343174
single,busybox,serverless-base,confine,syscall-restriction,12,oneshot,True,,True,True,True,True,recorded,True,True,4.78515625,,,,13.3,2.0,,False,1.2671465873718262,37.061694578125,0.2165079116821289,2.3505859375,4.874927,4.084096,8.959022999999998,10.856813126307676,,,,,,,1.0506386756896973,32.186767578125,29.685837,18.479323,48.16516,30.63542997500623,4.874927,,32.186767578125,22.51616101289285,,30.63542997500623
single,busybox,serverless-base,confine,syscall-restriction,13,oneshot,True,,True,True,True,True,recorded,True,True,4.84375,,,,13.1,1.5,,False,1.2625048160552979,35.3970947265625,0.197615385055542,2.922607421875,2.797783,2.2549380000000006,5.052721,14.789371895581757,,,,,,,1.0648894309997559,32.4744873046875,32.391762,20.752328,53.14409,30.495642420076706,2.922607421875,,32.4744873046875,14.789371895581757,,30.495642420076706
single,busybox,serverless-base,confine,syscall-restriction,14,oneshot,True,,True,True,True,True,recorded,True,True,4.73046875,,,,13.0,2.2,,False,1.2599430084228516,38.45390321484375,0.21089839935302734,2.918701171875,5.840682999999999,5.14165,10.982333,13.839370904799157,,,,,,,1.0490446090698242,32.61322021484375,29.930769999999995,19.194898000000002,49.125668,31.088497031371734,5.840682999999999,,32.61322021484375,27.694297433823362,,31.088497031371734
single,busybox,serverless-base,confine,syscall-restriction,15,oneshot,True,,True,True,True,True,recorded,True,True,4.44140625,,,,12.4,2.0,,False,1.436933994293213,35.54656982421875,0.3004305362701416,5.04119873046875,5.202012999999999,4.0723769999999995,9.274389999999999,16.779914562132916,,,,,,,1.1365034580230713,30.50537109375,33.660253,21.353583,55.013836,26.84142391155904,5.04119873046875,,30.50537109375,16.779914562132916,,26.84142391155904
single,busybox,serverless-base,confine,syscall-restriction,16,oneshot,True,,True,True,True,True,recorded,True,True,4.765625,,,,12.8,2.0,,False,1.2864603996276855,38.98619106640625,0.20607328414916992,2.86138916015625,5.817672999999999,5.344346,11.162018999999999,13.885298970074068,,,,,,,1.0803871154785156,33.16851806640625,30.516400999999995,19.160901000000003,49.677302,30.7005864760943,5.817672999999999,,33.16851806640625,28.231087906517615,,30.7005864760943
single,busybox,serverless-base,confine,syscall-restriction,17,oneshot,True,,True,True,True,True,recorded,True,True,4.37109375,,,,13.0,1.3,,False,1.2947185039520264,35.09881591796875,0.23856115341186523,5.19024658203125,5.025988,3.61608,8.642068,21.756461635941708,,,,,,,1.0561573505401611,29.9085693359375,29.756759999999996,18.514601,48.271361,28.318289240368454,5.19024658203125,,29.9085693359375,21.756461635941708,,28.318289240368454
single,busybox,serverless-base,confine,syscall-restriction,18,oneshot,True,,True,True,True,True,recorded,True,True,4.2265625,,,,13.0,1.5,,False,1.3543121814727783,37.61175537109375,0.2873861789703369,5.0692138671875,4.892383000000001,3.655753,8.548136,17.63903151275319,,,,,,,1.0669260025024414,32.54254150390625,32.421121,20.303537000000002,52.724658000000005,30.501216979976814,5.0692138671875,,32.54254150390625,17.63903151275319,,30.501216979976814
single,busybox,serverless-base,confine,syscall-restriction,19,oneshot,True,,True,True,True,True,recorded,True,True,4.38671875,,,,12.7,3.0,,False,1.2850043773651123,35.04327392578125,0.21773552894592285,2.735107421875,5.263597000000001,4.284413,9.548010000000001,12.561603680923822,,,,,,,1.0672688484191895,32.30816650390625,29.66008,18.439406,48.099486,30.271816282992102,2.735107421875,,32.30816650390625,12.561603680923822,,30.271816282992102
single,busybox,serverless-base,confine,syscall-restriction,2,oneshot,True,,True,True,True,True,recorded,True,True,4.50390625,,,,13.4,2.1,,False,1.3852224349975586,39.05986272265625,0.24022603034973145,2.51849365234375,5.056872,3.78356,8.840432,10.483849933652976,,,,,,,1.1449964046478271,34.00299072265625,31.358318000000004,19.756419,51.114737000000005,29.697028378979702,5.056872,,34.00299072265625,21.0504748075718,,29.697028378979702
single,busybox,serverless-base,confine,syscall-restriction,3,oneshot,True,,True,True,True,True,recorded,True,True,4.8359375,,,,12.8,2.4,,False,1.2732086181640625,37.8351308359375,0.21939897537231445,2.5340576171875,5.090624,4.0477810000000005,9.138405,11.54999750061398,,,,,,,1.053809642791748,32.7445068359375,30.150557,18.869946,49.020503,31.07250636764994,5.090624,,32.7445068359375,23.202587848741505,,31.07250636764994
single,busybox,serverless-base,confine,syscall-restriction,4,oneshot,True,,True,True,True,True,recorded,True,True,,,,,12.8,2.3,,False,1.2916243076324463,38.06974892578125,0.20446133613586426,2.80694580078125,5.745225,5.295641,11.040866,13.728491918472246,,,,,,,1.087162971496582,32.32452392578125,29.681199,18.532545,48.213744,29.732914726927742,5.745225,,32.32452392578125,28.09932238818153,,29.732914726927742
single,busybox,serverless-base,confine,syscall-restriction,5,oneshot,True,,True,True,True,True,recorded,True,True,4.546875,,,,13.4,2.0,,False,1.2984049320220947,37.09544550390625,0.22331881523132324,2.47119140625,5.068529,3.7051300000000005,8.773659,11.065755492613704,,,,,,,1.0750861167907715,32.02691650390625,29.508775,18.469435,47.978210000000004,29.7900940247554,5.068529,,32.02691650390625,22.696381380806624,,29.7900940247554
single,busybox,serverless-base,confine,syscall-restriction,6,oneshot,True,,True,True,True,True,recorded,True,True,,,,,12.7,2.4,,False,1.278477430343628,37.821582015625,0.21254539489746094,2.45623779296875,5.010791,3.918752,8.929543,11.556297393099117,,,,,,,1.065932035446167,32.810791015625,30.120650000000005,18.793165,48.913815,30.781316185784203,5.010791,,32.810791015625,23.575156744362186,,30.781316185784203
single,busybox,serverless-base,confine,syscall-restriction,7,oneshot,True,,True,True,True,True,recorded,True,True,4.04296875,,,,13.3,2.2,,False,1.281768560409546,37.25279483984375,0.21179986000061035,2.50927734375,5.020434000000001,3.7454739999999997,8.765908,11.847398500370911,,,,,,,1.0699687004089355,32.23236083984375,29.554978000000002,18.850843,48.405821,30.124582922402062,5.020434000000001,,32.23236083984375,23.703670059014833,,30.124582922402062
single,busybox,serverless-base,confine,syscall-restriction,8,oneshot,True,,True,True,True,True,recorded,True,True,4.66015625,,,,12.8,1.9,,False,1.3348414897918701,40.4547586328125,0.2108631134033203,2.701904296875,5.60991,5.152880000000001,10.76279,12.813546443787143,,,,,,,1.1239783763885498,34.8448486328125,32.195046999999995,20.614570999999998,52.80961799999999,31.001351418140565,5.60991,,34.8448486328125,26.604510904995795,,31.001351418140565
single,busybox,serverless-base,confine,syscall-restriction,9,oneshot,True,,True,True,True,True,recorded,True,True,4.28125,,,,13.0,2.2,,False,1.2829961776733398,37.404406890625,0.22787213325500488,2.421630859375,4.939319,3.763723,8.703042,10.62714788677133,,,,,,,1.055124044418335,32.465087890625,29.828292000000005,18.569532000000002,48.39782400000001,30.76897741300383,4.939319,,32.465087890625,21.675836046492602,,30.76897741300383
single,busybox,serverless-base,slim,file-removal,0,oneshot,False,RuntimeError: no COLD/STEADY markers,,,,,none,False,False,,,,,,,,False,,,,,,,,,,,,,,,,,,,,,,,,,,
single,busybox,serverless-base,slim,file-removal,1,oneshot,False,RuntimeError: no COLD/STEADY markers,,,,,none,False,False,,,,,,,,False,,,,,,,,,,,,,,,,,,,,,,,,,,
single,busybox,serverless-base,slim,file-removal,10,oneshot,False,RuntimeError: no COLD/STEADY markers,,,,,none,False,False,,,,,,,,False,,,,,,,,,,,,,,,,,,,,,,,,,,
single,busybox,serverless-base,slim,file-removal,11,oneshot,False,RuntimeError: no COLD/STEADY markers,,,,,none,False,False,,,,,,,,False,,,,,,,,,,,,,,,,,,,,,,,,,,
single,busybox,serverless-base,slim,file-removal,12,oneshot,False,RuntimeError: no COLD/STEADY markers,,,,,none,False,False,,,,,,,,False,,,,,,,,,,,,,,,,,,,,,,,,,,
single,busybox,serverless-base,slim,file-removal,13,oneshot,False,RuntimeError: no COLD/STEADY markers,,,,,none,False,False,,,,,,,,False,,,,,,,,,,,,,,,,,,,,,,,,,,
single,busybox,serverless-base,slim,file-removal,14,oneshot,False,RuntimeError: no COLD/STEADY markers,,,,,none,False,False,,,,,,,,False,,,,,,,,,,,,,,,,,,,,,,,,,,
single,busybox,serverless-base,slim,file-removal,15,oneshot,False,RuntimeError: no COLD/STEADY markers,,,,,none,False,False,,,,,,,,False,,,,,,,,,,,,,,,,,,,,,,,,,,
single,busybox,serverless-base,slim,file-removal,16,oneshot,False,RuntimeError: no COLD/STEADY markers,,,,,none,False,False,,,,,,,,False,,,,,,,,,,,,,,,,,,,,,,,,,,
single,busybox,serverless-base,slim,file-removal,17,oneshot,False,RuntimeError: no COLD/STEADY markers,,,,,none,False,False,,,,,,,,False,,,,,,,,,,,,,,,,,,,,,,,,,,
single,busybox,serverless-base,slim,file-removal,18,oneshot,False,RuntimeError: no COLD/STEADY markers,,,,,none,False,False,,,,,,,,False,,,,,,,,,,,,,,,,,,,,,,,,,,
single,busybox,serverless-base,slim,file-removal,19,oneshot,False,RuntimeError: no COLD/STEADY markers,,,,,none,False,False,,,,,,,,False,,,,,,,,,,,,,,,,,,,,,,,,,,
single,busybox,serverless-base,slim,file-removal,2,oneshot,False,RuntimeError: no COLD/STEADY markers,,,,,none,False,False,,,,,,,,False,,,,,,,,,,,,,,,,,,,,,,,,,,
single,busybox,serverless-base,slim,file-removal,3,oneshot,False,RuntimeError: no COLD/STEADY markers,,,,,none,False,False,,,,,,,,False,,,,,,,,,,,,,,,,,,,,,,,,,,
single,busybox,serverless-base,slim,file-removal,4,oneshot,False,RuntimeError: no COLD/STEADY markers,,,,,none,False,False,,,,,,,,False,,,,,,,,,,,,,,,,,,,,,,,,,,
single,busybox,serverless-base,slim,file-removal,5,oneshot,False,RuntimeError: no COLD/STEADY markers,,,,,none,False,False,,,,,,,,False,,,,,,,,,,,,,,,,,,,,,,,,,,
single,busybox,serverless-base,slim,file-removal,6,oneshot,False,RuntimeError: no COLD/STEADY markers,,,,,none,False,False,,,,,,,,False,,,,,,,,,,,,,,,,,,,,,,,,,,
single,busybox,serverless-base,slim,file-removal,7,oneshot,False,RuntimeError: no COLD/STEADY markers,,,,,none,False,False,,,,,,,,False,,,,,,,,,,,,,,,,,,,,,,,,,,
single,busybox,serverless-base,slim,file-removal,8,oneshot,False,RuntimeError: no COLD/STEADY markers,,,,,none,False,False,,,,,,,,False,,,,,,,,,,,,,,,,,,,,,,,,,,
single,busybox,serverless-base,slim,file-removal,9,oneshot,False,RuntimeError: no COLD/STEADY markers,,,,,none,False,False,,,,,,,,False,,,,,,,,,,,,,,,,,,,,,,,,,,
single,cassandra,data-intensive,baseline,control,0,cassandra,True,,True,True,True,True,recorded,True,True,32768.0,,,,16.4,0.9,,False,101.95215673791245,2539.3734741210938,70.85791124636307,1574.3778076171875,1573.1191419999998,865.638836,2438.7579779999996,22.218800694580107,,,,,,,31.094245491549373,964.9956665039062,967.0349389999999,641.423895,1608.458834,31.03454196263317,1574.3778076171875,,964.9956665039062,22.218800694580107,,31.03454196263317
single,cassandra,data-intensive,baseline,control,1,cassandra,True,,True,True,True,True,recorded,True,True,32768.0,,,,15.8,1.3,,False,100.25238430406898,2396.18408203125,69.42927435506135,1530.1268310546875,1527.981257,859.58453,2387.565787,22.0386406925358,,,,,,,30.82310994900763,866.0572509765625,871.262479,595.282961,1466.5454399999999,28.09765959402957,1530.1268310546875,,866.0572509765625,22.0386406925358,,28.09765959402957
single,cassandra,data-intensive,baseline,control,10,cassandra,True,,True,True,True,True,recorded,True,True,32768.0,,,,16.1,1.2,,False,100.45912316814065,2422.2028198242188,69.4429939687252,1551.5872802734375,1549.8011470000001,867.233254,2417.034401,22.343323517592292,,,,,,,31.016129199415445,870.6155395507812,872.176234,590.2174219999999,1462.393656,28.06976763455027,1551.5872802734375,,870.6155395507812,22.343323517592292,,28.06976763455027
single,cassandra,data-intensive,baseline,control,11,cassandra,True,,True,True,True,True,recorded,True,True,32768.0,,,,16.5,1.0,,False,101.61479823710397,2554.7178955078125,70.46199013711885,1578.123046875,1579.8358,873.030052,2452.865852,22.396799236070066,,,,,,,31.152808099985123,976.5948486328125,975.2684380000001,649.848739,1625.117177,31.348533509352528,1578.123046875,,976.5948486328125,22.396799236070066,,31.348533509352528
single,cassandra,data-intensive,baseline,control,12,cassandra,True,,True,True,True,True,recorded,True,True,32768.0,,,,16.0,1.2,,False,101.8784898398444,2560.002197265625,70.77872812794521,1576.0594482421875,1577.766164,876.224441,2453.990605,22.267416919292163,,,,,,,31.09976171189919,983.9427490234375,982.5581529999997,652.7376479999999,1635.2958009999998,31.638272927569332,1576.0594482421875,,983.9427490234375,22.267416919292163,,31.638272927569332
single,cassandra,data-intensive,baseline,control,13,cassandra,True,,True,True,True,True,recorded,True,True,32768.0,,,,15.8,1.1,,False,101.4970956640318,2470.6857299804688,70.34925335319713,1581.3001098632812,1579.355331,897.9684659999999,2477.323797,22.477852066519716,,,,,,,31.147842310834676,889.3856201171875,891.074257,602.5910470000001,1493.665304,28.553683148954995,1581.3001098632812,,889.3856201171875,22.477852066519716,,28.553683148954995
single,cassandra,data-intensive,baseline,control,14,cassandra,True,,True,True,True,True,recorded,True,True,32768.0,,,,16.4,1.0,,False,98.70900124730542,2493.0862426757812,67.34762173704803,1506.60791015625,1508.0409399999999,832.861089,2340.902029,22.37061786737842,,,,,,,31.361379510257393,986.4783325195312,985.1097829999999,662.6770140000001,1647.786797,31.455195782981516,1506.60791015625,,986.4783325195312,22.37061786737842,,31.455195782981516
single,cassandra,data-intensive,baseline,control,15,cassandra,True,,True,True,True,True,recorded,True,True,32768.0,,,,16.1,1.3,,False,99.46679932298139,2415.7418823242188,68.64461606321856,1513.1788940429688,1517.8734949999998,852.483108,2370.3566029999997,22.04366461383366,,,,,,,30.822183259762824,902.56298828125,901.2760130000001,607.8873600000001,1509.1633730000003,29.282902534017158,1513.1788940429688,,902.56298828125,22.04366461383366,,29.282902534017158
single,cassandra,data-intensive,baseline,control,16,cassandra,True,,True,True,True,True,recorded,True,True,32768.0,,,,16.5,1.1,,False,102.40113749913871,2577.353515625,71.141041837167,1578.3775634765625,1576.8762120000001,875.777848,2452.65406,22.186596129548857,,,,,,,31.260095661971718,998.9759521484375,1001.0327149999998,674.4984559999999,1675.5311709999996,31.95690643274978,1578.3775634765625,,998.9759521484375,22.186596129548857,,31.95690643274978
single,cassandra,data-intensive,baseline,control,17,cassandra,True,,True,True,True,True,recorded,True,True,32768.0,,,,16.1,1.2,,False,100.45059642428532,2396.0325927734375,69.81115760328248,1531.43896484375,1532.656477,859.23187,2391.888347,21.93687968256442,,,,,,,30.63943882100284,864.5936279296875,866.3789470000002,584.0521550000001,1450.4311020000002,28.218324525481272,1531.43896484375,,864.5936279296875,21.93687968256442,,28.218324525481272
single,cassandra,data-intensive,baseline,control,18,cassandra,True,,True,True,True,True,recorded,True,True,32768.00390625,,,,16.1,1.1,,False,100.55960727808997,2416.1541748046875,69.81371865235269,1561.6282348632812,1563.333095,883.64941,2446.982505,22.368500991039173,,,,,,,30.74588862573728,854.5259399414062,856.5095870000002,579.7930709999999,1436.302658,27.793177499058704,1561.6282348632812,,854.5259399414062,22.368500991039173,,27.793177499058704
single,cassandra,data-intensive,baseline,control,19,cassandra,True,,True,True,True,True,recorded,True,True,32768.0,,,,16.1,1.0,,False,101.88770226435736,2539.6420288085938,70.89696741709486,1570.5335083007812,1572.231693,866.2314250000001,2438.463118,22.152336912538946,,,,,,,30.9907348472625,969.1085205078125,967.477382,641.7891280000001,1609.2665100000002,31.270911299265837,1570.5335083007812,,969.1085205078125,22.152336912538946,,31.270911299265837
single,cassandra,data-intensive,baseline,control,2,cassandra,True,,True,True,True,True,recorded,True,True,32768.0,,,,16.4,1.0,,False,101.9728237031959,2516.5001831054688,71.21469301078469,1565.7273559570312,1567.682144,872.980309,2440.662453,21.986015662805976,,,,,,,30.758130692411214,950.7728271484375,952.5153229999999,638.298415,1590.8137379999998,30.91126819950136,1565.7273559570312,,950.7728271484375,21.986015662805976,,30.91126819950136
single,cassandra,data-intensive,baseline,control,3,cassandra,True,,True,True,True,True,recorded,True,True,32768.015625,,,,16.1,1.2,,False,100.99467811407521,2469.1945190429688,69.79955654311925,1560.4691162109375,1561.842071,882.7919300000001,2444.6340010000004,22.35643309921238,,,,,,,31.195121570955962,908.7254028320312,907.3684660000001,615.059033,1522.4274990000001,29.13036901507365,1560.4691162109375,,908.7254028320312,22.35643309921238,,29.13036901507365
single,cassandra,data-intensive,baseline,control,4,cassandra,True,,True,True,True,True,recorded,True,True,32768.0,,,,16.3,1.0,,False,102.26222489681095,2567.1174926757812,70.9116138308309,1587.4661254882812,1589.394491,872.361659,2461.75615,22.38654628951744,,,,,,,31.350611065980047,979.6513671875,981.3368429999998,652.4808120000001,1633.8176549999998,31.248238355729008,1587.4661254882812,,979.6513671875,22.38654628951744,,31.248238355729008
single,cassandra,data-intensive,baseline,control,5,cassandra,True,,True,True,True,True,recorded,True,True,32768.0,,,,16.0,1.1,,False,101.14684704318643,2418.3087158203125,69.71645255526528,1527.7412109375,1530.0264180000001,864.2170259999999,2394.243444,21.913639534748796,,,,,,,31.43039448792115,890.5675048828125,889.2195859999999,605.043007,1494.262593,28.334595202903415,1527.7412109375,,890.5675048828125,21.913639534748796,,28.334595202903415
single,cassandra,data-intensive,baseline,control,6,cassandra,True,,True,True,True,True,recorded,True,True,32768.00390625,,,,16.2,1.2,,False,101.60290752118453,2427.003173828125,70.36225976003334,1558.977783203125,1560.501804,879.71839,2440.220194,22.156448478487388,,,,,,,31.240647761151195,868.025390625,866.7278839999999,587.633505,1454.361389,27.785127800852422,1558.977783203125,,868.025390625,22.156448478487388,,27.785127800852422
single,cassandra,data-intensive,baseline,control,7,cassandra,True,,True,True,True,True,recorded,True,True,32768.00390625,,,,16.3,1.1,,False,101.81734659569338,2477.5051879882812,70.36309400107712,1562.7188720703125,1564.372094,875.081317,2439.453411,22.20935412599097,,,,,,,31.454252594616264,914.7863159179688,913.281841,613.91658,1527.198421,29.08307273130198,1562.7188720703125,,914.7863159179688,22.20935412599097,,29.08307273130198
single,cassandra,data-intensive,baseline,control,8,cassandra,True,,True,True,True,True,recorded,True,True,32768.0,,,,15.9,1.1,,False,102.46599688800052,2555.0864868164062,71.79695017402992,1605.6556396484375,1607.3010610000001,888.797163,2496.0982240000003,22.363841858971167,,,,,,,30.6690467139706,949.4308471679688,951.3613339999999,629.259437,1580.6207709999999,30.957298934742457,1605.6556396484375,,949.4308471679688,22.363841858971167,,30.957298934742457
single,cassandra,data-intensive,baseline,control,9,cassandra,True,,True,True,True,True,recorded,True,True,32768.0,,,,16.4,1.0,,False,101.40645091701299,2585.1759033203125,70.35085356188938,1616.1182861328125,1614.519732,889.777385,2504.297117,22.97226265650172,,,,,,,31.05559735512361,969.0576171875,970.6620050000001,642.757876,1613.4198810000003,31.203959985256027,1616.1182861328125,,969.0576171875,22.97226265650172,,31.203959985256027
single,cassandra,data-intensive,blafs,file-removal,0,cassandra,False,image_absent,,,,,none,False,False,,,,,,,,False,,,,,,,,,,,,,,,,,,,,,,,,,,
single,cassandra,data-intensive,blafs,file-removal,1,cassandra,False,image_absent,,,,,none,False,False,,,,,,,,False,,,,,,,,,,,,,,,,,,,,,,,,,,
single,cassandra,data-intensive,blafs,file-removal,10,cassandra,False,image_absent,,,,,none,False,False,,,,,,,,False,,,,,,,,,,,,,,,,,,,,,,,,,,
single,cassandra,data-intensive,blafs,file-removal,11,cassandra,False,image_absent,,,,,none,False,False,,,,,,,,False,,,,,,,,,,,,,,,,,,,,,,,,,,
single,cassandra,data-intensive,blafs,file-removal,12,cassandra,False,image_absent,,,,,none,False,False,,,,,,,,False,,,,,,,,,,,,,,,,,,,,,,,,,,
single,cassandra,data-intensive,blafs,file-removal,13,cassandra,False,image_absent,,,,,none,False,False,,,,,,,,False,,,,,,,,,,,,,,,,,,,,,,,,,,
single,cassandra,data-intensive,blafs,file-removal,14,cassandra,False,image_absent,,,,,none,False,False,,,,,,,,False,,,,,,,,,,,,,,,,,,,,,,,,,,
single,cassandra,data-intensive,blafs,file-removal,15,cassandra,False,image_absent,,,,,none,False,False,,,,,,,,False,,,,,,,,,,,,,,,,,,,,,,,,,,
single,cassandra,data-intensive,blafs,file-removal,16,cassandra,False,image_absent,,,,,none,False,False,,,,,,,,False,,,,,,,,,,,,,,,,,,,,,,,,,,
single,cassandra,data-intensive,blafs,file-removal,17,cassandra,False,image_absent,,,,,none,False,False,,,,,,,,False,,,,,,,,,,,,,,,,,,,,,,,,,,
single,cassandra,data-intensive,blafs,file-removal,18,cassandra,False,image_absent,,,,,none,False,False,,,,,,,,False,,,,,,,,,,,,,,,,,,,,,,,,,,
single,cassandra,data-intensive,blafs,file-removal,19,cassandra,False,image_absent,,,,,none,False,False,,,,,,,,False,,,,,,,,,,,,,,,,,,,,,,,,,,
single,cassandra,data-intensive,blafs,file-removal,2,cassandra,False,image_absent,,,,,none,False,False,,,,,,,,False,,,,,,,,,,,,,,,,,,,,,,,,,,
single,cassandra,data-intensive,blafs,file-removal,3,cassandra,False,image_absent,,,,,none,False,False,,,,,,,,False,,,,,,,,,,,,,,,,,,,,,,,,,,
single,cassandra,data-intensive,blafs,file-removal,4,cassandra,False,image_absent,,,,,none,False,False,,,,,,,,False,,,,,,,,,,,,,,,,,,,,,,,,,,
single,cassandra,data-intensive,blafs,file-removal,5,cassandra,False,image_absent,,,,,none,False,False,,,,,,,,False,,,,,,,,,,,,,,,,,,,,,,,,,,
single,cassandra,data-intensive,blafs,file-removal,6,cassandra,False,image_absent,,,,,none,False,False,,,,,,,,False,,,,,,,,,,,,,,,,,,,,,,,,,,
single,cassandra,data-intensive,blafs,file-removal,7,cassandra,False,image_absent,,,,,none,False,False,,,,,,,,False,,,,,,,,,,,,,,,,,,,,,,,,,,
single,cassandra,data-intensive,blafs,file-removal,8,cassandra,False,image_absent,,,,,none,False,False,,,,,,,,False,,,,,,,,,,,,,,,,,,,,,,,,,,
single,cassandra,data-intensive,blafs,file-removal,9,cassandra,False,image_absent,,,,,none,False,False,,,,,,,,False,,,,,,,,,,,,,,,,,,,,,,,,,,
single,cassandra,data-intensive,confine,syscall-restriction,0,cassandra,True,,True,True,True,True,recorded,True,True,32768.0,,,,16.7,0.9,,False,101.9257078403607,2541.663818359375,70.89010041533038,1573.6371459960938,1575.536983,866.019877,2441.5568599999997,22.198263745945916,,,,,,,31.03560742503032,968.0266723632812,966.4164719999999,638.3711069999999,1604.7875789999998,31.19084022124099,1573.6371459960938,,968.0266723632812,22.198263745945916,,31.19084022124099
single,cassandra,data-intensive,confine,syscall-restriction,1,cassandra,True,,True,True,True,True,recorded,True,True,32768.0,,,,16.1,1.0,,False,101.57222646614537,2525.998291015625,70.84746399801224,1570.393310546875,1568.4514290000002,860.24261,2428.694039,22.165836600600628,,,,,,,30.72476246813312,955.60498046875,960.7119570000002,634.0314579999999,1594.7434150000001,31.102111251791683,1570.393310546875,,955.60498046875,22.165836600600628,,31.102111251791683
single,cassandra,data-intensive,confine,syscall-restriction,10,cassandra,True,,True,True,True,True,recorded,True,True,32768.0,,,,16.4,1.0,,False,102.84041481884196,2594.6381225585938,71.62634014571086,1616.3978271484375,1614.600664,895.889491,2510.490155,22.56708668710656,,,,,,,31.21407467313111,978.2402954101562,980.2861250000003,654.50101,1634.7871350000003,31.339717920653907,1616.3978271484375,,978.2402954101562,22.56708668710656,,31.339717920653907
single,cassandra,data-intensive,confine,syscall-restriction,11,cassandra,True,,True,True,True,True,recorded,True,True,32768.0,,,,16.2,1.0,,False,102.58657291391864,2565.4401245117188,71.69327815528959,1604.2437744140625,1606.635047,888.780683,2495.4157299999997,22.37648794548391,,,,,,,30.893294758629054,961.1963500976562,959.5446629999999,635.280356,1594.8250189999999,31.11342955186665,1604.2437744140625,,961.1963500976562,22.37648794548391,,31.11342955186665
single,cassandra,data-intensive,confine,syscall-restriction,12,cassandra,True,,True,True,True,True,recorded,True,True,32768.0,,,,15.8,1.3,,False,99.93393888091668,2439.2661743164062,68.8770780726336,1529.2076416015625,1530.629016,863.694139,2394.323155,22.201981913183843,,,,,,,31.05686080828309,910.0585327148438,908.3709650000003,615.966685,1524.3376500000004,29.302978763137727,1529.2076416015625,,910.0585327148438,22.201981913183843,,29.302978763137727
single,cassandra,data-intensive,confine,syscall-restriction,13,cassandra,True,,True,True,True,True,recorded,True,True,32768.0,,,,16.5,1.0,,False,101.66737977508456,2542.1715087890625,70.93883863184601,1573.5928344726562,1572.290714,869.2743250000001,2441.565039,22.182387882598288,,,,,,,30.728541143238544,968.5786743164062,973.6621809999999,646.186273,1619.848454,31.520490016153293,1573.5928344726562,,968.5786743164062,22.182387882598288,,31.520490016153293
single,cassandra,data-intensive,confine,syscall-restriction,14,cassandra,True,,True,True,True,True,recorded,True,True,32768.00390625,,,,16.3,1.1,,False,101.0457130302675,2460.1087646484375,69.6028216839768,1566.2362670898438,1567.454849,877.977184,2445.432033,22.502482359136966,,,,,,,31.442891346290708,893.8724975585938,895.5880400000001,606.86716,1502.4552,28.428444690855162,1566.2362670898438,,893.8724975585938,22.502482359136966,,28.428444690855162
single,cassandra,data-intensive,confine,syscall-restriction,15,cassandra,True,,True,True,True,True,recorded,True,True,32768.0,,,,15.7,1.1,,False,100.63219861779362,2466.878173828125,69.51101730763912,1556.292236328125,1557.8907259999999,879.440376,2437.331102,22.389144866638162,,,,,,,31.121181310154498,910.5859375,909.0518719999998,615.239514,1524.2913859999999,29.259362889379968,1556.292236328125,,910.5859375,22.389144866638162,,29.259362889379968
single,cassandra,data-intensive,confine,syscall-restriction,16,cassandra,True,,True,True,True,True,recorded,True,True,32768.0,,,,15.9,1.0,,False,101.15790401119739,2510.1913452148438,70.4791258731857,1569.18603515625,1567.99092,865.8464170000001,2433.837337,22.26455018723861,,,,,,,30.678778138011694,941.0053100585938,942.9690820000001,625.134508,1568.1035900000002,30.672841852611693,1569.18603515625,,941.0053100585938,22.26455018723861,,30.672841852611693
single,cassandra,data-intensive,confine,syscall-restriction,17,cassandra,True,,True,True,True,True,recorded,True,True,32768.0,,,,16.1,1.1,,False,100.58689734432846,2424.6630859375,69.53274511313066,1531.1876220703125,1532.291365,852.9969619999999,2385.288327,22.021101275076237,,,,,,,31.054152231197804,893.4754638671875,891.92893,601.968185,1493.897115,28.771529720575625,1531.1876220703125,,893.4754638671875,22.021101275076237,,28.771529720575625
single,cassandra,data-intensive,confine,syscall-restriction,18,cassandra,True,,True,True,True,True,recorded,True,True,32768.00390625,,,,15.7,1.1,,False,100.59654512396082,2435.9463500976562,69.76882115192711,1556.8303833007812,1555.335252,878.852853,2434.188105,22.31412768048152,,,,,,,30.82772397203371,879.115966796875,880.7372470000003,599.40026,1480.1375070000004,28.51705716563413,1556.8303833007812,,879.115966796875,22.31412768048152,,28.51705716563413
single,cassandra,data-intensive,confine,syscall-restriction,19,cassandra,True,,True,True,True,True,recorded,True,True,32768.0,,,,16.1,1.1,,False,102.50195134524256,2569.4798583984375,71.68152890913188,1604.5780639648438,1606.022317,893.6946720000001,2499.716989,22.384819190992843,,,,,,,30.820422436110675,964.9017944335938,963.1955929999999,652.46824,1615.663833,31.307221581202885,1604.5780639648438,,964.9017944335938,22.384819190992843,,31.307221581202885
single,cassandra,data-intensive,confine,syscall-restriction,2,cassandra,True,,True,True,True,True,recorded,True,True,32768.0,,,,16.2,1.1,,False,101.81778381299227,2564.9850463867188,70.67041589319706,1595.6099243164062,1594.242196,881.6848759999999,2475.927072,22.57818783361659,,,,,,,31.147367919795215,969.3751220703125,967.607387,643.785889,1611.393276,31.122216315884643,1595.6099243164062,,969.3751220703125,22.57818783361659,,31.122216315884643
single,cassandra,data-intensive,confine,syscall-restriction,3,cassandra,True,,True,True,True,True,recorded,True,True,32768.00390625,,,,16.0,1.1,,False,102.05592780094594,2462.3482666015625,71.03331334283575,1575.883056640625,1573.890685,887.416979,2461.307664,22.18512670294247,,,,,,,31.022614458110183,886.4652099609375,891.480018,607.5724190000001,1499.052437,28.574806651384296,1575.883056640625,,886.4652099609375,22.18512670294247,,28.574806651384296
single,cassandra,data-intensive,confine,syscall-restriction,4,cassandra,True,,True,True,True,True,recorded,True,True,32768.0,,,,16.2,1.0,,False,101.77341569773853,2534.5088500976562,70.89276242395863,1581.3084106445312,1583.482153,886.041738,2469.523891,22.30563962492903,,,,,,,30.8806532737799,953.200439453125,951.7979780000001,641.660589,1593.4585670000001,30.867236874890438,1581.3084106445312,,953.200439453125,22.30563962492903,,30.867236874890438
single,cassandra,data-intensive,confine,syscall-restriction,5,cassandra,True,,,,True,True,posthoc,True,True,32768.0,,,,16.5,1.0,,False,102.01511905621737,2540.0397338867188,70.8308306070976,1566.9595336914062,1568.914135,863.053821,2431.967956,22.1225632999197,,,,,,,31.184288449119776,973.0802001953125,971.3444980000002,644.041687,1615.3861850000003,31.204181611614715,1566.9595336914062,,973.0802001953125,22.1225632999197,,31.204181611614715
single,cassandra,data-intensive,confine,syscall-restriction,6,cassandra,True,,True,True,True,True,recorded,True,True,32768.0,,,,16.6,1.0,,False,101.90214248001575,2548.8926391601562,71.0323822000064,1575.4949340820312,1574.156676,876.447219,2450.603895,22.179953498474806,,,,,,,30.86976028000936,973.397705078125,975.4212089999999,651.7458899999999,1627.1670989999998,31.532402462758284,1575.4949340820312,,973.397705078125,22.179953498474806,,31.532402462758284
single,cassandra,data-intensive,confine,syscall-restriction,7,cassandra,True,,True,True,True,True,recorded,True,True,32768.00390625,,,,15.9,1.0,,False,102.18454069178551,2430.1629028320312,70.828551849816,1558.315673828125,1559.5609490000002,883.256223,2442.817172,22.001235845289603,,,,,,,31.35598884196952,871.8472290039062,873.6643280000001,593.995793,1467.6601210000001,27.804807349495924,1558.315673828125,,871.8472290039062,22.001235845289603,,27.804807349495924
single,cassandra,data-intensive,confine,syscall-restriction,8,cassandra,True,,True,True,True,True,recorded,True,True,32768.03125,,,,16.3,1.0,,False,102.72436890518293,2572.8427124023438,71.6281896661967,1600.7679443359375,1603.052659,886.4905279999999,2489.5431869999998,22.34829543781397,,,,,,,31.096179238986224,972.0747680664062,970.4334900000001,644.8213470000001,1615.2548370000002,31.260263860573797,1600.7679443359375,,972.0747680664062,22.34829543781397,,31.260263860573797
single,cassandra,data-intensive,confine,syscall-restriction,9,cassandra,True,,,,True,True,posthoc,True,True,32768.00390625,,,,16.2,1.1,,False,101.14464279031381,2475.3645629882812,70.11404731404036,1567.2142944335938,1568.9220090000001,882.72235,2451.644359,22.35235811468779,,,,,,,31.030595476273447,908.1502685546875,906.4625229999999,610.193567,1516.65609,29.266285568031577,1567.2142944335938,,908.1502685546875,22.35235811468779,,29.266285568031577
single,cassandra,data-intensive,slim,file-removal,0,cassandra,False,image_absent,,,,,none,False,False,,,,,,,,False,,,,,,,,,,,,,,,,,,,,,,,,,,
single,cassandra,data-intensive,slim,file-removal,1,cassandra,False,image_absent,,,,,none,False,False,,,,,,,,False,,,,,,,,,,,,,,,,,,,,,,,,,,
single,cassandra,data-intensive,slim,file-removal,10,cassandra,False,image_absent,,,,,none,False,False,,,,,,,,False,,,,,,,,,,,,,,,,,,,,,,,,,,
single,cassandra,data-intensive,slim,file-removal,11,cassandra,False,image_absent,,,,,none,False,False,,,,,,,,False,,,,,,,,,,,,,,,,,,,,,,,,,,
single,cassandra,data-intensive,slim,file-removal,12,cassandra,False,image_absent,,,,,none,False,False,,,,,,,,False,,,,,,,,,,,,,,,,,,,,,,,,,,
single,cassandra,data-intensive,slim,file-removal,13,cassandra,False,image_absent,,,,,none,False,False,,,,,,,,False,,,,,,,,,,,,,,,,,,,,,,,,,,
single,cassandra,data-intensive,slim,file-removal,14,cassandra,False,image_absent,,,,,none,False,False,,,,,,,,False,,,,,,,,,,,,,,,,,,,,,,,,,,
single,cassandra,data-intensive,slim,file-removal,15,cassandra,False,image_absent,,,,,none,False,False,,,,,,,,False,,,,,,,,,,,,,,,,,,,,,,,,,,
single,cassandra,data-intensive,slim,file-removal,16,cassandra,False,image_absent,,,,,none,False,False,,,,,,,,False,,,,,,,,,,,,,,,,,,,,,,,,,,
single,cassandra,data-intensive,slim,file-removal,17,cassandra,False,image_absent,,,,,none,False,False,,,,,,,,False,,,,,,,,,,,,,,,,,,,,,,,,,,
single,cassandra,data-intensive,slim,file-removal,18,cassandra,False,image_absent,,,,,none,False,False,,,,,,,,False,,,,,,,,,,,,,,,,,,,,,,,,,,
single,cassandra,data-intensive,slim,file-removal,19,cassandra,False,image_absent,,,,,none,False,False,,,,,,,,False,,,,,,,,,,,,,,,,,,,,,,,,,,
single,cassandra,data-intensive,slim,file-removal,2,cassandra,False,image_absent,,,,,none,False,False,,,,,,,,False,,,,,,,,,,,,,,,,,,,,,,,,,,
single,cassandra,data-intensive,slim,file-removal,3,cassandra,False,image_absent,,,,,none,False,False,,,,,,,,False,,,,,,,,,,,,,,,,,,,,,,,,,,
single,cassandra,data-intensive,slim,file-removal,4,cassandra,False,image_absent,,,,,none,False,False,,,,,,,,False,,,,,,,,,,,,,,,,,,,,,,,,,,
single,cassandra,data-intensive,slim,file-removal,5,cassandra,False,image_absent,,,,,none,False,False,,,,,,,,False,,,,,,,,,,,,,,,,,,,,,,,,,,
single,cassandra,data-intensive,slim,file-removal,6,cassandra,False,image_absent,,,,,none,False,False,,,,,,,,False,,,,,,,,,,,,,,,,,,,,,,,,,,
single,cassandra,data-intensive,slim,file-removal,7,cassandra,False,image_absent,,,,,none,False,False,,,,,,,,False,,,,,,,,,,,,,,,,,,,,,,,,,,
single,cassandra,data-intensive,slim,file-removal,8,cassandra,False,image_absent,,,,,none,False,False,,,,,,,,False,,,,,,,,,,,,,,,,,,,,,,,,,,
single,cassandra,data-intensive,slim,file-removal,9,cassandra,False,image_absent,,,,,none,False,False,,,,,,,,False,,,,,,,,,,,,,,,,,,,,,,,,,,
single,influxdb,data-intensive,baseline,control,0,influx,True,,True,True,True,True,recorded,True,True,140.49609375,383384,12776.7336,True,85.8,36.2,0.004047751921712712,False,32.74894104199484,1593.6720581054688,2.1119346958585083,41.8287353515625,42.153334,24.889585,67.042919,19.80588482853585,,,,,,,30.63700634613633,1551.8433227539062,1552.421807,841.518415,2393.940222,50.65257699206016,41.8287353515625,,1551.8433227539062,19.80588482853585,,50.65257699206016
single,influxdb,data-intensive,baseline,control,1,influx,True,,True,True,True,True,recorded,True,True,140.8515625,380484,12681.0858,True,85.7,36.3,0.004079938976316596,False,32.735499451868236,1594.0226440429688,2.09246743703261,41.671142578125,42.168533,25.104123,67.272656,19.914834439297213,,,,,,,30.643032014835626,1552.3515014648438,1553.195914,837.445488,2390.6414019999997,50.659200457490066,41.671142578125,,1552.3515014648438,19.914834439297213,,50.659200457490066
single,influxdb,data-intensive,baseline,control,10,influx,True,,True,True,True,True,recorded,True,True,142.32421875,382225,12738.908,True,85.9,36.7,0.00406474244018371,False,32.73864010814577,1593.7083740234375,2.1058947909623384,40.06219482421875,40.379047,24.211547,64.590594,19.02383490198548,,,,,,,30.632745317183435,1553.6461791992188,1554.357349,835.1434310000001,2389.5007800000003,50.71847668604815,40.06219482421875,,1553.6461791992188,19.02383490198548,,50.71847668604815
single,influxdb,data-intensive,baseline,control,11,influx,True,,True,True,True,True,recorded,True,True,139.38671875,383411,12776.5766,True,85.7,36.9,0.00403672904105353,False,32.75049753393978,1587.1760864257812,2.1055273888632655,39.44976806640625,39.866108,22.932803,62.798911,18.736288245437848,,,,,,,30.644970145076513,1547.726318359375,1548.617495,842.7676789999999,2391.385174,50.505068565323306,39.44976806640625,,1547.726318359375,18.736288245437848,,50.505068565323306
single,influxdb,data-intensive,baseline,control,12,influx,True,,True,True,True,True,recorded,True,True,142.453125,383091,12767.7204,True,85.6,36.5,0.0040399599631578235,False,32.74808131670579,1586.9658813476562,2.1056510247290134,39.2935791015625,39.594808,22.971133,62.565940999999995,18.661012029103627,,,,,,,30.64243029197678,1547.6723022460938,1548.434329,838.4285169999999,2386.862846,50.507491980860486,39.2935791015625,,1547.6723022460938,18.661012029103627,,50.507491980860486
single,influxdb,data-intensive,baseline,control,13,influx,True,,True,True,True,True,recorded,True,True,138.28515625,382188,12738.0676,True,85.7,35.9,0.004066373781215822,False,32.797701691277325,1596.0652465820312,2.1294319913722575,41.94598388671875,43.753795,25.933709999999998,69.68750499999999,19.698203115511447,,,,,,,30.668269699905068,1554.1192626953125,1551.364925,833.404971,2384.7698960000002,50.675153111103725,41.94598388671875,,1554.1192626953125,19.698203115511447,,50.675153111103725
single,influxdb,data-intensive,baseline,control,14,influx,True,,True,True,True,True,recorded,True,True,141.421875,382205,12737.9273,True,85.5,35.7,0.004076645087694267,False,32.757545361761004,1598.8977661132812,2.1059613870456815,40.78363037109375,41.171524999999995,24.621458,65.79298299999999,19.36580158684984,,,,,,,30.651583974715322,1558.1141357421875,1557.2567549999999,839.632616,2396.8893709999998,50.83307071593707,40.78363037109375,,1558.1141357421875,19.36580158684984,,50.83307071593707
single,influxdb,data-intensive,baseline,control,15,influx,True,,True,True,True,True,recorded,True,True,145.2421875,382324,12742.6857,True,85.9,36.8,0.004063644726070035,False,32.73771905666217,1593.1599731445312,2.1008293139748275,39.53106689453125,39.873433,23.259035,63.132468,18.816886565495114,,,,,,,30.636889742687345,1553.62890625,1554.29253,838.673573,2392.9661029999997,50.71105191481888,39.53106689453125,,1553.62890625,18.816886565495114,,50.71105191481888
single,influxdb,data-intensive,baseline,control,16,influx,True,,True,True,True,True,recorded,True,True,142.8046875,382989,12763.8788,True,85.5,36.5,0.004058323539124573,False,32.78710299823433,1594.3839721679688,2.1304839132353663,40.0906982421875,41.97969,24.412596,66.392286,18.81764888865343,,,,,,,30.656619084998965,1554.2932739257812,1551.765619,832.798038,2384.563657,50.700087625981396,40.0906982421875,,1554.2932739257812,18.81764888865343,,50.700087625981396
single,influxdb,data-intensive,baseline,control,17,influx,True,,True,True,True,True,recorded,True,True,141.88671875,382537,12749.1157,True,85.4,36.5,0.004058817707094347,False,32.77900626370683,1593.2030639648438,2.1236765100620687,40.55511474609375,42.645275999999996,25.450557,68.095833,19.096653635307405,,,,,,,30.655329753644764,1552.64794921875,1550.232176,838.507375,2388.739551,50.64854828495681,40.55511474609375,,1552.64794921875,19.096653635307405,,50.64854828495681
single,influxdb,data-intensive,baseline,control,18,influx,True,,True,True,True,True,recorded,True,True,140.0859375,381964,12730.252,True,85.7,36.9,0.004056678928010477,False,32.765741794370115,1589.935791015625,2.1114106960594654,40.43048095703125,40.987688,25.109616,66.097304,19.148563106404087,,,,,,,30.65433109831065,1549.5053100585938,1550.380735,841.442426,2391.823161,50.54767970924626,40.43048095703125,,1549.5053100585938,19.148563106404087,,50.54767970924626
single,influxdb,data-intensive,baseline,control,19,influx,True,,True,True,True,True,recorded,True,True,140.53125,384657,12818.602,True,85.8,36.9,0.004039056687445325,False,32.76017243694514,1595.3569946289062,2.1131988330744207,41.70556640625,42.10279800000001,25.343013000000003,67.445811,19.735751200266375,,,,,,,30.64697360387072,1553.6514282226562,1554.370472,844.010413,2398.380885,50.69510119675992,41.70556640625,,1553.6514282226562,19.735751200266375,,50.69510119675992
single,influxdb,data-intensive,baseline,control,2,influx,True,,True,True,True,True,recorded,True,True,141.70703125,381857,12726.7932,True,85.8,36.9,0.004044167264451254,False,32.751166709233075,1585.2417602539062,2.1162810754030943,40.94818115234375,43.006665000000005,24.831296000000002,67.837961,19.34912220700373,,,,,,,30.63488563382998,1544.2935791015625,1541.811361,838.292287,2380.1036480000002,50.40964074617616,40.94818115234375,,1544.2935791015625,19.34912220700373,,50.40964074617616
single,influxdb,data-intensive,baseline,control,3,influx,True,,True,True,True,True,recorded,True,True,142.08984375,385350,12841.2601,True,85.4,35.9,0.00401606006258515,False,32.75056076608598,1587.5689086914062,2.110440904274583,39.98016357421875,40.318439,24.583738,64.902177,18.94398629842755,,,,,,,30.6401198618114,1547.5887451171875,1546.5507280000002,846.963103,2393.513831,50.50857346827939,39.98016357421875,,1547.5887451171875,18.94398629842755,,50.50857346827939
single,influxdb,data-intensive,baseline,control,4,influx,True,,True,True,True,True,recorded,True,True,143.1484375,383991,12798.0198,True,85.5,36.5,0.0040339935360830395,False,32.7927257749252,1588.0501708984375,2.1268135118298233,39.032958984375,41.015398,24.541318999999998,65.55671699999999,18.352788698804456,,,,,,,30.66591226309538,1549.0172119140625,1546.97663,838.314016,2385.290646,50.512673440933746,39.032958984375,,1549.0172119140625,18.352788698804456,,50.512673440933746
single,influxdb,data-intensive,baseline,control,5,influx,True,,True,True,True,True,recorded,True,True,141.015625,383034,12765.7709,True,85.5,36.4,0.004061805083209813,False,32.77765917405486,1595.5352172851562,2.1196010201238096,39.72576904296875,41.637101,24.514341,66.151442,18.742097529585212,,,,,,,30.65805815393105,1555.8094482421875,1551.429805,837.180108,2388.6099130000002,50.74716214675514,39.72576904296875,,1555.8094482421875,18.742097529585212,,50.74716214675514
single,influxdb,data-intensive,baseline,control,6,influx,True,,True,True,True,True,recorded,True,True,140.12109375,381060,12697.3708,True,85.3,36.4,0.0040606700985511635,False,32.81314028427005,1586.7376708984375,2.1614778842777014,39.37872314453125,41.545852999999994,23.477296000000003,65.02314899999999,18.218425194616504,,,,,,,30.651662399992347,1547.3589477539062,1545.565624,839.144458,2384.710082,50.482056325737574,39.37872314453125,,1547.3589477539062,18.218425194616504,,50.482056325737574
single,influxdb,data-intensive,baseline,control,7,influx,True,,True,True,True,True,recorded,True,True,141.61328125,383629,12783.8128,True,85.9,36.8,0.004031971644479432,False,32.80610072426498,1588.3720703125,2.1478329063393176,41.5908203125,41.793228,24.518431,66.31165899999999,19.364085627771562,,,,,,,30.658267817925662,1546.78125,1547.8220880000001,836.739374,2384.561462,50.45233668079605,41.5908203125,,1546.78125,19.364085627771562,,50.45233668079605
single,influxdb,data-intensive,baseline,control,8,influx,True,,True,True,True,True,recorded,True,True,141.30859375,384314,12808.7298,True,85.7,35.7,0.004037235916931695,False,32.75678733829409,1592.3258056640625,2.0996488640084863,40.759521484375,41.221512999999995,25.436031,66.657544,19.412541869767736,,,,,,,30.657138474285603,1551.5662841796875,1552.14715,843.6311410000001,2395.778291,50.610277455643825,40.759521484375,,1551.5662841796875,19.412541869767736,,50.610277455643825
single,influxdb,data-intensive,baseline,control,9,influx,True,,True,True,True,True,recorded,True,True,142.56640625,384090,12800.8473,True,85.6,36.7,0.004028049214641263,False,32.774835769087076,1586.764404296875,2.131172154098749,39.6309814453125,41.427079000000006,24.346617000000002,65.773696,18.595861141059267,,,,,,,30.643663614988327,1547.1334228515625,1543.665299,835.891537,2379.5568359999997,50.487873848570565,39.6309814453125,,1547.1334228515625,18.595861141059267,,50.487873848570565
single,influxdb,data-intensive,blafs,file-removal,0,influx,True,,True,True,True,True,recorded,True,True,140.84765625,382998,12764.3168,True,85.9,36.8,0.0040478467242832375,False,32.81360102305189,1593.702392578125,2.170264631975442,43.38519287109375,43.718028000000004,25.768855000000002,69.486883,19.990738563344326,,,,,,,30.643336391076446,1550.3171997070312,1551.018674,835.727841,2386.746515,50.59231083461572,43.38519287109375,,1550.3171997070312,19.990738563344326,,50.59231083461572
single,influxdb,data-intensive,blafs,file-removal,1,influx,True,,True,True,True,True,recorded,True,True,140.4609375,381294,12706.608,True,85.5,36.3,0.004063269211942589,False,32.77170554129407,1590.4171142578125,2.0997846121899784,41.116943359375,41.549454,24.118468999999997,65.667923,19.581505227096567,,,,,,,30.67192092910409,1549.3001708984375,1548.670108,841.886394,2390.556502,50.51200329055138,41.116943359375,,1549.3001708984375,19.581505227096567,,50.51200329055138
single,influxdb,data-intensive,blafs,file-removal,10,influx,True,,True,True,True,True,recorded,True,True,142.0234375,384671,12820.4437,True,85.8,37.0,0.004036601219573025,False,32.72307894797996,1592.3289794921875,2.102674442809075,39.5655517578125,39.96407,23.461365999999998,63.425436,18.816774937804812,,,,,,,30.62040450517088,1552.763427734375,1553.4820459999999,839.363391,2392.845437,50.7100886754177,39.5655517578125,,1552.763427734375,18.816774937804812,,50.7100886754177
single,influxdb,data-intensive,blafs,file-removal,11,influx,True,,True,True,True,True,recorded,True,True,141.1171875,379825,12658.5869,True,85.5,36.6,0.004079179273555255,False,32.75444739917293,1591.1450805664062,2.1074530109763145,41.77081298828125,42.19905,25.928096,68.127146,19.820519257475727,,,,,,,30.646994388196617,1549.374267578125,1550.1962259999998,840.993087,2391.189313,50.55550465904255,41.77081298828125,,1549.374267578125,19.820519257475727,,50.55550465904255
single,influxdb,data-intensive,blafs,file-removal,12,influx,True,,True,True,True,True,recorded,True,True,140.0,381603,12715.3228,True,85.5,36.8,0.004059079006386791,False,32.77435291884467,1589.7640380859375,2.120235736016184,40.80731201171875,42.62898,25.625239,68.254219,19.24659193245824,,,,,,,30.654117182828486,1548.9567260742188,1545.237316,839.89055,2385.127866,50.53013651758002,40.80731201171875,,1548.9567260742188,19.24659193245824,,50.53013651758002
single,influxdb,data-intensive,blafs,file-removal,13,influx,True,,True,True,True,True,recorded,True,True,140.5703125,382410,12745.1915,True,85.7,35.9,0.004044622689254089,False,32.757250688038766,1586.8214111328125,2.1038252669386566,40.11724853515625,40.518328999999994,24.175902,64.694231,19.068716953633768,,,,,,,30.65342542110011,1546.7041625976562,1547.598333,842.826822,2390.425155,50.457791954728535,40.11724853515625,,1546.7041625976562,19.068716953633768,,50.457791954728535
single,influxdb,data-intensive,blafs,file-removal,14,influx,True,,True,True,True,True,recorded,True,True,140.33984375,381606,12718.3087,True,85.8,36.6,0.0040554271090675,False,32.86124579701573,1591.7401123046875,2.229627298656851,44.164794921875,44.377266999999996,25.921199,70.29846599999999,19.808151321290467,,,,,,,30.631618498358876,1547.5753173828125,1546.631172,836.1512399999999,2382.782412,50.52215303170238,44.164794921875,,1547.5753173828125,19.808151321290467,,50.52215303170238
single,influxdb,data-intensive,blafs,file-removal,15,influx,True,,True,True,True,True,recorded,True,True,141.1796875,384405,12809.6466,True,85.9,36.9,0.004038695201431433,False,32.782723067793995,1594.4193115234375,2.1295977737754583,41.9246826171875,42.12886,24.713437,66.842297,19.686667188264998,,,,,,,30.653125294018537,1552.49462890625,1553.451102,841.3013129999999,2394.752415,50.647188957570805,41.9246826171875,,1552.49462890625,19.686667188264998,,50.647188957570805
single,influxdb,data-intensive,blafs,file-removal,16,influx,True,,,,True,True,posthoc,True,True,139.7578125,383906,12794.9846,True,85.5,36.5,0.0040576579066453605,False,32.765403046738356,1599.3341064453125,2.125398606993258,41.57489013671875,43.573741,25.844538,69.418279,19.56098493709544,,,,,,,30.6400044397451,1557.7592163085938,1553.402823,835.454709,2388.857532,50.840698126268066,41.57489013671875,,1557.7592163085938,19.56098493709544,,50.840698126268066
single,influxdb,data-intensive,blafs,file-removal,17,influx,True,,True,True,True,True,recorded,True,True,140.76953125,382320,12742.0925,True,85.5,36.4,0.004057137520649015,False,32.77423799689859,1591.2809448242188,2.12496970128268,40.1561279296875,42.09883,25.025571,67.124401,18.897270820119623,,,,,,,30.64926829561591,1551.1248168945312,1547.1386169999998,837.025018,2384.163635,50.60886941684037,40.1561279296875,,1551.1248168945312,18.897270820119623,,50.60886941684037
single,influxdb,data-intensive,blafs,file-removal,18,influx,True,,True,True,True,True,recorded,True,True,139.62890625,383447,12777.7786,True,85.3,36.8,0.0040429384621909125,False,32.76739658880979,1590.8024291992188,2.1153785358183086,40.5498046875,42.648756,25.474789,68.12354500000001,19.169053670960974,,,,,,,30.65201805299148,1550.2526245117188,1546.2164400000001,837.88262,2384.09906,50.57587470526829,40.5498046875,,1550.2526245117188,19.169053670960974,,50.57587470526829
single,influxdb,data-intensive,blafs,file-removal,19,influx,True,,True,True,True,True,recorded,True,True,140.69921875,382362,12743.0513,True,85.5,36.3,0.004075357969478613,False,32.78034351300448,1597.818359375,2.1264818347990513,39.55633544921875,41.542373999999995,24.836241,66.378615,18.601774443540805,,,,,,,30.65386167820543,1558.2620239257812,1556.088851,837.7578649999999,2393.846716,50.83411807242834,39.55633544921875,,1558.2620239257812,18.601774443540805,,50.83411807242834
single,influxdb,data-intensive,blafs,file-removal,2,influx,True,,True,True,True,True,recorded,True,True,142.58984375,383359,12776.7029,True,85.8,36.0,0.0040629777873025024,False,32.7675317521207,1597.5127563476562,2.112009594216943,39.93365478515625,40.378437000000005,24.176696,64.55513300000001,18.90789459219394,,,,,,,30.65552215790376,1557.5791015625,1556.7721379999998,838.4274800000001,2395.1996179999996,50.809087300472456,39.93365478515625,,1557.5791015625,18.90789459219394,,50.809087300472456
single,influxdb,data-intensive,blafs,file-removal,3,influx,True,,True,True,True,True,recorded,True,True,143.5390625,382129,12733.4359,True,85.6,36.2,0.00406390665056213,False,32.756302420049906,1592.197265625,2.1170895979739726,39.26068115234375,41.554826,24.441771,65.996597,18.544647892992206,,,,,,,30.639212822075933,1552.9365844726562,1550.79022,836.153987,2386.944207,50.68461104045552,39.26068115234375,,1552.9365844726562,18.544647892992206,,50.68461104045552
single,influxdb,data-intensive,blafs,file-removal,4,influx,True,,True,True,True,True,recorded,True,True,141.01171875,382371,12743.7429,True,85.9,35.9,0.004054948918842891,False,32.74828343698755,1591.1022338867188,2.118699466343969,40.60736083984375,42.593274,24.436278,67.029552,19.16617315711882,,,,,,,30.62958397064358,1550.494873046875,1547.87592,839.140185,2387.0161049999997,50.62082705834076,40.60736083984375,,1550.494873046875,19.16617315711882,,50.62082705834076
single,influxdb,data-intensive,blafs,file-removal,5,influx,True,,True,True,True,True,recorded,True,True,141.12109375,382368,12743.9611,True,86.0,36.4,0.004056814814503796,False,32.74133635731414,1590.8848266601562,2.1036420608870685,39.68865966796875,40.330036,23.987365999999998,64.317402,18.866641053579595,,,,,,,30.63769429642707,1551.1961669921875,1552.273187,841.3935369999999,2393.6667239999997,50.63031675895682,39.68865966796875,,1551.1961669921875,18.866641053579595,,50.63031675895682
single,influxdb,data-intensive,blafs,file-removal,6,influx,True,,True,True,True,True,recorded,True,True,139.94140625,381802,12724.4839,True,85.7,36.0,0.00406482147871107,False,32.76164932502434,1592.3651123046875,2.12288820091635,40.40814208984375,42.293227,24.741025,67.03425200000001,19.034512543996183,,,,,,,30.638761124107987,1551.9569702148438,1548.1716959999999,834.184876,2382.3565719999997,50.65338523083078,40.40814208984375,,1551.9569702148438,19.034512543996183,,50.65338523083078
single,influxdb,data-intensive,blafs,file-removal,7,influx,True,,True,True,True,True,recorded,True,True,140.21875,380610,12685.1283,True,85.6,35.8,0.004065836383279062,False,32.77849862072617,1589.11669921875,2.1385765760205686,41.61871337890625,41.821608999999995,25.181027,67.002636,19.46094137828337,,,,,,,30.6399220447056,1547.4979858398438,1548.750186,839.589892,2388.340078,50.50593743619665,41.61871337890625,,1547.4979858398438,19.46094137828337,,50.50593743619665
single,influxdb,data-intensive,blafs,file-removal,8,influx,True,,True,True,True,True,recorded,True,True,143.71484375,382331,12742.343,True,86.1,35.2,0.00405302118345058,False,32.75817470392212,1589.2070922851562,2.1213182737119496,39.6114501953125,41.749100000000006,24.442381,66.19148100000001,18.673034917103287,,,,,,,30.636856430210173,1549.5956420898438,1547.048407,837.545829,2384.594236,50.5794596002294,39.6114501953125,,1549.5956420898438,18.673034917103287,,50.5794596002294
single,influxdb,data-intensive,blafs,file-removal,9,influx,True,,True,True,True,True,recorded,True,True,141.3515625,384520,12815.4836,True,85.5,36.5,0.004055039145801909,False,32.772760338615626,1601.1019287109375,2.1206848807632923,41.8582763671875,43.848215999999994,25.384456,69.232672,19.73809345597898,,,,,,,30.652075457852334,1559.24365234375,1555.031237,838.566517,2393.597754,50.869105241756436,41.8582763671875,,1559.24365234375,19.73809345597898,,50.869105241756436
single,influxdb,data-intensive,confine,syscall-restriction,0,influx,False,TimeoutError: influx health,,,,,none,False,False,,,,,,,,False,,,,,,,,,,,,,,,,,,,,,,,,,,
single,influxdb,data-intensive,confine,syscall-restriction,1,influx,False,TimeoutError: influx health,,,,,none,False,False,,,,,,,,False,,,,,,,,,,,,,,,,,,,,,,,,,,
single,influxdb,data-intensive,confine,syscall-restriction,10,influx,False,TimeoutError: influx health,,,,,none,False,False,,,,,,,,False,,,,,,,,,,,,,,,,,,,,,,,,,,
single,influxdb,data-intensive,confine,syscall-restriction,11,influx,False,TimeoutError: influx health,,,,,none,False,False,,,,,,,,False,,,,,,,,,,,,,,,,,,,,,,,,,,
single,influxdb,data-intensive,confine,syscall-restriction,12,influx,False,TimeoutError: influx health,,,,,none,False,False,,,,,,,,False,,,,,,,,,,,,,,,,,,,,,,,,,,
single,influxdb,data-intensive,confine,syscall-restriction,13,influx,False,TimeoutError: influx health,,,,,none,False,False,,,,,,,,False,,,,,,,,,,,,,,,,,,,,,,,,,,
single,influxdb,data-intensive,confine,syscall-restriction,14,influx,False,TimeoutError: influx health,,,,,none,False,False,,,,,,,,False,,,,,,,,,,,,,,,,,,,,,,,,,,
single,influxdb,data-intensive,confine,syscall-restriction,15,influx,False,TimeoutError: influx health,,,,,none,False,False,,,,,,,,False,,,,,,,,,,,,,,,,,,,,,,,,,,
single,influxdb,data-intensive,confine,syscall-restriction,16,influx,False,TimeoutError: influx health,,,,,none,False,False,,,,,,,,False,,,,,,,,,,,,,,,,,,,,,,,,,,
single,influxdb,data-intensive,confine,syscall-restriction,17,influx,False,TimeoutError: influx health,,,,,none,False,False,,,,,,,,False,,,,,,,,,,,,,,,,,,,,,,,,,,
single,influxdb,data-intensive,confine,syscall-restriction,18,influx,False,TimeoutError: influx health,,,,,none,False,False,,,,,,,,False,,,,,,,,,,,,,,,,,,,,,,,,,,
single,influxdb,data-intensive,confine,syscall-restriction,19,influx,False,TimeoutError: influx health,,,,,none,False,False,,,,,,,,False,,,,,,,,,,,,,,,,,,,,,,,,,,
single,influxdb,data-intensive,confine,syscall-restriction,2,influx,False,TimeoutError: influx health,,,,,none,False,False,,,,,,,,False,,,,,,,,,,,,,,,,,,,,,,,,,,
single,influxdb,data-intensive,confine,syscall-restriction,3,influx,False,TimeoutError: influx health,,,,,none,False,False,,,,,,,,False,,,,,,,,,,,,,,,,,,,,,,,,,,
single,influxdb,data-intensive,confine,syscall-restriction,4,influx,False,TimeoutError: influx health,,,,,none,False,False,,,,,,,,False,,,,,,,,,,,,,,,,,,,,,,,,,,
single,influxdb,data-intensive,confine,syscall-restriction,5,influx,False,TimeoutError: influx health,,,,,none,False,False,,,,,,,,False,,,,,,,,,,,,,,,,,,,,,,,,,,
single,influxdb,data-intensive,confine,syscall-restriction,6,influx,False,TimeoutError: influx health,,,,,none,False,False,,,,,,,,False,,,,,,,,,,,,,,,,,,,,,,,,,,
single,influxdb,data-intensive,confine,syscall-restriction,7,influx,False,TimeoutError: influx health,,,,,none,False,False,,,,,,,,False,,,,,,,,,,,,,,,,,,,,,,,,,,
single,influxdb,data-intensive,confine,syscall-restriction,8,influx,False,TimeoutError: influx health,,,,,none,False,False,,,,,,,,False,,,,,,,,,,,,,,,,,,,,,,,,,,
single,influxdb,data-intensive,confine,syscall-restriction,9,influx,False,TimeoutError: influx health,,,,,none,False,False,,,,,,,,False,,,,,,,,,,,,,,,,,,,,,,,,,,
single,influxdb,data-intensive,slim,file-removal,0,influx,True,,,,True,True,posthoc,True,True,141.99609375,382263,12738.0929,True,85.3,36.8,0.004062103499729734,False,31.781338475178927,1574.0966186523438,1.1243502362631261,21.30474853515625,23.191163,14.694237,37.8854,18.948498295303782,,,,,,,30.6569882389158,1552.7918701171875,1550.822629,836.609736,2387.432365,50.650502848354904,21.30474853515625,,1552.7918701171875,18.948498295303782,,50.650502848354904
single,influxdb,data-intensive,slim,file-removal,1,influx,True,,True,True,True,True,recorded,True,True,142.59765625,381921,12728.7633,True,85.5,36.5,0.004061128381006396,False,31.762112959753722,1572.0335083007812,1.1231838217936456,21.0032958984375,20.64924,12.395842,33.045082,18.699784924694438,,,,,,,30.638929137960076,1551.0302124023438,1549.260255,836.743647,2386.003902,50.622859742206074,21.0032958984375,,1551.0302124023438,18.699784924694438,,50.622859742206074
single,influxdb,data-intensive,slim,file-removal,10,influx,True,,True,True,True,True,recorded,True,True,145.328125,382863,12760.2194,True,85.8,36.9,0.004047902869507174,False,31.746217431966215,1571.90185546875,1.1199421207420528,22.109619140625,24.262755,15.971943999999999,40.234699,19.74175158799776,,,,,,,30.626275311224163,1549.792236328125,1547.720464,838.1386620000001,2385.8591260000003,50.603353511948114,22.109619140625,,1549.792236328125,19.74175158799776,,50.603353511948114
single,influxdb,data-intensive,slim,file-removal,11,influx,True,,True,True,True,True,recorded,True,True,141.72265625,382433,12745.7328,True,85.6,36.6,0.004060007975968176,False,31.745358681306243,1573.01416015625,1.1113517102785408,20.3331298828125,22.354252,13.972925,36.327177,18.295855123772075,,,,,,,30.634006971027702,1552.6810302734375,1549.986693,838.043692,2388.030385,50.68488205744338,20.3331298828125,,1552.6810302734375,18.295855123772075,,50.68488205744338
single,influxdb,data-intensive,slim,file-removal,12,influx,True,,True,True,True,True,recorded,True,True,141.62890625,383969,12795.6529,True,85.7,36.4,0.0040376923497669245,False,31.745753810275346,1571.8362426757812,1.086519273929298,21.487548828125,21.797918000000003,13.321133,35.119051,19.776500374832043,,,,,,,30.659234536346048,1550.3486938476562,1551.42657,842.430888,2393.857458,50.56710375497933,21.487548828125,,1550.3486938476562,19.776500374832043,,50.56710375497933
single,influxdb,data-intensive,slim,file-removal,13,influx,True,,True,True,True,True,recorded,True,True,139.86328125,384589,12816.4981,True,85.7,36.7,0.004046936408900151,False,31.75843469100073,1577.38916015625,1.1143728462047875,20.98193359375,23.024355,15.055564,38.079919000000004,18.82846810670956,,,,,,,30.644061844795942,1556.4072265625,1554.151722,835.6680269999999,2389.8197490000002,50.789847457079624,20.98193359375,,1556.4072265625,18.82846810670956,,50.789847457079624
single,influxdb,data-intensive,slim,file-removal,14,influx,True,,True,True,True,True,recorded,True,True,140.76953125,381864,12727.1649,True,85.8,36.2,0.004070319623517388,False,31.743186340201646,1574.9058227539062,1.1125962059013546,20.5972900390625,22.679141,14.797752000000001,37.476893000000004,18.51281707578347,,,,,,,30.63059013430029,1554.3085327148438,1551.943476,835.114745,2387.058221,50.7436691849538,20.5972900390625,,1554.3085327148438,18.51281707578347,,50.7436691849538
single,influxdb,data-intensive,slim,file-removal,15,influx,True,,True,True,True,True,recorded,True,True,142.66796875,382315,12740.307,True,85.2,36.3,0.004060908741963024,False,31.76856090594083,1573.367919921875,1.119171448983252,20.82159423828125,22.851809000000003,14.577477000000002,37.429286000000005,18.604472314940942,,,,,,,30.64938945695758,1552.5463256835938,1548.676883,835.725095,2384.401978,50.65504903006012,20.82159423828125,,1552.5463256835938,18.604472314940942,,50.65504903006012
single,influxdb,data-intensive,slim,file-removal,16,influx,True,,True,True,True,True,recorded,True,True,142.59765625,382907,12761.8244,True,85.7,35.4,0.004047071423450244,False,31.74656787700951,1570.7798461914062,1.1026812070049345,21.12786865234375,21.442084,14.013636,35.45572,19.16045047120242,,,,,,,30.643886670004576,1549.6519775390625,1550.362425,845.0511200000001,2395.4135450000003,50.569694184906446,21.12786865234375,,1549.6519775390625,19.16045047120242,,50.569694184906446
single,influxdb,data-intensive,slim,file-removal,17,influx,True,,True,True,True,True,recorded,True,True,140.9375,382842,12757.3338,True,85.9,35.7,0.004059362084923823,False,31.81320363888517,1577.6162719726562,1.176132024731487,23.52197265625,23.84729,14.813927,38.661217,19.999432173968824,,,,,,,30.637071614153683,1554.0942993164062,1554.96776,834.150635,2389.118395,50.72594139834329,23.52197265625,,1554.0942993164062,19.999432173968824,,50.72594139834329
single,influxdb,data-intensive,slim,file-removal,18,influx,True,,True,True,True,True,recorded,True,True,142.48828125,382101,12734.7023,True,85.6,36.1,0.004052540711483188,False,31.73164413124323,1569.239501953125,1.0945503609254956,20.7596435546875,21.127266,12.848112,33.975378,18.966366734495626,,,,,,,30.637093770317733,1548.4798583984375,1549.3109140000001,836.596857,2385.907771,50.54264839893717,20.7596435546875,,1548.4798583984375,18.966366734495626,,50.54264839893717
single,influxdb,data-intensive,slim,file-removal,19,influx,True,,True,True,True,True,recorded,True,True,142.1015625,383383,12777.4872,True,85.5,36.2,0.004053853370642086,False,31.7657974450849,1575.7407836914062,1.1281644511036575,21.56231689453125,23.401185,14.387048000000002,37.788233000000005,19.11274271533492,,,,,,,30.637632993981242,1554.178466796875,1550.6618019999999,837.7897869999999,2388.451589,50.727759128852846,21.56231689453125,,1554.178466796875,19.11274271533492,,50.727759128852846
single,influxdb,data-intensive,slim,file-removal,2,influx,True,,True,True,True,True,recorded,True,True,140.4609375,384109,12800.9459,True,85.7,36.7,0.004049197469775425,False,31.753114220220596,1576.2843017578125,1.1234854343347251,20.95111083984375,22.960511999999998,14.734216000000002,37.694728,18.648315500636645,,,,,,,30.62962878588587,1555.3331909179688,1553.378531,838.894947,2392.273478,50.778715007955505,20.95111083984375,,1555.3331909179688,18.648315500636645,,50.778715007955505
single,influxdb,data-intensive,slim,file-removal,3,influx,True,,,,True,True,posthoc,True,True,148.62109375,382971,12763.8812,True,85.8,36.3,0.0040260310817635345,False,31.786323538050056,1564.7359008789062,1.1357027981430292,22.88275146484375,22.973451999999998,14.013086999999999,36.98653899999999,20.148538422427944,,,,,,,30.650620739907026,1541.8531494140625,1542.918231,834.937987,2377.856218,50.30414106447684,22.88275146484375,,1541.8531494140625,20.148538422427944,,50.30414106447684
single,influxdb,data-intensive,slim,file-removal,4,influx,True,,True,True,True,True,recorded,True,True,141.40234375,382555,12749.9144,True,85.4,36.2,0.004056873000695979,False,31.77583079598844,1572.8168334960938,1.1200888650491834,20.83978271484375,22.843996,13.943201,36.787197,18.605472623753535,,,,,,,30.655741930939257,1551.97705078125,1550.028502,838.2789210000001,2388.307423,50.62598237803273,20.83978271484375,,1551.97705078125,18.605472623753535,,50.62598237803273
single,influxdb,data-intensive,slim,file-removal,5,influx,True,,True,True,True,True,recorded,True,True,142.8984375,383205,12771.4014,True,85.8,36.1,0.004041462927857234,False,31.75734587199986,1569.745361328125,1.1170787876471877,21.03656005859375,22.996707,14.410241,37.406948,18.83176038361748,,,,,,,30.640267084352672,1548.7088012695312,1546.324899,844.154394,2390.479293,50.54488581988972,21.03656005859375,,1548.7088012695312,18.83176038361748,,50.54488581988972
single,influxdb,data-intensive,slim,file-removal,6,influx,True,,True,True,True,True,recorded,True,True,142.43359375,383159,12768.3801,True,85.6,36.8,0.004021921926657324,False,31.76347975479439,1562.0587768554688,1.113182317931205,21.023193359375,23.19037,14.883567999999999,38.073938,18.88566950869789,,,,,,,30.650297436863184,1541.0355834960938,1539.007596,837.1679009999999,2376.1754969999997,50.27799768242009,21.023193359375,,1541.0355834960938,18.88566950869789,,50.27799768242009
single,influxdb,data-intensive,slim,file-removal,7,influx,True,,True,True,True,True,recorded,True,True,140.31640625,383749,12788.5011,True,85.5,36.9,0.004045595175563568,False,31.770181389991194,1574.0155029296875,1.1260484419763088,21.52239990234375,23.546632,15.744527999999999,39.29116,19.113209609854923,,,,,,,30.644132948014885,1552.4931030273438,1548.7321200000001,840.368638,2389.100758,50.662001292743824,21.52239990234375,,1552.4931030273438,19.113209609854923,,50.662001292743824
single,influxdb,data-intensive,slim,file-removal,8,influx,True,,True,True,True,True,recorded,True,True,141.16796875,383126,12768.6881,True,85.7,36.6,0.0040553010867956955,False,31.782409245613962,1576.977783203125,1.1384347756393254,23.2864990234375,23.406067999999998,14.438317999999999,37.844386,20.45483810028572,,,,,,,30.643974469974637,1553.6912841796875,1555.029893,835.305784,2390.335677,50.701363352916715,23.2864990234375,,1553.6912841796875,20.45483810028572,,50.701363352916715
single,influxdb,data-intensive,slim,file-removal,9,influx,True,,True,True,True,True,recorded,True,True,141.44921875,382215,12736.9404,True,85.4,36.4,0.0040666416045901845,False,31.773587196599692,1576.6456909179688,1.1147893047891557,22.31427001953125,24.234374,16.296162,40.530536,20.0165806432379,,,,,,,30.658797891810536,1554.3314208984375,1552.1502619999999,830.702402,2382.852664,50.69772880148131,22.31427001953125,,1554.3314208984375,20.0165806432379,,50.69772880148131
single,memcached,data-intensive,baseline,control,0,memcached,True,,True,True,True,True,recorded,True,True,5.0234375,1465898,48863.26666666667,True,72.9,71.9,0.000990793757744826,False,30.31606091791764,1454.86376953125,0.25543658807873726,2.461181640625,4.8387329999999995,3.533316,8.372049,9.635196191496071,,,,,,,30.0606243298389,1452.402587890625,1451.8437569999999,1254.671044,2706.514801,48.31578253179975,2.461181640625,,1452.402587890625,9.635196191496071,,48.31578253179975
single,memcached,data-intensive,baseline,control,1,memcached,True,,True,True,True,True,recorded,True,True,5.44140625,1462860,48762.0,True,72.2,72.6,0.000982822727850965,False,30.311234035063535,1442.470458984375,0.2536304951645434,4.7384033203125,4.656055000000001,3.939748,8.595803,18.682309149136223,,,,,,,30.05760353989899,1437.7320556640625,1439.984839,1261.464788,2701.449627,47.832557700602834,4.7384033203125,,1437.7320556640625,18.682309149136223,,47.832557700602834
single,memcached,data-intensive,baseline,control,10,memcached,True,,True,True,True,True,recorded,True,True,5.45703125,1455770,48525.666666666664,True,70.8,74.6,0.0009853825511209275,False,30.812708783894777,1445.7274169921875,0.7540347231552005,11.237060546875,13.329251,7.960612,21.289863,14.902577032333978,,,,,,,30.058674060739577,1434.4903564453125,1433.618583,1278.366357,2711.9849400000003,47.723008458278535,11.237060546875,,1434.4903564453125,14.902577032333978,,47.723008458278535
single,memcached,data-intensive,baseline,control,11,memcached,True,,True,True,True,True,recorded,True,True,5.1015625,1454468,48482.26666666667,True,70.9,74.3,0.0009832329983314775,False,30.818625622894615,1442.8947143554688,0.7599070169962943,12.81378173828125,13.275845,8.039408,21.315253,16.862302165507884,,,,,,,30.05871860589832,1430.0809326171875,1432.143672,1271.5763960000002,2703.720068,47.5762440630642,12.81378173828125,,1430.0809326171875,16.862302165507884,,47.5762440630642
single,memcached,data-intensive,baseline,control,12,memcached,True,,True,True,True,True,recorded,True,True,4.86328125,1461740,48724.666666666664,True,72.0,73.5,0.0009853146275746285,False,30.32837085891515,1445.3670043945312,0.27050781482830644,5.09320068359375,5.169664000000001,4.044239999999999,9.213904,18.828294061768407,,,,,,,30.057863044086844,1440.2738037109375,1442.150666,1265.27618,2707.4268460000003,47.91670657353256,5.09320068359375,,1440.2738037109375,18.828294061768407,,47.91670657353256
single,memcached,data-intensive,baseline,control,13,memcached,True,,True,True,True,True,recorded,True,True,5.33203125,1468394,48946.46666666667,True,72.9,71.4,0.0009864199840336832,False,30.3061022721231,1453.2881469726562,0.24769005132839084,4.8349609375,4.643237999999999,3.928152,8.57139,19.520206449833317,,,,,,,30.058412220794708,1448.4531860351562,1450.896615,1255.2737029999998,2706.170318,48.18794736713012,4.8349609375,,1448.4531860351562,19.520206449833317,,48.18794736713012
single,memcached,data-intensive,baseline,control,14,memcached,True,,True,True,True,True,recorded,True,True,5.11328125,1475291,49176.36666666667,True,72.6,72.1,0.0009773948966890261,False,30.848952398169786,1454.5279541015625,0.7907831380143762,12.5860595703125,12.878629,8.016763999999998,20.895393,15.915943278603002,,,,,,,30.05816926015541,1441.94189453125,1443.932583,1257.828689,2701.7612719999997,47.97171384761158,12.5860595703125,,1441.94189453125,15.915943278603002,,47.97171384761158
single,memcached,data-intensive,baseline,control,15,memcached,True,,True,True,True,True,recorded,True,True,5.28515625,1465733,48857.76666666667,True,72.7,73.2,0.0009794193490507395,False,30.297446065116674,1441.0028686523438,0.2392055382952094,5.43560791015625,5.229235,3.8988539999999996,9.128089,22.72358720828626,,,,,,,30.058240526821464,1435.5672607421875,1438.014019,1264.09381,2702.107829,47.75952403006447,5.43560791015625,,1435.5672607421875,22.72358720828626,,47.75952403006447
single,memcached,data-intensive,baseline,control,16,memcached,True,,True,True,True,True,recorded,True,True,5.78125,1461508,48716.933333333334,True,70.9,74.7,0.0009792811910176852,False,30.802645235322416,1444.1326904296875,0.7436802089214325,12.9053955078125,13.253567,8.647011000000001,21.900578000000003,17.353420667909578,,,,,,,30.058965026400983,1431.227294921875,1433.817374,1275.096101,2708.9134750000003,47.61399115587708,12.9053955078125,,1431.227294921875,17.353420667909578,,47.61399115587708
single,memcached,data-intensive,baseline,control,17,memcached,True,,True,True,True,True,recorded,True,True,5.046875,1468763,48958.76666666667,True,73.0,72.1,0.0009830390051760393,False,30.344148594886065,1448.798095703125,0.28450026316568255,4.94677734375,4.819812000000001,3.503165,8.322977000000002,17.387601996238498,,,,,,,30.059648331720382,1443.851318359375,1445.996786,1254.834251,2700.831037,48.03287458408999,4.94677734375,,1443.851318359375,17.387601996238498,,48.03287458408999
single,memcached,data-intensive,baseline,control,18,memcached,True,,True,True,True,True,recorded,True,True,4.99609375,1463037,48767.9,True,72.3,73.0,0.0009843734674430654,False,30.31449070200324,1445.3084716796875,0.25601257383823395,5.1336669921875,4.926928000000001,3.63024,8.557168,20.05240178332529,,,,,,,30.058478128165007,1440.1748046875,1442.3866890000002,1267.38384,2709.7705290000004,47.9124325106149,5.1336669921875,,1440.1748046875,20.05240178332529,,47.9124325106149
single,memcached,data-intensive,baseline,control,19,memcached,True,,True,True,True,True,recorded,True,True,5.83203125,1461673,48722.433333333334,True,72.5,72.8,0.0009818011310257792,False,30.81057086167857,1447.7057495117188,0.749964467715472,12.633544921875,13.099087,7.661663000000001,20.76075,16.84552464246616,,,,,,,30.0606063939631,1435.0722045898438,1437.379194,1262.0615890000001,2699.440783,47.73929659908794,12.633544921875,,1435.0722045898438,16.84552464246616,,47.73929659908794
single,memcached,data-intensive,baseline,control,2,memcached,True,,True,True,True,True,recorded,True,True,4.99609375,1458561,48618.7,True,72.5,72.3,0.0009882596694404623,False,30.309575679711998,1446.4609375,0.2519988417625427,5.02392578125,4.797777999999999,3.4948030000000005,8.292581,19.936305048512963,,,,,,,30.057576837949455,1441.43701171875,1443.612882,1254.687218,2698.3001,47.95586216048032,5.02392578125,,1441.43701171875,19.936305048512963,,47.95586216048032
single,memcached,data-intensive,baseline,control,3,memcached,True,,True,True,True,True,recorded,True,True,5.4921875,1457965,48598.833333333336,True,71.9,73.9,0.000987244118072429,False,30.320028879214078,1444.4545288085938,0.26222750497981906,5.087158203125,4.906909,3.689383,8.596292,19.399788757920362,,,,,,,30.05780137423426,1439.3673706054688,1441.550936,1270.343489,2711.8944250000004,47.88664855039277,5.087158203125,,1439.3673706054688,19.399788757920362,,47.88664855039277
single,memcached,data-intensive,baseline,control,4,memcached,True,,True,True,True,True,recorded,True,True,5.09765625,1462426,48747.53333333333,True,72.7,72.2,0.000987206443012437,False,30.314965750090778,1448.5928344726562,0.25655603501945734,4.87646484375,4.71886,3.6293249999999997,8.348185,19.00740648482569,,,,,,,30.05840971507132,1443.7163696289062,1446.1423550000002,1255.5602020000001,2701.7025570000005,48.03036432446475,4.87646484375,,1443.7163696289062,19.00740648482569,,48.03036432446475
single,memcached,data-intensive,baseline,control,5,memcached,True,,True,True,True,True,recorded,True,True,4.9765625,1472311,49077.03333333333,True,72.4,73.1,0.000977376102544953,False,30.306971279904246,1444.0957641601562,0.24950881209224463,5.09417724609375,4.931139,3.5797640000000004,8.510903,20.416822970606777,,,,,,,30.057462467812,1439.0015869140625,1441.303439,1260.078745,2701.382184,47.875019005848,5.09417724609375,,1439.0015869140625,20.416822970606777,,47.875019005848
single,memcached,data-intensive,baseline,control,6,memcached,True,,True,True,True,True,recorded,True,True,5.48828125,1476431,49214.36666666667,True,72.8,72.5,0.0009754903559056646,False,30.309406771324575,1445.6079711914062,0.2514629829674959,5.36376953125,5.1837029999999995,4.028494,9.212197,21.330254926401317,,,,,,,30.05794378835708,1440.2442016601562,1442.4921570000001,1256.132771,2698.624928,47.91559302263496,5.36376953125,,1440.2442016601562,21.330254926401317,,47.91559302263496
single,memcached,data-intensive,baseline,control,7,memcached,True,,True,True,True,True,recorded,True,True,5.05078125,1457801,48593.36666666667,True,72.1,73.1,0.0009905458967500538,False,30.318773333914578,1449.1392211914062,0.2599666230380535,5.12042236328125,4.891772,3.543387,8.435158999999999,19.69646065884285,,,,,,,30.058806710876524,1444.018798828125,1446.082052,1265.378109,2711.460161,48.03979122383521,5.12042236328125,,1444.018798828125,19.69646065884285,,48.03979122383521
single,memcached,data-intensive,baseline,control,8,memcached,True,,True,True,True,True,recorded,True,True,5.1015625,1468725,48957.5,True,72.7,72.6,0.0009883902445413965,False,30.321837184019387,1456.7989501953125,0.2641091989353299,5.12548828125,4.945543999999999,3.7488919999999997,8.694436,19.406701099059532,,,,,,,30.057727985084057,1451.6734619140625,1453.910767,1256.604449,2710.515216,48.29618069051811,5.12548828125,,1451.6734619140625,19.406701099059532,,48.29618069051811
single,memcached,data-intensive,baseline,control,9,memcached,True,,True,True,True,True,recorded,True,True,5.21875,1460014,48667.13333333333,True,72.6,72.8,0.0009924983338531984,False,30.277055128943175,1454.4902814023437,0.2215858562849462,2.577392578125,5.428819,5.066758999999999,10.495577999999998,11.631575324061417,,,,,,,30.05546927265823,1449.0614624023438,1443.366178,1257.243424,2700.609602,48.21290425568467,5.428819,,1449.0614624023438,24.499844398998384,,48.21290425568467
single,memcached,data-intensive,blafs,file-removal,0,memcached,True,,True,True,True,True,recorded,True,True,5.66796875,1470665,49022.166666666664,True,73.2,71.9,0.0009850627203509977,False,30.31377154123038,1453.6660766601562,0.2559176222421229,4.96881103515625,4.777942,3.663321,8.441263,19.41566583662329,,,,,,,30.057853918988258,1448.697265625,1451.047372,1260.576607,2711.623979,48.19696274822281,4.96881103515625,,1448.697265625,19.41566583662329,,48.19696274822281
single,memcached,data-intensive,blafs,file-removal,1,memcached,True,,True,True,True,True,recorded,True,True,5.34765625,1461057,48701.9,True,72.8,72.6,0.0009877173780079465,False,30.312633784953505,1447.7366211601563,0.2553532808087766,2.303466796875,4.6252320000000005,3.770376,8.395608000000001,9.020705704580196,,,,,,,30.057280504144728,1443.1113891601562,1442.224335,1261.5747119999999,2703.799047,48.01204117455534,4.6252320000000005,,1443.1113891601562,18.11307058734696,,48.01204117455534
single,memcached,data-intensive,blafs,file-removal,10,memcached,True,,True,True,True,True,recorded,True,True,4.953125,1461333,48711.1,True,70.6,74.7,0.000978196040059722,False,30.311861531808972,1434.2269287109375,0.2535989675670862,4.75677490234375,4.67638,3.7929589999999997,8.469339,18.757075188349923,,,,,,,30.058262564241886,1429.4701538085938,1431.865292,1273.133826,2704.9991179999997,47.556646055422036,4.75677490234375,,1429.4701538085938,18.757075188349923,,47.556646055422036
single,memcached,data-intensive,blafs,file-removal,11,memcached,True,,True,True,True,True,recorded,True,True,4.97265625,1467697,48923.23333333333,True,71.8,73.6,0.0009816412325499362,False,30.317516135051847,1443.1890258789062,0.2588150571100414,2.4371337890625,4.836536000000001,3.569571,8.406107,9.416506969400526,,,,,,,30.058701077941805,1440.7518920898438,1439.87992,1271.951883,2711.831803,47.93127581774055,2.4371337890625,,1440.7518920898438,9.416506969400526,,47.93127581774055
single,memcached,data-intensive,blafs,file-removal,12,memcached,True,,True,True,True,True,recorded,True,True,5.0625,1465014,48833.8,True,72.5,73.0,0.0009863700267966722,False,30.315022594295442,1449.9149169921875,0.25669112987816334,4.8690185546875,4.622852,3.747305,8.370156999999999,18.96839426044268,,,,,,,30.05833146441728,1445.0458984375,1447.1713439999999,1263.275819,2710.447163,48.074720985365715,4.8690185546875,,1445.0458984375,18.96839426044268,,48.074720985365715
single,memcached,data-intensive,blafs,file-removal,13,memcached,True,,True,True,True,True,recorded,True,True,5.296875,1459232,48641.066666666666,True,72.5,73.5,0.0009846130914508882,False,30.308317298069596,1442.0047607421875,0.25074644898995757,5.225830078125,4.98363,3.6578880000000003,8.641518,20.8410930610399,,,,,,,30.05757084907964,1436.7789306640625,1438.993142,1262.070378,2701.0635199999997,47.80089974263694,5.225830078125,,1436.7789306640625,20.8410930610399,,47.80089974263694
single,memcached,data-intensive,blafs,file-removal,14,memcached,True,,True,True,True,True,recorded,True,True,5.37890625,1465175,48839.166666666664,True,72.4,72.9,0.000984043516626107,False,30.308797739911824,1446.885986328125,0.25061778677627444,5.09002685546875,4.850207999999999,3.5869050000000002,8.437113,20.309918625259417,,,,,,,30.05817995313555,1441.7959594726562,1443.998317,1257.004351,2701.002668,47.96684169569135,5.09002685546875,,1441.7959594726562,20.309918625259417,,47.96684169569135
single,memcached,data-intensive,blafs,file-removal,15,memcached,True,,True,True,True,True,recorded,True,True,5.33203125,1456800,48560.0,True,71.7,73.4,0.0009888860460561032,False,30.32226630207151,1445.9388427734375,0.265393088106066,5.32965087890625,5.2560899999999995,4.001332,9.257421999999998,20.08210129713786,,,,,,,30.056873213965446,1440.6091918945312,1442.841582,1260.071359,2702.912941,47.92944301422462,5.32965087890625,,1440.6091918945312,20.08210129713786,,47.92944301422462
single,memcached,data-intensive,blafs,file-removal,16,memcached,True,,True,True,True,True,recorded,True,True,5.1875,1467587,48919.566666666666,True,73.2,72.2,0.000983331822917483,False,30.32628617109731,1448.1282348632812,0.2681675897911191,5.00323486328125,4.830859,3.555777,8.386636,18.657119852471233,,,,,,,30.05811858130619,1443.125,1445.2473989999999,1253.9884889999998,2699.2358879999997,48.01115532552032,5.00323486328125,,1443.125,18.657119852471233,,48.01115532552032
single,memcached,data-intensive,blafs,file-removal,17,memcached,True,,True,True,True,True,recorded,True,True,5.65234375,1472275,49075.833333333336,True,72.7,72.5,0.0009782521366937435,False,30.81721741706133,1452.5524291992188,0.7568190060555935,12.2962646484375,12.699858,7.528179,20.228037,16.247298957941677,,,,,,,30.060398411005735,1440.2561645507812,1442.412628,1262.2796660000001,2704.6922940000004,47.9120783716384,12.2962646484375,,1440.2561645507812,16.247298957941677,,47.9120783716384
single,memcached,data-intensive,blafs,file-removal,18,memcached,True,,True,True,True,True,recorded,True,True,5.6015625,1468942,48964.73333333333,True,72.8,72.4,0.0009817123005372446,False,30.797385721001774,1454.6699829101562,0.7378569440916181,12.591552734375,12.902798999999998,8.057474,20.960272999999997,17.065032504202517,,,,,,,30.059528776910156,1442.0784301757812,1444.606959,1266.565422,2711.172381,47.97408638300063,12.591552734375,,1442.0784301757812,17.065032504202517,,47.97408638300063
single,memcached,data-intensive,blafs,file-removal,19,memcached,True,,True,True,True,True,recorded,True,True,5.859375,1466660,48888.666666666664,True,72.7,73.2,0.0009820581027055095,False,30.8069669008255,1453.7670288085938,0.7477074507623911,13.42169189453125,13.697413999999998,8.871498,22.568911999999997,17.950458940653835,,,,,,,30.05925945006311,1440.3453369140625,1442.838408,1264.825375,2707.663783,47.916860337390595,13.42169189453125,,1440.3453369140625,17.950458940653835,,47.916860337390595
single,memcached,data-intensive,blafs,file-removal,2,memcached,True,,True,True,True,True,recorded,True,True,5.53515625,1467539,48917.96666666667,True,72.5,73.2,0.0009782060592544305,False,30.29305929876864,1441.1846313476562,0.2358825127594173,5.62908935546875,5.450486000000001,4.341908,9.792394000000002,23.86395366751924,,,,,,,30.057176786009222,1435.5555419921875,1438.257182,1264.459897,2702.717079,47.76082438522298,5.62908935546875,,1435.5555419921875,23.86395366751924,,47.76082438522298
single,memcached,data-intensive,blafs,file-removal,3,memcached,True,,True,True,True,True,recorded,True,True,5.41796875,1461489,48716.3,True,72.8,72.3,0.0009923378366306769,False,30.282961258199066,1455.9600685195312,0.2266511949710548,2.7939453125,5.669236000000001,4.588001,10.257237,12.327070734644966,,,,,,,30.05631006322801,1450.2908325195312,1449.461377,1261.654058,2711.115435,48.2524577856904,5.669236000000001,,1450.2908325195312,25.01304262139014,,48.2524577856904
single,memcached,data-intensive,blafs,file-removal,4,memcached,True,,True,True,True,True,recorded,True,True,5.12890625,1459777,48659.23333333333,True,71.0,74.6,0.0009795678953660389,False,30.806122838985175,1443.0170288085938,0.7468907069414854,13.06634521484375,13.41769,8.489419,21.907109,17.494320244457697,,,,,,,30.05923213204369,1429.95068359375,1432.447078,1274.7435019999998,2707.1905799999995,47.57109820078858,13.06634521484375,,1429.95068359375,17.494320244457697,,47.57109820078858
single,memcached,data-intensive,blafs,file-removal,5,memcached,True,,True,True,True,True,recorded,True,True,5.01953125,1465515,48850.5,True,72.6,72.8,0.0009826873600108153,False,30.312962535768747,1445.2550659179688,0.25562494108453393,5.11199951171875,4.901843,3.547416,8.449259000000001,19.99804670870608,,,,,,,30.057337594684213,1440.14306640625,1442.419952,1263.420106,2705.8400579999998,47.913194635740005,5.11199951171875,,1440.14306640625,19.99804670870608,,47.913194635740005
single,memcached,data-intensive,blafs,file-removal,6,memcached,True,,True,True,True,True,recorded,True,True,5.5,1464093,48803.1,True,73.8,72.2,0.0009898348439021847,False,30.292351884301752,1451.8370911132813,0.2351031950674951,5.49334716796875,2.626825000000001,1.9522050000000002,4.579030000000001,23.36568487038928,,,,,,,30.057248689234257,1449.2102661132812,1451.728644,1256.639605,2708.368249,48.21500068408961,2.626825000000001,,1449.2102661132812,11.17307231509922,,48.21500068408961
single,memcached,data-intensive,blafs,file-removal,7,memcached,True,,True,True,True,True,recorded,True,True,5.09375,1457754,48591.8,True,71.1,74.3,0.0009803916578790687,False,30.313884483184665,1433.885009765625,0.25592869194224477,4.71514892578125,4.5479009999999995,3.7623189999999997,8.31022,18.423682354635385,,,,,,,30.05795579124242,1429.1698608398438,1431.299681,1272.246866,2703.546547,47.547140955481794,4.71514892578125,,1429.1698608398438,18.423682354635385,,47.547140955481794
single,memcached,data-intensive,blafs,file-removal,8,memcached,True,,True,True,True,True,recorded,True,True,4.9140625,1463987,48799.566666666666,True,72.7,73.0,0.0009872896907287684,False,30.309095076750964,1447.8912353515625,0.2502670306712389,2.511962890625,4.912584999999999,3.5541300000000002,8.466714999999999,10.037130675533598,,,,,,,30.058828046079725,1445.3792724609375,1444.8358999999998,1268.322864,2713.158764,48.085017494534156,2.511962890625,,1445.3792724609375,10.037130675533598,,48.085017494534156
single,memcached,data-intensive,blafs,file-removal,9,memcached,True,,True,True,True,True,recorded,True,True,5.28125,1460035,48667.833333333336,True,72.9,72.5,0.0009900893221577308,False,30.312649353872985,1450.6559448242188,0.2550793238915503,5.09088134765625,4.916674,3.573904,8.490578000000001,19.958032152463648,,,,,,,30.057570029981434,1445.5650634765625,1447.675127,1255.38735,2703.062477,48.093211195537734,5.09088134765625,,1445.5650634765625,19.958032152463648,,48.093211195537734
single,memcached,data-intensive,confine,syscall-restriction,0,memcached,True,,True,True,True,True,recorded,True,True,4.8203125,1388957,46298.566666666666,True,79.1,69.9,0.0010648230349846143,False,30.297684223856777,1483.7700805664062,0.2395699881017208,4.77667236328125,4.5757330000000005,3.7534690000000004,8.329202,19.938525694015926,,,,,,,30.058114235755056,1478.993408203125,1481.5636519999998,1242.843865,2724.4075169999996,49.20446427886073,4.77667236328125,,1478.993408203125,19.938525694015926,,49.20446427886073
single,memcached,data-intensive,confine,syscall-restriction,1,memcached,True,,True,True,True,True,recorded,True,True,4.8203125,1380219,46007.3,True,78.6,68.8,0.0010731450377791042,False,30.293169640004635,1486.6117408984376,0.23610360966995358,2.6964111328125,5.436570000000001,4.317921,9.754491000000002,11.420457046725295,,,,,,,30.05706603033468,1481.1751708984375,1480.434564,1231.344687,2711.779251,49.278767575104695,5.436570000000001,,1481.1751708984375,23.02620450233572,,49.278767575104695
single,memcached,data-intensive,confine,syscall-restriction,10,memcached,True,,True,True,True,True,recorded,True,True,4.81640625,1391542,46384.73333333333,True,77.9,71.2,0.001050089638292785,False,30.300714519806206,1466.4080810546875,0.24205097276717424,5.16424560546875,4.982042,3.621938,8.60398,21.335363979041606,,,,,,,30.058663547039032,1461.2438354492188,1463.6363290000002,1248.875099,2712.5114280000003,48.61306734953492,5.16424560546875,,1461.2438354492188,21.335363979041606,,48.61306734953492
single,memcached,data-intensive,confine,syscall-restriction,11,memcached,True,,True,True,True,True,recorded,True,True,4.8046875,1390380,46346.0,True,78.2,70.7,0.0010622341947435234,False,30.796380217652768,1497.7015991210938,0.7382270726375282,20.79241943359375,20.589669,14.458397999999999,35.048067,28.16534397649068,,,,,,,30.05815314501524,1476.9091796875,1479.62878,1242.5322800000001,2722.1610600000004,49.13506071255168,20.79241943359375,,1476.9091796875,28.16534397649068,,49.13506071255168
single,memcached,data-intensive,confine,syscall-restriction,12,memcached,True,,True,True,True,True,recorded,True,True,4.94140625,1382306,46076.86666666667,True,77.6,70.7,0.001066107436807023,False,30.770811774767935,1490.8302612304688,0.7197743360884488,17.1435546875,20.211008,14.846031,35.057039,23.81795769583167,,,,,,,30.051037438679487,1473.6867065429688,1467.6877100000002,1249.174171,2716.861881,49.03946193372171,17.1435546875,,1473.6867065429688,23.81795769583167,,49.03946193372171
single,memcached,data-intensive,confine,syscall-restriction,13,memcached,True,,True,True,True,True,recorded,True,True,5.26171875,1390984,46366.13333333333,True,77.7,70.2,0.0010600607827916245,False,30.27437916304916,1479.777573890625,0.21810286305844784,2.58746337890625,5.249986000000001,4.514576000000001,9.764562000000002,11.863500288911172,,,,,,,30.056276299990714,1474.527587890625,1468.747278,1241.773494,2710.520772,49.05889116713638,5.249986000000001,,1474.527587890625,24.071146643284063,,49.05889116713638
single,memcached,data-intensive,confine,syscall-restriction,14,memcached,True,,True,True,True,True,recorded,True,True,4.8125,1386289,46209.63333333333,True,77.9,70.7,0.0010618037933975617,False,30.317692026961595,1477.06591796875,0.25991045869886875,5.0989990234375,4.955676,3.7326560000000004,8.688332,19.61829104132043,,,,,,,30.057781568262726,1471.9669189453125,1474.052745,1243.9558610000001,2718.0086060000003,48.97124279123534,5.0989990234375,,1471.9669189453125,19.61829104132043,,48.97124279123534
single,memcached,data-intensive,confine,syscall-restriction,15,memcached,True,,True,True,True,True,recorded,True,True,4.99609375,1391091,46369.7,True,77.9,70.6,0.001059613189634633,False,30.287283999845386,1476.46728515625,0.22804338997229934,2.44891357421875,2.6247489999999996,1.8605910000000003,4.48534,10.738805341019628,,,,,,,30.059240609873086,1474.0183715820312,1473.354748,1247.0481379999999,2720.402886,49.03711277050304,2.44891357421875,,1474.0183715820312,10.738805341019628,,49.03711277050304
single,memcached,data-intensive,confine,syscall-restriction,16,memcached,True,,True,True,True,True,recorded,True,True,4.81640625,1386565,46218.833333333336,True,77.5,70.6,0.0010618870130220635,False,30.26727922493592,1477.9073342109375,0.2105485168285668,2.76239013671875,5.531968,4.066457,9.598424999999999,13.119969583865311,,,,,,,30.056730708107352,1472.3753662109375,1466.547271,1248.321267,2714.8685379999997,48.98654416242903,5.531968,,1472.3753662109375,26.27407726887124,,48.98654416242903
single,memcached,data-intensive,confine,syscall-restriction,17,memcached,True,,True,True,True,True,recorded,True,True,4.8125,1390760,46358.666666666664,True,78.4,70.5,0.001060715847360436,False,30.28543163323775,1480.167466875,0.22775077214464545,2.4443359375,4.966294999999999,3.6916410000000006,8.657936,10.732503404851652,,,,,,,30.057680861093104,1475.201171875,1474.4134000000001,1250.608493,2725.021893,49.07900841360359,4.966294999999999,,1475.201171875,21.805831669566786,,49.07900841360359
single,memcached,data-intensive,confine,syscall-restriction,18,memcached,True,,True,True,True,True,recorded,True,True,4.57421875,1384151,46138.36666666667,True,77.4,71.4,0.0010618125206749028,False,30.28551612701267,1474.7070193046875,0.22797341691330075,2.48492431640625,4.998157,3.8160920000000003,8.814249,10.900061726719994,,,,,,,30.05754271009937,1469.7088623046875,1468.974816,1253.2513079999999,2722.226124,48.89650749164081,4.998157,,1469.7088623046875,21.92429743640163,,48.89650749164081
single,memcached,data-intensive,confine,syscall-restriction,19,memcached,True,,True,True,True,True,recorded,True,True,4.8125,1380626,46020.86666666667,True,77.9,71.1,0.0010690915309177458,False,30.276856479234993,1481.7560879648438,0.2210087003186345,2.86279296875,5.740524,4.641344999999999,10.381868999999998,12.953304393096879,,,,,,,30.05584777891636,1476.0155639648438,1470.301533,1246.52934,2716.830873,49.10909766452312,5.740524,,1476.0155639648438,25.974199168284883,,49.10909766452312
single,memcached,data-intensive,confine,syscall-restriction,2,memcached,True,,True,True,True,True,recorded,True,True,5.10546875,1385081,46169.36666666667,True,77.8,70.5,0.0010620280496569333,False,30.79409122886136,1491.4312744140625,0.7382835489697754,20.4364013671875,20.312203999999998,15.233604000000001,35.545808,27.680965390201514,,,,,,,30.055807679891586,1470.994873046875,1473.7630729999998,1253.1149560000001,2726.878029,48.94211756721558,20.4364013671875,,1470.994873046875,27.680965390201514,,48.94211756721558
single,memcached,data-intensive,confine,syscall-restriction,3,memcached,True,,True,True,True,True,recorded,True,True,4.60546875,1384916,46163.86666666667,True,78.6,69.9,0.0010659589981450138,False,30.296172284986824,1478.7911987304688,0.23677565110847354,2.52752685546875,4.897937000000001,3.6020420000000004,8.499979000000002,10.674775229784162,,,,,,,30.05939663387835,1476.263671875,1475.96607,1251.350007,2727.316077,49.111553696696014,2.52752685546875,,1476.263671875,10.674775229784162,,49.111553696696014
single,memcached,data-intensive,confine,syscall-restriction,4,memcached,True,,True,True,True,True,recorded,True,True,4.75390625,1378086,45936.2,True,77.3,72.0,0.001064885887742923,False,30.29106432106346,1472.3219474960938,0.23332512890920043,2.33160400390625,4.817614000000001,3.898061,8.715675000000001,9.99293995810286,,,,,,,30.05773919215426,1467.5043334960938,1467.1295440000001,1260.000436,2727.12998,48.8228447294248,4.817614000000001,,1467.5043334960938,20.64764315152183,,48.8228447294248
single,memcached,data-intensive,confine,syscall-restriction,5,memcached,True,,True,True,True,True,recorded,True,True,4.8203125,1373991,45799.7,True,76.3,72.9,0.0010617932789804938,False,30.28711033705622,1461.1549682617188,0.22883808705955744,2.26055908203125,2.3278749999999997,1.9739940000000002,4.301869,9.87842151224991,,,,,,,30.058272249996662,1458.8944091796875,1457.974844,1266.328667,2724.303511,48.53553780623068,2.26055908203125,,1458.8944091796875,9.87842151224991,,48.53553780623068
single,memcached,data-intensive,confine,syscall-restriction,6,memcached,True,,,,True,True,posthoc,True,True,5.171875,1386839,46227.96666666667,True,76.9,72.6,0.001057410286779526,False,30.307556138839573,1471.2435913085938,0.25014503672719,4.7857666015625,4.644153000000001,3.719778,8.363931000000001,19.131967054704713,,,,,,,30.057411102112383,1466.4578247070312,1468.746728,1260.2747279999999,2729.021456,48.7885606556438,4.7857666015625,,1466.4578247070312,19.131967054704713,,48.7885606556438
single,memcached,data-intensive,confine,syscall-restriction,7,memcached,True,,,,True,True,posthoc,True,True,4.80859375,1384833,46161.1,True,76.6,72.4,0.0010590694165605167,False,30.781157614197582,1483.3814086914062,0.7252933704294264,16.74713134765625,19.741832000000002,13.348659,33.090491,23.09014811170924,,,,,,,30.055864243768156,1466.63427734375,1461.042769,1256.657733,2717.7005019999997,48.796942435213616,16.74713134765625,,1466.63427734375,23.09014811170924,,48.796942435213616
single,memcached,data-intensive,confine,syscall-restriction,8,memcached,True,,True,True,True,True,recorded,True,True,4.81640625,1385633,46187.76666666667,True,77.1,71.2,0.001061015199074967,False,30.289347004145384,1472.7882080078125,0.23247762490063906,2.61053466796875,5.2059809999999995,4.128285,9.334266,11.229186761885117,,,,,,,30.056869379244745,1470.1776733398438,1469.7702239999999,1254.9601060000002,2724.7303300000003,48.913200333333776,2.61053466796875,,1470.1776733398438,11.229186761885117,,48.913200333333776
single,memcached,data-intensive,confine,syscall-restriction,9,memcached,True,,True,True,True,True,recorded,True,True,4.80859375,1382887,46096.23333333333,True,78.6,69.5,0.0010691693574915648,False,30.777987448964268,1494.9767456054688,0.7205052715726197,16.43634033203125,19.43922,13.213589,32.652809,22.812241603945896,,,,,,,30.05748217739165,1478.5404052734375,1472.659926,1236.956306,2709.6162320000003,49.19042774599238,16.43634033203125,,1478.5404052734375,22.812241603945896,,49.19042774599238
single,memcached,data-intensive,slim,file-removal,0,memcached,True,,True,True,True,True,recorded,True,True,5.00390625,1471026,49034.2,True,72.3,72.9,0.000979281856517577,False,30.30494149029255,1445.6643676757812,0.24629123834893107,5.11529541015625,4.981431999999999,3.685171,8.666602999999999,20.769295101392107,,,,,,,30.058650251943618,1440.549072265625,1442.8380419999999,1264.350034,2707.188076,47.92460939501027,5.11529541015625,,1440.549072265625,20.769295101392107,,47.92460939501027
single,memcached,data-intensive,slim,file-removal,1,memcached,True,,True,True,True,True,recorded,True,True,5.0234375,1459024,48634.13333333333,True,71.4,74.4,0.0009827627583121276,False,30.31526546832174,1438.8930053710938,0.2571933679282665,5.0185546875,4.874682000000001,3.6545319999999997,8.529214,19.512768653115966,,,,,,,30.058072100393474,1433.8744506835938,1436.1353609999999,1269.606674,2705.742035,47.703473659071555,5.0185546875,,1433.8744506835938,19.512768653115966,,47.703473659071555
single,memcached,data-intensive,slim,file-removal,10,memcached,True,,True,True,True,True,recorded,True,True,5.25390625,1466399,48879.96666666667,True,72.3,72.9,0.000984316226067969,False,30.30463158292696,1448.4931030273438,0.24625579081475735,5.0927734375,4.916003,3.5899569999999996,8.50596,20.68082712146644,,,,,,,30.0583757921122,1443.4003295898438,1445.751914,1254.021325,2699.773239,48.01990432126459,5.0927734375,,1443.4003295898438,20.68082712146644,,48.01990432126459
single,memcached,data-intensive,slim,file-removal,11,memcached,True,,True,True,True,True,recorded,True,True,5.22265625,1462746,48758.2,True,73.5,72.2,0.0009861698416614624,False,30.30987426918,1447.3883056640625,0.25182921811938286,4.872314453125,4.668139999999999,3.807669,8.475809,19.347693208558574,,,,,,,30.058045051060617,1442.5159912109375,1444.7887810000002,1257.111406,2701.900187,47.99101168291174,4.872314453125,,1442.5159912109375,19.347693208558574,,47.99101168291174
single,memcached,data-intensive,slim,file-removal,12,memcached,True,,True,True,True,True,recorded,True,True,5.24609375,1465821,48860.7,True,72.9,72.5,0.0009848319414912147,False,30.317110757809132,1448.6917724609375,0.25929092755541205,5.10443115234375,4.8885380000000005,3.610464,8.499002,19.686115516914498,,,,,,,30.05781983025372,1443.5873413085938,1445.653587,1260.941901,2706.595488,48.02701424990238,5.10443115234375,,1443.5873413085938,19.686115516914498,,48.02701424990238
single,memcached,data-intensive,slim,file-removal,13,memcached,True,,True,True,True,True,recorded,True,True,5.43359375,1467154,48905.13333333333,True,72.7,72.5,0.0009803167457305946,False,30.316360384225845,1443.2850341796875,0.25862089917063713,5.0093994140625,4.789966000000001,3.5772609999999996,8.367227,19.36966204249919,,,,,,,30.057739485055208,1438.275634765625,1440.423864,1258.37129,2698.7951540000004,47.8504258605588,5.0093994140625,,1438.275634765625,19.36966204249919,,47.8504258605588
single,memcached,data-intensive,slim,file-removal,14,memcached,True,,True,True,True,True,recorded,True,True,5.05859375,1471924,49064.13333333333,True,73.3,72.3,0.0009833826186264117,False,30.31374802533537,1452.5040893554688,0.25434329407289624,5.03961181640625,4.871874999999999,3.5088410000000003,8.380716,19.81421147656391,,,,,,,30.059404731262475,1447.4644775390625,1449.742992,1256.660845,2706.403837,48.15346446410717,5.03961181640625,,1447.4644775390625,19.81421147656391,,48.15346446410717
single,memcached,data-intensive,slim,file-removal,15,memcached,True,,True,True,True,True,recorded,True,True,4.8203125,1459216,48640.53333333333,True,70.9,74.3,0.0009803346170108426,False,30.79922162508592,1443.23681640625,0.7395877530798316,12.71685791015625,12.999294999999998,8.302469,21.301764,17.194522025547364,,,,,,,30.05963387200609,1430.5199584960938,1433.223687,1270.241804,2703.465491,47.589400609044255,12.71685791015625,,1430.5199584960938,17.194522025547364,,47.589400609044255
single,memcached,data-intensive,slim,file-removal,16,memcached,True,,True,True,True,True,recorded,True,True,4.984375,1455606,48520.2,True,71.2,74.0,0.0009859337227797005,False,30.80499309580773,1447.4949340820312,0.7458875039592385,12.3638916015625,12.753385999999999,8.439553,21.192939,16.576080891466663,,,,,,,30.059105591848493,1435.1310424804688,1437.4163640000002,1268.450061,2705.866425,47.7436375508675,12.3638916015625,,1435.1310424804688,16.576080891466663,,47.7436375508675
single,memcached,data-intensive,slim,file-removal,17,memcached,True,,True,True,True,True,recorded,True,True,5.56640625,1463888,48796.26666666667,True,72.0,73.0,0.000984724408641363,False,30.324687359388918,1446.6676025390625,0.26636848924681544,5.141357421875,4.901720999999999,3.60137,8.503091,19.301672793252393,,,,,,,30.058318870142102,1441.5262451171875,1443.853421,1259.291515,2703.1449359999997,47.95764697769249,5.141357421875,,1441.5262451171875,19.301672793252393,,47.95764697769249
single,memcached,data-intensive,slim,file-removal,18,memcached,True,,True,True,True,True,recorded,True,True,5.35546875,1465092,48836.4,True,71.7,73.1,0.0009781528554792763,False,30.81192491389811,1445.4358520507812,0.7530659288167953,12.3519287109375,12.708585,7.259136999999999,19.967722,16.402187694701105,,,,,,,30.058858985081315,1433.0839233398438,1435.289538,1261.302191,2696.5917289999998,47.675925558289016,12.3519287109375,,1433.0839233398438,16.402187694701105,,47.675925558289016
single,memcached,data-intensive,slim,file-removal,19,memcached,True,,True,True,True,True,recorded,True,True,6.03515625,1467148,48904.933333333334,True,73.1,72.0,0.0009831207669520644,False,30.328598906751722,1447.5227661132812,0.27079677302390337,5.13909912109375,4.926868,3.5798850000000004,8.506753,18.977697051951647,,,,,,,30.05780213372782,1442.3836669921875,1444.2437400000001,1254.351464,2698.595204,47.98699720541745,5.13909912109375,,1442.3836669921875,18.977697051951647,,47.98699720541745
single,memcached,data-intensive,slim,file-removal,2,memcached,True,,True,True,True,True,recorded,True,True,5.0390625,1468010,48933.666666666664,True,72.8,72.3,0.000984809465904843,False,30.29030073620379,1448.6685180664062,0.23452711384743452,2.9583740234375,5.852951,4.795886999999999,10.648837999999998,12.614208971001933,,,,,,,30.055773622356355,1445.7101440429688,1445.183984,1263.7856439999998,2708.969628,48.10091273004557,2.9583740234375,,1445.7101440429688,12.614208971001933,,48.10091273004557
single,memcached,data-intensive,slim,file-removal,3,memcached,True,,True,True,True,True,recorded,True,True,5.11328125,1466602,48886.73333333333,True,72.3,72.8,0.0009824413602785129,False,30.307346407324076,1445.8589477539062,0.24880119133740664,5.00848388671875,4.806445999999999,3.5730499999999994,8.379496,20.130465854267545,,,,,,,30.05854521598667,1440.8504638671875,1443.206022,1261.2658139999999,2704.4718359999997,47.934803681080005,5.00848388671875,,1440.8504638671875,20.130465854267545,,47.934803681080005
single,memcached,data-intensive,slim,file-removal,4,memcached,True,,True,True,True,True,recorded,True,True,4.83203125,1479035,49301.166666666664,True,73.3,71.3,0.000980397884867181,False,30.286355137825012,1455.3529052734375,0.23834521183744073,5.31011962890625,5.063403000000001,3.722341,8.785744000000001,22.27911183098541,,,,,,,30.04800992598757,1450.0427856445312,1452.673039,1252.8307770000001,2705.5038160000004,48.25753150428891,5.31011962890625,,1450.0427856445312,22.27911183098541,,48.25753150428891
single,memcached,data-intensive,slim,file-removal,5,memcached,True,,True,True,True,True,recorded,True,True,5.6171875,1460846,48694.86666666667,True,72.5,73.2,0.0009872356701426134,False,30.324696774128824,1446.9254760742188,0.26706303702667356,4.7261962890625,4.544543999999999,3.8015039999999996,8.346048,17.696931562230606,,,,,,,30.05763373710215,1442.1992797851562,1444.310328,1260.8319159999999,2705.1422439999997,47.981131595364175,4.7261962890625,,1442.1992797851562,17.696931562230606,,47.981131595364175
single,memcached,data-intensive,slim,file-removal,6,memcached,True,,True,True,True,True,recorded,True,True,5.09765625,1456608,48553.6,True,71.9,73.7,0.0009877969548274786,False,30.31190583202988,1443.9180297851562,0.2560292980633676,5.0850830078125,4.940843999999999,3.7321069999999996,8.672951,19.86133245795149,,,,,,,30.05587653396651,1438.8329467773438,1441.272678,1265.4302930000001,2706.702971,47.871934300478685,5.0850830078125,,1438.8329467773438,19.86133245795149,,47.871934300478685
single,memcached,data-intensive,slim,file-removal,7,memcached,True,,True,True,True,True,recorded,True,True,5.40234375,1456079,48535.96666666667,True,72.5,73.1,0.0009895733491494967,False,30.358549278229475,1446.0292358398438,0.29832427902147174,5.13226318359375,4.904407,3.603628,8.508035,17.20363894091355,,,,,,,30.060224999208003,1440.89697265625,1442.770659,1263.881774,2706.652433,47.93367224277973,5.13226318359375,,1440.89697265625,17.20363894091355,,47.93367224277973
single,memcached,data-intensive,slim,file-removal,8,memcached,True,,True,True,True,True,recorded,True,True,5.1171875,1464003,48800.1,True,72.2,72.5,0.0009889974287188748,False,30.791640345938504,1459.5620727539062,0.7335262689739466,11.6668701171875,10.795625999999999,5.872787999999999,16.668414,15.905183782316438,,,,,,,30.058114076964557,1447.8952026367188,1447.414263,1258.9261589999999,2706.3404219999998,48.16986185258818,11.6668701171875,,1447.8952026367188,15.905183782316438,,48.16986185258818
single,memcached,data-intensive,slim,file-removal,9,memcached,True,,True,True,True,True,recorded,True,True,5.3984375,1467905,48930.166666666664,True,72.9,72.2,0.0009820926513493082,False,30.80187723878771,1455.3197631835938,0.743245248682797,13.7010498046875,14.010217999999998,9.076210000000001,23.086427999999998,18.434089997842488,,,,,,,30.058631990104914,1441.6187133789062,1444.201076,1257.2668620000002,2701.4679380000002,47.96022366731383,13.7010498046875,,1441.6187133789062,18.434089997842488,,47.96022366731383
single,neo4j,data-intensive,baseline,control,0,neo4j,True,,True,True,True,True,recorded,True,True,1374.27734375,118164,3937.3544,True,90.1,19.1,0.012735410661704813,False,46.58473573671654,2034.8455200195312,16.398413065820932,529.9784545898438,529.243274,320.043614,849.2868880000001,32.3188867399903,,,,,,,30.186322670895606,1504.8670654296875,1509.562847,758.3716549999999,2267.934502,49.85261311344219,529.9784545898438,,1504.8670654296875,32.3188867399903,,49.85261311344219
single,neo4j,data-intensive,baseline,control,1,neo4j,True,,True,True,True,True,recorded,True,True,1458.3046875,131724,4389.3222,True,89.1,20.1,0.011651047145392545,False,46.31863646116108,2067.7415161132812,16.133190462831408,533.0189819335938,535.053012,329.300671,864.353683,33.038659226245066,,,,,,,30.18544599832967,1534.7225341796875,1532.3812090000001,767.772205,2300.1534140000003,50.84312931021832,533.0189819335938,,1534.7225341796875,33.038659226245066,,50.84312931021832
single,neo4j,data-intensive,baseline,control,10,neo4j,True,,True,True,True,True,recorded,True,True,1380.7265625,115807,3858.8729,True,90.1,19.0,0.013054049981529075,False,46.33838839875534,2041.251708984375,16.144485156983137,529.5013427734375,531.281721,323.385403,854.667124,32.79766047816068,,,,,,,30.193903241772205,1511.7503662109375,1509.889995,762.992798,2272.8827929999998,50.068066857930575,529.5013427734375,,1511.7503662109375,32.79766047816068,,50.068066857930575
single,neo4j,data-intensive,baseline,control,11,neo4j,True,,True,True,True,True,recorded,True,True,1436.3046875,127493,4248.4471,True,89.3,19.9,0.011976317660424248,False,46.39835387375206,2059.3097534179688,16.19790210388601,532.4130859375,531.584394,321.177156,852.7615499999999,32.86926186631106,,,,,,,30.20045176986605,1526.8966674804688,1528.707817,762.7161259999999,2291.423943,50.558735979042645,532.4130859375,,1526.8966674804688,32.86926186631106,,50.558735979042645
single,neo4j,data-intensive,baseline,control,12,neo4j,True,,True,True,True,True,recorded,True,True,1433.375,117851,3926.9229,True,90.0,18.9,0.012972194829169883,False,46.41695248102769,2062.333251953125,16.21578003000468,533.547119140625,535.9322830000001,325.255271,861.1875540000001,32.902957375678646,,,,,,,30.201172451023012,1528.7861328125,1526.6890239999998,760.578802,2287.267826,50.62009216005503,533.547119140625,,1528.7861328125,32.902957375678646,,50.62009216005503
single,neo4j,data-intensive,baseline,control,13,neo4j,True,,True,True,True,True,recorded,True,True,1410.4921875,120728,4022.7754,True,89.8,19.5,0.012408870722046666,False,46.28489025682211,2025.044677734375,16.084543725010008,526.946533203125,526.0308190000001,319.487646,845.5184650000001,32.76104950268318,,,,,,,30.2003465318121,1498.09814453125,1500.062566,756.6984419999999,2256.761008,49.60532962604254,526.946533203125,,1498.09814453125,32.76104950268318,,49.60532962604254
single,neo4j,data-intensive,baseline,control,14,neo4j,True,,True,True,True,True,recorded,True,True,1447.53125,119455,3980.4097,True,90.0,18.9,0.012693699440787064,False,46.282452683895826,2037.9207153320312,16.087696506641805,521.5948486328125,520.5459079999999,317.83463600000005,838.380544,32.42197218336833,,,,,,,30.19475617725402,1516.3258666992188,1518.511066,758.868663,2277.379729,50.218185495449724,521.5948486328125,,1516.3258666992188,32.42197218336833,,50.218185495449724
single,neo4j,data-intensive,baseline,control,15,neo4j,True,,True,True,True,True,recorded,True,True,1397.5078125,124597,4151.6503,True,89.8,19.9,0.012038448677285568,False,46.19587759906426,2035.5806274414062,15.99655937589705,535.6260375976562,537.2870770000001,325.341758,862.6288350000001,33.483827678889206,,,,,,,30.19931822316721,1499.95458984375,1497.8346659999997,760.23957,2258.0742359999995,49.668491810290924,535.6260375976562,,1499.95458984375,33.483827678889206,,49.668491810290924
single,neo4j,data-intensive,baseline,control,16,neo4j,True,,True,True,True,True,recorded,True,True,1445.32421875,122043,4066.746,True,90.0,20.0,0.012129471396448127,False,46.24247000878677,2008.4411010742188,16.05378858372569,528.1240234375,527.357659,322.78616100000005,850.14382,32.897158242938275,,,,,,,30.188681425061077,1480.3170776367188,1482.363209,761.928226,2244.291435,49.03549965610079,528.1240234375,,1480.3170776367188,32.897158242938275,,49.03549965610079
single,neo4j,data-intensive,baseline,control,17,neo4j,True,,True,True,True,True,recorded,True,True,1431.8828125,123927,4129.5201,True,89.9,19.8,0.012295996588622989,False,46.31502670515329,2054.6951293945312,16.127350761089474,530.88916015625,532.8503810000001,324.187952,857.0383330000001,32.91855978212668,,,,,,,30.187675944063812,1523.8059692382812,1521.581615,761.0861259999999,2282.667741,50.47775032638531,530.88916015625,,1523.8059692382812,32.91855978212668,,50.47775032638531
single,neo4j,data-intensive,baseline,control,18,neo4j,True,,True,True,True,True,recorded,True,True,1439.88671875,123207,4105.5242,True,89.8,19.6,0.012175456763534894,False,46.22838141489774,2036.6009521484375,16.043378964997828,536.4994506835938,538.53451,330.373361,868.9078709999999,33.440552133941715,,,,,,,30.185002449899912,1500.1015014648438,1498.291819,763.5054300000002,2261.797249,49.696915014489846,536.4994506835938,,1500.1015014648438,33.440552133941715,,49.696915014489846
single,neo4j,data-intensive,baseline,control,19,neo4j,True,,True,True,True,True,recorded,True,True,1426.171875,121958,4063.6979,True,90.0,19.2,0.012514283441680487,False,46.26487852958962,2054.10107421875,16.08387972554192,527.8840942382812,527.099847,322.67233,849.7721769999999,32.82069396477628,,,,,,,30.180998804047704,1526.2169799804688,1528.388483,761.141423,2289.5299059999998,50.56880290442148,527.8840942382812,,1526.2169799804688,32.82069396477628,,50.56880290442148
single,neo4j,data-intensive,baseline,control,2,neo4j,True,,True,True,True,True,recorded,True,True,1512.53125,120802,4025.3691,True,89.8,19.4,0.012476817331705498,False,46.23603973397985,2040.1190795898438,16.04950608499348,532.8945922851562,535.168307,327.491654,862.6599610000001,33.20317706121937,,,,,,,30.18653364898637,1507.2244873046875,1505.17681,761.5522489999998,2266.729059,49.93035983630729,532.8945922851562,,1507.2244873046875,33.20317706121937,,49.93035983630729
single,neo4j,data-intensive,baseline,control,3,neo4j,True,,True,True,True,True,recorded,True,True,1432.63671875,119847,3993.5568,True,90.0,19.6,0.012592926199817528,False,46.185746238101274,2041.868896484375,15.994569149799645,532.6444702148438,531.691754,325.074119,856.7658729999999,33.30158288268214,,,,,,,30.19117708830163,1509.2244262695312,1514.225311,763.072631,2277.297942,49.98892298420257,532.6444702148438,,1509.2244262695312,33.30158288268214,,49.98892298420257
single,neo4j,data-intensive,baseline,control,4,neo4j,True,,True,True,True,True,recorded,True,True,1416.66015625,124865,4160.785,True,89.5,19.7,0.012220201235302878,False,46.43107286421582,2058.5762329101562,16.251516916323453,532.7008056640625,534.72916,331.235297,865.964457,32.77852820797323,,,,,,,30.179555947892368,1525.8754272460938,1523.9143110000002,758.055311,2281.969622,50.55990319674188,532.7008056640625,,1525.8754272460938,32.77852820797323,,50.55990319674188
single,neo4j,data-intensive,baseline,control,5,neo4j,True,,True,True,True,True,recorded,True,True,1423.109375,123580,4117.7773,True,90.3,19.7,0.012135292469326549,False,46.19130979338661,2031.956298828125,16.004136347211897,532.27685546875,534.402502,329.451366,863.853868,33.25870536972017,,,,,,,30.18717344617471,1499.679443359375,1500.3659710000002,760.633795,2260.999766,49.67935954763638,532.27685546875,,1499.679443359375,33.25870536972017,,49.67935954763638
single,neo4j,data-intensive,baseline,control,6,neo4j,True,,True,True,True,True,recorded,True,True,1385.8671875,125093,4168.2955,True,89.6,20.0,0.012108820139378803,False,46.34863211400807,2046.522705078125,16.156123345252126,531.7940673828125,531.1165599999999,325.185325,856.3018849999999,32.91594499611772,,,,,,,30.192508768755943,1514.7286376953125,1516.5948119999998,764.671077,2281.265889,50.16902203445897,531.7940673828125,,1514.7286376953125,32.91594499611772,,50.16902203445897
single,neo4j,data-intensive,baseline,control,7,neo4j,True,,True,True,True,True,recorded,True,True,1405.578125,121033,4033.0614,True,90.0,19.2,0.012542486838881236,False,46.123497584369034,2039.0357055664062,15.945256258361042,520.9808959960938,522.904484,318.920998,841.825482,32.67309647174297,,,,,,,30.178241326007992,1518.0548095703125,1516.110681,762.118044,2278.228725,50.30295812042677,520.9808959960938,,1518.0548095703125,32.67309647174297,,50.30295812042677
single,neo4j,data-intensive,baseline,control,8,neo4j,True,,True,True,True,True,recorded,True,True,1414.00390625,123325,4109.5619,True,89.9,19.4,0.012344656185859264,False,46.182619228959084,2056.8790283203125,15.999133842997253,534.4743041992188,533.735938,325.28920600000004,859.0251440000001,33.40645246449736,,,,,,,30.18348538596183,1522.4047241210938,1524.3452189999998,764.97668,2289.3218989999996,50.438334229921495,534.4743041992188,,1522.4047241210938,33.40645246449736,,50.438334229921495
single,neo4j,data-intensive,baseline,control,9,neo4j,True,,True,True,True,True,recorded,True,True,1528.640625,127318,4242.5976,True,89.7,20.0,0.01198474464146247,False,46.28651629574597,2054.3877563476562,16.111333407927305,528.5140380859375,530.378647,320.85434200000003,851.2329890000001,32.80386698632226,,,,,,,30.175182887818664,1525.8737182617188,1523.5544489999997,762.244265,2285.7987139999996,50.5671738240796,528.5140380859375,,1525.8737182617188,32.80386698632226,,50.5671738240796
single,neo4j,data-intensive,blafs,file-removal,0,neo4j,True,,True,True,True,True,recorded,True,True,1436.33984375,123243,4106.1781,True,89.6,19.5,0.012220732625597905,False,46.195195792708546,2031.42578125,15.999336990062147,525.3060302734375,524.566406,315.96360799999997,840.5300139999999,32.83298742939954,,,,,,,30.1958588026464,1506.1197509765625,1507.7405250000002,758.7836410000001,2266.524166,49.87835453928419,525.3060302734375,,1506.1197509765625,32.83298742939954,,49.87835453928419
single,neo4j,data-intensive,blafs,file-removal,1,neo4j,True,,True,True,True,True,recorded,True,True,1407.0234375,126306,4208.9135,True,89.5,20.1,0.011944970916520444,False,46.22457124013454,2035.3119506835938,16.02972243120894,526.5904541015625,528.557668,322.897794,851.455462,32.850877883968934,,,,,,,30.1948488089256,1508.7214965820312,1506.5918460000003,764.098019,2270.6898650000003,49.966188144517325,526.5904541015625,,1508.7214965820312,32.850877883968934,,49.966188144517325
single,neo4j,data-intensive,blafs,file-removal,10,neo4j,True,,True,True,True,True,recorded,True,True,1512.3046875,122068,4067.6185,True,90.1,19.5,0.012392753268317914,False,46.218146700412035,2050.6546020507812,16.032049771398306,537.89599609375,539.860068,335.813594,875.6736619999999,33.55129280183335,,,,,,,30.18609692901373,1512.7586059570312,1510.6174700000001,757.7805910000001,2268.3980610000003,50.11441557066708,537.89599609375,,1512.7586059570312,33.55129280183335,,50.11441557066708
single,neo4j,data-intensive,blafs,file-removal,11,neo4j,True,,True,True,True,True,recorded,True,True,1498.421875,125062,4167.411,True,89.7,19.8,0.01211454245647284,False,46.31443561706692,2046.7212524414062,16.135744574014097,531.65234375,533.7930060000001,322.760466,856.553472,32.94873324942207,,,,,,,30.178691043052822,1515.0689086914062,1512.9740319999999,758.3288689999999,2271.302901,50.203267813372484,531.65234375,,1515.0689086914062,32.94873324942207,,50.203267813372484
single,neo4j,data-intensive,blafs,file-removal,12,neo4j,True,,True,True,True,True,recorded,True,True,1403.42578125,123651,4120.4741,True,89.8,19.8,0.012389110507155724,False,46.24248585291207,2063.81005859375,16.052076447289437,531.8841552734375,531.138777,321.909454,853.048231,33.13491292045595,,,,,,,30.19040940562263,1531.9259033203125,1533.8107089999999,757.161513,2290.972222,50.74213743636773,531.8841552734375,,1531.9259033203125,33.13491292045595,,50.74213743636773
single,neo4j,data-intensive,blafs,file-removal,13,neo4j,True,,True,True,True,True,recorded,True,True,1435.11328125,124111,4135.6583,True,89.8,19.7,0.012265642428639988,False,46.2051298879087,2047.321533203125,16.023187497165054,525.0203857421875,526.807306,321.27487299999996,848.082179,32.76628859489276,,,,,,,30.181942390743643,1522.3011474609375,1520.1721340000001,762.5853890000001,2282.757523,50.43748105250525,525.0203857421875,,1522.3011474609375,32.76628859489276,,50.43748105250525
single,neo4j,data-intensive,blafs,file-removal,14,neo4j,True,,True,True,True,True,recorded,True,True,1410.11328125,123139,4103.1498,True,89.7,19.9,0.01222955902634675,False,46.19902610499412,2035.8047485351562,16.02016798965633,529.8690795898438,531.828839,322.367278,854.196117,33.075126299047675,,,,,,,30.17885811533779,1505.9356689453125,1503.677181,762.2847300000001,2265.9619110000003,49.90035286258732,529.8690795898438,,1505.9356689453125,33.075126299047675,,49.90035286258732
single,neo4j,data-intensive,blafs,file-removal,15,neo4j,True,,,,True,True,posthoc,True,True,1477.55078125,119372,3977.5555,True,90.1,19.2,0.012581301331460163,False,46.26017421018332,2021.846435546875,16.072024368215352,519.9913330078125,519.329847,319.18332599999997,838.5131729999999,32.35381686181158,,,,,,,30.18814984196797,1501.8551025390625,1503.957087,759.298899,2263.255986,49.749822708616726,519.9913330078125,,1501.8551025390625,32.35381686181158,,49.749822708616726
single,neo4j,data-intensive,blafs,file-removal,16,neo4j,True,,True,True,True,True,recorded,True,True,1454.9609375,123224,4106.124,True,89.9,19.6,0.012216320952943166,False,46.34544119006023,2040.1802978515625,16.16504411632195,534.8363647460938,534.149695,322.097747,856.247442,33.08598237638374,,,,,,,30.180397073738277,1505.3439331054688,1507.438951,756.404192,2263.843143,49.878201715753974,534.8363647460938,,1505.3439331054688,33.08598237638374,,49.878201715753974
single,neo4j,data-intensive,blafs,file-removal,17,neo4j,True,,True,True,True,True,recorded,True,True,1389.94921875,125735,4189.6267,True,89.6,20.0,0.012020048190856513,False,46.338578005786985,2030.4181518554688,16.134032582864165,519.077392578125,521.182382,317.827068,839.00945,32.172824116484875,,,,,,,30.20454542292282,1511.3407592773438,1509.315533,754.87673,2264.192263,50.03686491935607,519.077392578125,,1511.3407592773438,32.172824116484875,,50.03686491935607
single,neo4j,data-intensive,blafs,file-removal,18,neo4j,True,,True,True,True,True,recorded,True,True,1498.08203125,127449,4246.9939,True,89.1,19.9,0.012042664607203175,False,46.212075896561146,2073.557861328125,16.006771410815418,538.7322998046875,540.875019,328.888196,869.763215,33.65652485301803,,,,,,,30.205304485745728,1534.8255615234375,1532.457075,760.022469,2292.479544,50.81311338039123,538.7322998046875,,1534.8255615234375,33.65652485301803,,50.81311338039123
single,neo4j,data-intensive,blafs,file-removal,19,neo4j,True,,True,True,True,True,recorded,True,True,1396.4921875,126045,4200.141,True,89.3,19.6,0.01207959030861374,False,46.590156711637974,2049.701171875,16.378191486932337,527.1292114257812,526.30804,321.73330699999997,848.041347,32.1848240598702,,,,,,,30.211965224705637,1522.5719604492188,1524.38123,762.4511730000002,2286.8324030000003,50.39632308341682,527.1292114257812,,1522.5719604492188,32.1848240598702,,50.39632308341682
single,neo4j,data-intensive,blafs,file-removal,2,neo4j,True,,True,True,True,True,recorded,True,True,1492.76953125,125579,4184.5365,True,89.6,19.9,0.012026605264415229,False,46.28053663903847,2035.1047973632812,16.091993626207113,524.8157348632812,524.057984,316.096908,840.154892,32.613468974321265,,,,,,,30.18854301283136,1510.2890625,1512.057775,758.39851,2270.456285,50.02855095915247,524.8157348632812,,1510.2890625,32.613468974321265,,50.02855095915247
single,neo4j,data-intensive,blafs,file-removal,3,neo4j,True,,True,True,True,True,recorded,True,True,1433.25,124424,4146.0918,True,89.7,19.9,0.012241740506660943,False,46.29523844830692,2062.8585815429688,16.11323978798464,539.6922607421875,541.96187,327.006365,868.968235,33.49371497249278,,,,,,,30.18199866032228,1523.1663208007812,1520.954846,758.557445,2279.512291,50.466052230104935,539.6922607421875,,1523.1663208007812,33.49371497249278,,50.466052230104935
single,neo4j,data-intensive,blafs,file-removal,4,neo4j,True,,True,True,True,True,recorded,True,True,1510.38671875,120801,4025.1675,True,90.0,19.3,0.012545774068283014,False,46.41393342893571,2048.8040771484375,16.22917253896594,533.2620239257812,535.261508,322.718045,857.9795530000001,32.858238622174305,,,,,,,30.184760889969766,1515.5420532226562,1513.4785479999998,757.580641,2271.0591889999996,50.20884739644443,533.2620239257812,,1515.5420532226562,32.858238622174305,,50.20884739644443
single,neo4j,data-intensive,blafs,file-removal,5,neo4j,True,,True,True,True,True,recorded,True,True,1395.1328125,126116,4202.6039,True,89.6,20.1,0.01209579003655365,False,46.29521579388529,2064.7626342773438,16.085254035890102,539.2899780273438,538.60818,327.727737,866.3359169999999,33.526979233530106,,,,,,,30.20996175799519,1525.47265625,1527.4492760000003,759.2799170000001,2286.729193,50.49568312830709,539.2899780273438,,1525.47265625,33.526979233530106,,50.49568312830709
single,neo4j,data-intensive,blafs,file-removal,6,neo4j,True,,True,True,True,True,recorded,True,True,1376.84765625,120818,4025.8228,True,90.0,19.5,0.012363916729347035,False,46.45438158977777,2020.3787841796875,16.253093804698437,526.5950927734375,525.7357750000001,320.903537,846.639312,32.399683352667886,,,,,,,30.20128778507933,1493.78369140625,1496.233353,756.2506269999999,2252.48398,49.46092703186783,526.5950927734375,,1493.78369140625,32.399683352667886,,49.46092703186783
single,neo4j,data-intensive,blafs,file-removal,7,neo4j,True,,True,True,True,True,recorded,True,True,1451.65625,118930,3963.0273,True,90.2,19.2,0.012703567359903146,False,46.24507409194484,2044.5816040039062,16.04934976110235,533.746337890625,536.1184390000001,321.30600200000003,857.4244410000001,33.2565708789167,,,,,,,30.195724330842495,1510.8352661132812,1508.88072,750.312654,2259.193374,50.034741659437024,533.746337890625,,1510.8352661132812,33.2565708789167,,50.034741659437024
single,neo4j,data-intensive,blafs,file-removal,8,neo4j,True,,True,True,True,True,recorded,True,True,1328.671875,125999,4198.6672,True,89.5,20.0,0.012077066025821634,False,46.47067848034203,2049.2449340820312,16.290903864894062,527.5466918945312,526.7456000000001,319.14469,845.89029,32.3828988415654,,,,,,,30.17977461544797,1521.6982421875,1523.9986010000002,763.7617779999998,2287.7603790000003,50.421126783650536,527.5466918945312,,1521.6982421875,32.3828988415654,,50.421126783650536
single,neo4j,data-intensive,blafs,file-removal,9,neo4j,True,,True,True,True,True,recorded,True,True,1434.9453125,122903,4095.4242,True,90.0,19.5,0.012472444268008866,False,46.16799726523459,2064.7401123046875,15.976761991158128,531.8392944335938,530.858566,326.778765,857.637331,33.28830301959337,,,,,,,30.191235274076462,1532.9008178710938,1535.231299,763.7504860000001,2298.981785,50.77304071712861,531.8392944335938,,1532.9008178710938,33.28830301959337,,50.77304071712861
single,neo4j,data-intensive,confine,syscall-restriction,0,neo4j,False,TimeoutError: neo4j http,,,,,none,False,False,,,,,,,,False,,,,,,,,,,,,,,,,,,,,,,,,,,
single,neo4j,data-intensive,confine,syscall-restriction,1,neo4j,False,TimeoutError: neo4j http,,,,,none,False,False,,,,,,,,False,,,,,,,,,,,,,,,,,,,,,,,,,,
single,neo4j,data-intensive,confine,syscall-restriction,10,neo4j,False,TimeoutError: neo4j http,,,,,none,False,False,,,,,,,,False,,,,,,,,,,,,,,,,,,,,,,,,,,
single,neo4j,data-intensive,confine,syscall-restriction,11,neo4j,False,TimeoutError: neo4j http,,,,,none,False,False,,,,,,,,False,,,,,,,,,,,,,,,,,,,,,,,,,,
single,neo4j,data-intensive,confine,syscall-restriction,12,neo4j,False,TimeoutError: neo4j http,,,,,none,False,False,,,,,,,,False,,,,,,,,,,,,,,,,,,,,,,,,,,
single,neo4j,data-intensive,confine,syscall-restriction,13,neo4j,False,TimeoutError: neo4j http,,,,,none,False,False,,,,,,,,False,,,,,,,,,,,,,,,,,,,,,,,,,,
single,neo4j,data-intensive,confine,syscall-restriction,14,neo4j,False,TimeoutError: neo4j http,,,,,none,False,False,,,,,,,,False,,,,,,,,,,,,,,,,,,,,,,,,,,
single,neo4j,data-intensive,confine,syscall-restriction,15,neo4j,False,TimeoutError: neo4j http,,,,,none,False,False,,,,,,,,False,,,,,,,,,,,,,,,,,,,,,,,,,,
single,neo4j,data-intensive,confine,syscall-restriction,16,neo4j,False,TimeoutError: neo4j http,,,,,none,False,False,,,,,,,,False,,,,,,,,,,,,,,,,,,,,,,,,,,
single,neo4j,data-intensive,confine,syscall-restriction,17,neo4j,False,TimeoutError: neo4j http,,,,,none,False,False,,,,,,,,False,,,,,,,,,,,,,,,,,,,,,,,,,,
single,neo4j,data-intensive,confine,syscall-restriction,18,neo4j,False,TimeoutError: neo4j http,,,,,none,False,False,,,,,,,,False,,,,,,,,,,,,,,,,,,,,,,,,,,
single,neo4j,data-intensive,confine,syscall-restriction,19,neo4j,False,TimeoutError: neo4j http,,,,,none,False,False,,,,,,,,False,,,,,,,,,,,,,,,,,,,,,,,,,,
single,neo4j,data-intensive,confine,syscall-restriction,2,neo4j,False,TimeoutError: neo4j http,,,,,none,False,False,,,,,,,,False,,,,,,,,,,,,,,,,,,,,,,,,,,
single,neo4j,data-intensive,confine,syscall-restriction,3,neo4j,False,TimeoutError: neo4j http,,,,,none,False,False,,,,,,,,False,,,,,,,,,,,,,,,,,,,,,,,,,,
single,neo4j,data-intensive,confine,syscall-restriction,4,neo4j,False,TimeoutError: neo4j http,,,,,none,False,False,,,,,,,,False,,,,,,,,,,,,,,,,,,,,,,,,,,
single,neo4j,data-intensive,confine,syscall-restriction,5,neo4j,False,TimeoutError: neo4j http,,,,,none,False,False,,,,,,,,False,,,,,,,,,,,,,,,,,,,,,,,,,,
single,neo4j,data-intensive,confine,syscall-restriction,6,neo4j,False,TimeoutError: neo4j http,,,,,none,False,False,,,,,,,,False,,,,,,,,,,,,,,,,,,,,,,,,,,
single,neo4j,data-intensive,confine,syscall-restriction,7,neo4j,False,TimeoutError: neo4j http,,,,,none,False,False,,,,,,,,False,,,,,,,,,,,,,,,,,,,,,,,,,,
single,neo4j,data-intensive,confine,syscall-restriction,8,neo4j,False,TimeoutError: neo4j http,,,,,none,False,False,,,,,,,,False,,,,,,,,,,,,,,,,,,,,,,,,,,
single,neo4j,data-intensive,confine,syscall-restriction,9,neo4j,False,TimeoutError: neo4j http,,,,,none,False,False,,,,,,,,False,,,,,,,,,,,,,,,,,,,,,,,,,,
single,neo4j,data-intensive,slim,file-removal,0,neo4j,False,TimeoutError: neo4j http,,,,,none,False,False,,,,,,,,False,,,,,,,,,,,,,,,,,,,,,,,,,,
single,neo4j,data-intensive,slim,file-removal,1,neo4j,False,TimeoutError: neo4j http,,,,,none,False,False,,,,,,,,False,,,,,,,,,,,,,,,,,,,,,,,,,,
single,neo4j,data-intensive,slim,file-removal,10,neo4j,False,TimeoutError: neo4j http,,,,,none,False,False,,,,,,,,False,,,,,,,,,,,,,,,,,,,,,,,,,,
single,neo4j,data-intensive,slim,file-removal,11,neo4j,False,TimeoutError: neo4j http,,,,,none,False,False,,,,,,,,False,,,,,,,,,,,,,,,,,,,,,,,,,,
single,neo4j,data-intensive,slim,file-removal,12,neo4j,False,TimeoutError: neo4j http,,,,,none,False,False,,,,,,,,False,,,,,,,,,,,,,,,,,,,,,,,,,,
single,neo4j,data-intensive,slim,file-removal,13,neo4j,False,TimeoutError: neo4j http,,,,,none,False,False,,,,,,,,False,,,,,,,,,,,,,,,,,,,,,,,,,,
single,neo4j,data-intensive,slim,file-removal,14,neo4j,False,TimeoutError: neo4j http,,,,,none,False,False,,,,,,,,False,,,,,,,,,,,,,,,,,,,,,,,,,,
single,neo4j,data-intensive,slim,file-removal,15,neo4j,False,TimeoutError: neo4j http,,,,,none,False,False,,,,,,,,False,,,,,,,,,,,,,,,,,,,,,,,,,,
single,neo4j,data-intensive,slim,file-removal,16,neo4j,False,TimeoutError: neo4j http,,,,,none,False,False,,,,,,,,False,,,,,,,,,,,,,,,,,,,,,,,,,,
single,neo4j,data-intensive,slim,file-removal,17,neo4j,False,TimeoutError: neo4j http,,,,,none,False,False,,,,,,,,False,,,,,,,,,,,,,,,,,,,,,,,,,,
single,neo4j,data-intensive,slim,file-removal,18,neo4j,False,TimeoutError: neo4j http,,,,,none,False,False,,,,,,,,False,,,,,,,,,,,,,,,,,,,,,,,,,,
single,neo4j,data-intensive,slim,file-removal,19,neo4j,False,TimeoutError: neo4j http,,,,,none,False,False,,,,,,,,False,,,,,,,,,,,,,,,,,,,,,,,,,,
single,neo4j,data-intensive,slim,file-removal,2,neo4j,False,TimeoutError: neo4j http,,,,,none,False,False,,,,,,,,False,,,,,,,,,,,,,,,,,,,,,,,,,,
single,neo4j,data-intensive,slim,file-removal,3,neo4j,False,TimeoutError: neo4j http,,,,,none,False,False,,,,,,,,False,,,,,,,,,,,,,,,,,,,,,,,,,,
single,neo4j,data-intensive,slim,file-removal,4,neo4j,False,TimeoutError: neo4j http,,,,,none,False,False,,,,,,,,False,,,,,,,,,,,,,,,,,,,,,,,,,,
single,neo4j,data-intensive,slim,file-removal,5,neo4j,False,TimeoutError: neo4j http,,,,,none,False,False,,,,,,,,False,,,,,,,,,,,,,,,,,,,,,,,,,,
single,neo4j,data-intensive,slim,file-removal,6,neo4j,False,TimeoutError: neo4j http,,,,,none,False,False,,,,,,,,False,,,,,,,,,,,,,,,,,,,,,,,,,,
single,neo4j,data-intensive,slim,file-removal,7,neo4j,False,TimeoutError: neo4j http,,,,,none,False,False,,,,,,,,False,,,,,,,,,,,,,,,,,,,,,,,,,,
single,neo4j,data-intensive,slim,file-removal,8,neo4j,False,TimeoutError: neo4j http,,,,,none,False,False,,,,,,,,False,,,,,,,,,,,,,,,,,,,,,,,,,,
single,neo4j,data-intensive,slim,file-removal,9,neo4j,False,TimeoutError: neo4j http,,,,,none,False,False,,,,,,,,False,,,,,,,,,,,,,,,,,,,,,,,,,,
single,nginx,general-service,baseline,control,0,service,True,,True,True,True,True,recorded,True,True,18.01953125,1000000,109853.0248,True,91.3,88.0,0.00158915966796875,False,30.871328902430832,1596.8623657226562,0.35759006813168526,7.70269775390625,7.854106,5.817674,13.67178,21.54058079451377,,,,,,,30.513738834299147,1589.15966796875,1591.0731970000002,1368.3833379999999,2959.4565350000003,52.08013598721786,7.70269775390625,,1589.15966796875,21.54058079451377,,52.08013598721786
single,nginx,general-service,baseline,control,1,service,True,,True,True,True,True,recorded,True,True,17.94921875,1000000,110165.4669,True,91.5,87.4,0.0015849218139648436,False,30.874589955899864,1591.8321533203125,0.3629628918133676,6.91033935546875,7.208356,5.9457249999999995,13.154081,19.038693793033772,,,,,,,30.511627064086497,1584.9218139648438,1587.201259,1367.6766129999999,2954.877872,51.94484747194505,6.91033935546875,,1584.9218139648438,19.038693793033772,,51.94484747194505
single,nginx,general-service,baseline,control,10,service,True,,True,True,True,True,recorded,True,True,17.91015625,1000000,109347.6938,True,91.7,87.4,0.0015863345947265625,False,30.871069120708853,1593.2892456054688,0.3588935728184879,6.95465087890625,7.307170999999999,5.606675999999999,12.913846999999999,19.37803127620677,,,,,,,30.512175547890365,1586.3345947265625,1588.893454,1363.458423,2952.351877,51.99021591353694,6.95465087890625,,1586.3345947265625,19.37803127620677,,51.99021591353694
single,nginx,general-service,baseline,control,11,service,True,,True,True,True,True,recorded,True,True,18.09765625,1000000,109255.1257,True,90.8,87.8,0.0015828003540039061,False,30.854552182834595,1589.7662353515625,0.3428666959516704,6.96588134765625,7.291790000000001,5.633470000000001,12.925260000000002,20.316587845668575,,,,,,,30.511685486882925,1582.8003540039062,1584.984468,1376.825821,2961.810289,51.875218584183344,6.96588134765625,,1582.8003540039062,20.316587845668575,,51.875218584183344
single,nginx,general-service,baseline,control,12,service,True,,True,True,True,True,recorded,True,True,17.9609375,1000000,109414.5103,True,90.7,88.3,0.001586412109375,False,30.920130657963455,1593.6920776367188,0.36499626422300935,7.27996826171875,7.461773000000001,5.457504999999999,12.919278,19.945322665743113,,,,,,,30.555134393740445,1586.412109375,1586.551481,1372.6720229999999,2959.2235039999996,51.91965739479758,7.27996826171875,,1586.412109375,19.945322665743113,,51.91965739479758
single,nginx,general-service,baseline,control,13,service,True,,True,True,True,True,recorded,True,True,17.75,1000000,109460.1545,True,91.1,87.5,0.001585799072265625,False,30.930661633145064,1593.0792846679688,0.41584009723737836,7.28021240234375,9.292396,6.899946,16.192342,17.50724004421322,,,,,,,30.514821535907686,1585.799072265625,1581.799295,1363.905749,2945.7050440000003,51.96815817518607,7.28021240234375,,1585.799072265625,17.50724004421322,,51.96815817518607
single,nginx,general-service,baseline,control,14,service,True,,True,True,True,True,recorded,True,True,18.171875,1000000,109399.7559,True,91.4,87.6,0.001593413818359375,False,30.870326585136354,1600.480712890625,0.35682890797033906,7.06689453125,7.318402000000001,5.663804,12.982206000000001,19.804714173654972,,,,,,,30.513497677166015,1593.413818359375,1595.9052769999998,1369.977511,2965.882788,52.21996623323078,7.06689453125,,1593.413818359375,19.804714173654972,,52.21996623323078
single,nginx,general-service,baseline,control,15,service,True,,True,True,True,True,recorded,True,True,18.16015625,1000000,109178.8082,True,91.3,87.3,0.00159041064453125,False,30.853929997887462,1597.48779296875,0.3429184448905289,7.0771484375,7.330546999999999,5.435289,12.765836,20.637992919159725,,,,,,,30.511011552996933,1590.41064453125,1591.00026,1363.119435,2954.1196950000003,52.12579208554731,7.0771484375,,1590.41064453125,20.637992919159725,,52.12579208554731
single,nginx,general-service,baseline,control,16,service,True,,True,True,True,True,recorded,True,True,17.7578125,1000000,109677.8998,True,91.1,87.9,0.0015846116943359376,False,30.890764844138175,1591.8421020507812,0.3717198008671403,7.23040771484375,7.481426000000001,5.425828,12.907254000000002,19.45123100242926,,,,,,,30.519045043271035,1584.6116943359375,1587.037075,1368.700109,2955.737184,51.92206021155695,7.23040771484375,,1584.6116943359375,19.45123100242926,,51.92206021155695
single,nginx,general-service,baseline,control,17,service,True,,True,True,True,True,recorded,True,True,17.9453125,1000000,109483.2196,True,91.5,86.9,0.0015938916015625,False,30.884730282705277,1600.9995727539062,0.37220776081085205,7.10797119140625,7.299297999999999,5.741196,13.040493999999999,19.09678394647544,,,,,,,30.512522521894425,1593.8916015625,1596.084659,1365.80113,2961.885789,52.237293734688585,7.10797119140625,,1593.8916015625,19.09678394647544,,52.237293734688585
single,nginx,general-service,baseline,control,18,service,True,,True,True,True,True,recorded,True,True,17.84765625,1000000,109830.3283,True,90.8,88.3,0.0015869854736328124,False,30.863049041945487,1594.5200805664062,0.3492876160889864,7.53460693359375,7.82487,6.652387000000001,14.477257000000002,21.571354341043094,,,,,,,30.5137614258565,1586.9854736328125,1587.96377,1371.437163,2959.400933,52.00884451721661,7.53460693359375,,1586.9854736328125,21.571354341043094,,52.00884451721661
single,nginx,general-service,baseline,control,19,service,True,,True,True,True,True,recorded,True,True,17.93359375,1000000,109583.812,True,91.8,87.5,0.0015934893798828125,False,30.86792451888323,1600.7252197265625,0.3596405009739101,7.23583984375,7.365032,5.662521999999999,13.027553999999999,20.11964676991405,,,,,,,30.508284017909318,1593.4893798828125,1594.998053,1364.231432,2959.229485,52.23136702632584,7.23583984375,,1593.4893798828125,20.11964676991405,,52.23136702632584
single,nginx,general-service,baseline,control,2,service,True,,True,True,True,True,recorded,True,True,17.94921875,1000000,109338.6982,True,91.1,86.7,0.0015928170166015624,False,30.92270329128951,1600.153564453125,0.36071877740323544,7.3365478515625,7.5599169999999996,5.423875000000001,12.983792000000001,20.33869127739147,,,,,,,30.561984513886273,1592.8170166015625,1592.710949,1365.7797679999999,2958.4907169999997,52.11759124731718,7.3365478515625,,1592.8170166015625,20.33869127739147,,52.11759124731718
single,nginx,general-service,baseline,control,3,service,True,,True,True,True,True,recorded,True,True,17.9296875,1000000,109438.4207,True,90.7,87.9,0.0015826168212890626,False,30.917439352255315,1590.9423828125,0.41021319618448615,8.3255615234375,10.311375,8.087869999999999,18.399245,20.29569404611066,,,,,,,30.50722615607083,1582.6168212890625,1577.8050429999998,1368.78916,2946.5942029999997,51.8767852964609,8.3255615234375,,1582.6168212890625,20.29569404611066,,51.8767852964609
single,nginx,general-service,baseline,control,4,service,True,,True,True,True,True,recorded,True,True,18.109375,1000000,109476.5546,True,91.4,87.5,0.0015934158325195313,False,30.870571659412235,1600.8348999023438,0.36044655041769147,7.4190673828125,7.572429,5.403001,12.97543,20.582989001323945,,,,,,,30.510125108994544,1593.4158325195312,1595.744633,1363.417042,2959.1616750000003,52.22580460837848,7.4190673828125,,1593.4158325195312,20.582989001323945,,52.22580460837848
single,nginx,general-service,baseline,control,5,service,True,,True,True,True,True,recorded,True,True,18.6484375,1000000,109891.471,True,90.8,88.5,0.0015870596923828126,False,30.885949919000268,1594.62060546875,0.37161176186054945,7.5609130859375,7.534464999999999,5.598129999999999,13.132594999999998,20.34626958006458,,,,,,,30.51433815713972,1587.0596923828125,1589.1289889999998,1374.145103,2963.2740919999997,52.0102937907396,7.5609130859375,,1587.0596923828125,20.34626958006458,,52.0102937907396
single,nginx,general-service,baseline,control,6,service,True,,True,True,True,True,recorded,True,True,18.33203125,1000000,109545.9813,True,91.4,87.4,0.0015954027099609376,False,30.872236457653344,1600.6842651367188,0.3511148230172694,5.28155517578125,7.587749,5.348680999999999,12.936429999999998,15.04224495677723,,,,,,,30.521121634636074,1595.4027099609375,1594.939155,1366.371258,2961.310413,52.27208649338881,5.28155517578125,,1595.4027099609375,15.04224495677723,,52.27208649338881
single,nginx,general-service,baseline,control,7,service,True,,True,True,True,True,recorded,True,True,18.30859375,1000000,108822.9151,True,90.7,88.3,0.001589006591796875,False,30.865052370820194,1596.5835571289062,0.351058981847018,7.57696533203125,7.852213999999999,5.810776000000001,13.66299,21.583168993901676,,,,,,,30.513993388973176,1589.006591796875,1590.3819150000002,1367.607278,2957.9891930000003,52.0746849336047,7.57696533203125,,1589.006591796875,21.583168993901676,,52.0746849336047
single,nginx,general-service,baseline,control,8,service,True,,True,True,True,True,recorded,True,True,18.16796875,1000000,108995.2479,True,90.4,88.0,0.0015883602905273438,False,30.917590382974595,1595.9306640625,0.3737401287071407,7.57037353515625,7.556194,5.561814999999999,13.118008999999999,20.25571501070554,,,,,,,30.543850254267454,1588.3602905273438,1587.7659549999998,1372.011624,2959.7775789999996,52.00262171614808,7.57037353515625,,1588.3602905273438,20.25571501070554,,52.00262171614808
single,nginx,general-service,baseline,control,9,service,True,,True,True,True,True,recorded,True,True,18.38671875,1000000,109407.1844,True,91.2,87.6,0.0015929909057617187,False,30.8738557160832,1600.3757934570312,0.3635651096701622,7.3848876953125,7.578288999999999,5.353379,12.931667999999998,20.312421348716065,,,,,,,30.510290606413037,1592.9909057617188,1594.7478700000001,1361.6961600000002,2956.4440300000006,52.21159399336838,7.3848876953125,,1592.9909057617188,20.312421348716065,,52.21159399336838
single,nginx,general-service,blafs,file-removal,0,service,True,,True,True,True,True,recorded,True,True,18.1953125,1000000,109967.6594,True,91.1,88.2,0.00158883447265625,False,30.87504712305963,1595.9002075195312,0.36691763484850526,7.06573486328125,7.272625,5.759995,13.03262,19.257005366336738,,,,,,,30.508129488211125,1588.83447265625,1591.402969,1378.702952,2970.1059210000003,52.0790523480046,7.06573486328125,,1588.83447265625,19.257005366336738,,52.0790523480046
single,nginx,general-service,blafs,file-removal,1,service,True,,,,True,True,posthoc,True,True,18.14453125,1000000,109798.7248,True,91.1,87.3,0.00159307666015625,False,30.845784089062363,1598.8562622070312,0.33660724805667996,5.77960205078125,8.172159,6.944806,15.116965,17.170165182563288,,,,,,,30.509176841005683,1593.07666015625,1589.1729340000002,1370.9815979999998,2960.154532,52.216310799152225,5.77960205078125,,1593.07666015625,17.170165182563288,,52.216310799152225
single,nginx,general-service,blafs,file-removal,10,service,True,,True,True,True,True,recorded,True,True,17.8984375,1000000,109061.9279,True,91.0,87.4,0.0015835338134765624,False,30.86651155911386,1590.77783203125,0.357251008041203,7.2440185546875,7.480755,5.410753,12.891508,20.27711158718976,,,,,,,30.509260551072657,1583.5338134765625,1585.0820019999999,1363.439381,2948.521383,51.903382280462644,7.2440185546875,,1583.5338134765625,20.27711158718976,,51.903382280462644
single,nginx,general-service,blafs,file-removal,11,service,True,,True,True,True,True,recorded,True,True,18.16015625,1000000,109520.5472,True,90.8,88.1,0.0015850219116210938,False,30.916687473654747,1592.1868286132812,0.3660885486751795,7.1649169921875,7.225384999999999,5.694932,12.920316999999999,19.571540869323226,,,,,,,30.550598924979568,1585.0219116210938,1586.946194,1371.686796,2958.63299,51.881860500126145,7.1649169921875,,1585.0219116210938,19.571540869323226,,51.881860500126145
single,nginx,general-service,blafs,file-removal,12,service,True,,,,True,True,posthoc,True,True,18.40234375,1000000,109303.4015,True,90.7,88.3,0.0015775524291992188,False,30.89151099929586,1584.61669921875,0.3809497612528503,7.06427001953125,7.458965,5.553696999999999,13.012661999999999,18.543836321877716,,,,,,,30.51056123804301,1577.5524291992188,1579.2434540000002,1369.368626,2948.61208,51.705126526227254,7.06427001953125,,1577.5524291992188,18.543836321877716,,51.705126526227254
single,nginx,general-service,blafs,file-removal,13,service,True,,True,True,True,True,recorded,True,True,18.30859375,1000000,109654.119,True,90.6,88.7,0.00158434716796875,False,30.84595615323633,1591.4523315429688,0.33343079406768084,7.10516357421875,7.297955000000001,5.48845,12.786405000000002,21.309260274192077,,,,,,,30.51252535916865,1584.34716796875,1586.4699979999998,1374.418357,2960.888355,51.924485086668604,7.10516357421875,,1584.34716796875,21.309260274192077,,51.924485086668604
single,nginx,general-service,blafs,file-removal,14,service,True,,True,True,True,True,recorded,True,True,18.01953125,1000000,109566.1061,True,91.0,87.4,0.0015915697631835937,False,30.875783334020525,1599.448486328125,0.34936838783323765,7.87872314453125,8.368326,6.308577999999999,14.676903999999999,22.551333832447266,,,,,,,30.526414946187288,1591.5697631835938,1593.168468,1365.56639,2958.734858,52.13746081841749,7.87872314453125,,1591.5697631835938,22.551333832447266,,52.13746081841749
single,nginx,general-service,blafs,file-removal,15,service,True,,True,True,True,True,recorded,True,True,18.0234375,1000000,109438.3193,True,91.2,88.1,0.001583902099609375,False,30.86983357416466,1591.241455078125,0.35407834500074387,7.33935546875,7.5433769999999996,5.388840999999999,12.932217999999999,20.728055167379924,,,,,,,30.515755229163915,1583.902099609375,1584.795259,1364.173998,2948.9692569999997,51.90440438766003,7.33935546875,,1583.902099609375,20.728055167379924,,51.90440438766003
single,nginx,general-service,blafs,file-removal,16,service,True,,True,True,True,True,recorded,True,True,18.53125,1000000,110131.1289,True,91.1,88.3,0.0015860036010742187,False,30.866436422802508,1593.6854858398438,0.35301125468686223,7.681884765625,7.8990279999999995,6.463424,14.362452,21.761019411234344,,,,,,,30.513425168115646,1586.0036010742188,1587.802393,1375.6756169999999,2963.47801,51.97723927536917,7.681884765625,,1586.0036010742188,21.761019411234344,,51.97723927536917
single,nginx,general-service,blafs,file-removal,17,service,True,,True,True,True,True,recorded,True,True,18.51953125,1000000,109333.3,True,90.9,88.1,0.0015762048950195312,False,30.893492884002626,1583.6325073242188,0.3781801890581846,7.4276123046875,7.531719000000001,5.543199,13.074918,19.640405604495403,,,,,,,30.51531269494444,1576.2048950195312,1577.745351,1369.0602760000002,2946.805627,51.65291638255654,7.4276123046875,,1576.2048950195312,19.640405604495403,,51.65291638255654
single,nginx,general-service,blafs,file-removal,18,service,True,,True,True,True,True,recorded,True,True,17.859375,1000000,109092.2426,True,90.8,88.3,0.0015815593872070312,False,30.90459791198373,1589.3532104492188,0.34835127415135503,7.7938232421875,8.125345,6.338058,14.463403,22.373459839280404,,,,,,,30.556246637832373,1581.5593872070312,1584.479891,1370.560395,2955.040286,51.758954754896735,7.7938232421875,,1581.5593872070312,22.373459839280404,,51.758954754896735
single,nginx,general-service,blafs,file-removal,19,service,True,,True,True,True,True,recorded,True,True,18.09765625,1000000,109213.9996,True,91.2,87.4,0.001587171875,False,30.86941790720448,1594.42041015625,0.35736861219629645,7.24853515625,7.450543,5.439012,12.889555,20.283077217392847,,,,,,,30.512049295008183,1587.171875,1588.989218,1365.916242,2954.90546,52.01787201030983,7.24853515625,,1587.171875,20.283077217392847,,52.01787201030983
single,nginx,general-service,blafs,file-removal,2,service,True,,True,True,True,True,recorded,True,True,18.05078125,1000000,110051.3128,True,91.6,87.6,0.0015905230712890625,False,30.89659881265834,1597.8768310546875,0.3445883388631046,7.353759765625,7.559305999999999,5.142321,12.701626999999998,21.340709873953237,,,,,,,30.552010473795235,1590.5230712890625,1592.348829,1365.54051,2957.8893390000003,52.05952232352336,7.353759765625,,1590.5230712890625,21.340709873953237,,52.05952232352336
single,nginx,general-service,blafs,file-removal,3,service,True,,True,True,True,True,recorded,True,True,18.0078125,1000000,109992.0394,True,91.2,88.2,0.0015940955200195311,False,30.912108964752406,1601.49755859375,0.3610162609256804,7.40203857421875,7.663554,5.35692,13.020474,20.503338423702054,,,,,,,30.551092703826725,1594.0955200195312,1595.4808400000002,1367.9958270000002,2963.4766670000004,52.17801980024958,7.40203857421875,,1594.0955200195312,20.503338423702054,,52.17801980024958
single,nginx,general-service,blafs,file-removal,4,service,True,,True,True,True,True,recorded,True,True,18.4453125,1000000,109651.2623,True,90.9,88.6,0.0015832207641601561,False,30.86262217722833,1590.2110595703125,0.3509509200230241,6.99029541015625,7.172528000000001,5.670151,12.842679,19.918156674721505,,,,,,,30.511671257205307,1583.2207641601562,1584.8019120000001,1371.340422,2956.142334,51.88902144409018,6.99029541015625,,1583.2207641601562,19.918156674721505,,51.88902144409018
single,nginx,general-service,blafs,file-removal,5,service,True,,True,True,True,True,recorded,True,True,18.2578125,1000000,109784.6884,True,91.1,88.6,0.00157679638671875,False,30.855853617191315,1584.4898071289062,0.3424849812872708,7.69342041015625,8.022623,6.284041,14.306664,22.463526374907328,,,,,,,30.513368635904044,1576.79638671875,1577.939137,1367.3653350000002,2945.3044720000003,51.67559195228898,7.69342041015625,,1576.79638671875,22.463526374907328,,51.67559195228898
single,nginx,general-service,blafs,file-removal,6,service,True,,True,True,True,True,recorded,True,True,18.3984375,1000000,109249.8611,True,91.4,87.7,0.001590580078125,False,30.856193403247744,1598.3889770507812,0.34168480709195137,7.80889892578125,8.025554,6.099593,14.125146999999998,22.854100515156308,,,,,,,30.514508596155792,1590.580078125,1592.655835,1361.909661,2954.565496,52.125370890795885,7.80889892578125,,1590.580078125,22.854100515156308,,52.125370890795885
single,nginx,general-service,blafs,file-removal,7,service,True,,True,True,True,True,recorded,True,True,18.37109375,1000000,109595.7314,True,90.5,88.9,0.0015833853149414062,False,30.869213552214205,1590.56982421875,0.35975590301677585,7.18450927734375,7.536846000000001,5.5165869999999995,13.053433,19.970511163533924,,,,,,,30.50945764919743,1583.3853149414062,1585.635284,1376.961929,2962.597213,51.89817967750922,7.18450927734375,,1583.3853149414062,19.970511163533924,,51.89817967750922
single,nginx,general-service,blafs,file-removal,8,service,True,,True,True,True,True,recorded,True,True,17.8828125,1000000,109024.2098,True,90.6,88.1,0.0015879345092773437,False,30.91193088889122,1595.2427978515625,0.3573419968597591,7.30828857421875,7.596782,5.6132670000000005,13.210049000000001,20.4518042615823,,,,,,,30.55458889203146,1587.9345092773438,1587.8161870000001,1372.84225,2960.658437,51.97040990760874,7.30828857421875,,1587.9345092773438,20.4518042615823,,51.97040990760874
single,nginx,general-service,blafs,file-removal,9,service,True,,True,True,True,True,recorded,True,True,18.16015625,1000000,109447.1125,True,91.4,87.8,0.001584541748046875,False,30.872106415219605,1591.6920776367188,0.354789346922189,7.15032958984375,7.494732000000001,5.319871,12.814603000000002,20.153732494713072,,,,,,,30.517317068297416,1584.541748046875,1586.833402,1366.735271,2953.5686729999998,51.922708162735546,7.15032958984375,,1584.541748046875,20.153732494713072,,51.922708162735546
single,nginx,general-service,confine,syscall-restriction,0,service,True,,True,True,True,True,recorded,True,True,18.87109375,1000000,108827.5861,True,91.2,87.7,0.0015876666870117187,False,30.839046206790954,1594.9036254882812,0.32969188690185547,7.2369384765625,7.399761000000001,5.063708,12.463469,21.950611355859152,,,,,,,30.5093543198891,1587.6666870117188,1587.459437,1361.105402,2948.5648389999997,52.03868526239889,7.2369384765625,,1587.6666870117188,21.950611355859152,,52.03868526239889
single,nginx,general-service,confine,syscall-restriction,1,service,True,,True,True,True,True,recorded,True,True,18.0546875,1000000,109271.466,True,90.9,88.5,0.0015802679443359376,False,30.858462926000357,1587.3287963867188,0.3459741771221161,7.06085205078125,7.287884,5.264513000000001,12.552397000000001,20.408609999494356,,,,,,,30.51248874887824,1580.2679443359375,1580.26866,1371.196807,2951.465467,51.7908570927055,7.06085205078125,,1580.2679443359375,20.408609999494356,,51.7908570927055
single,nginx,general-service,confine,syscall-restriction,10,service,True,,True,True,True,True,recorded,True,True,18.39453125,1000000,109222.1886,True,90.9,88.3,0.0015856527709960937,False,30.85734727792442,1593.3037719726562,0.34639143804088235,7.6510009765625,7.800273000000001,6.201217,14.00149,22.08773120904767,,,,,,,30.510955839883536,1585.6527709960938,1588.368553,1371.259368,2959.6279210000002,51.96994742863311,7.6510009765625,,1585.6527709960938,22.08773120904767,,51.96994742863311
single,nginx,general-service,confine,syscall-restriction,11,service,True,,True,True,True,True,recorded,True,True,17.8828125,1000000,109018.5198,True,90.9,87.7,0.0015875782470703124,False,30.823197490070015,1593.1275024414062,0.3114402932114899,5.54925537109375,7.517315,5.335008,12.852323,17.818039258412252,,,,,,,30.511757196858525,1587.5782470703125,1586.267851,1364.360094,2950.627945,52.03168853329,5.54925537109375,,1587.5782470703125,17.818039258412252,,52.03168853329
single,nginx,general-service,confine,syscall-restriction,12,service,True,,True,True,True,True,recorded,True,True,18.30859375,1000000,109574.5632,True,91.3,86.6,0.0015942582397460937,False,30.83767629088834,1599.304931640625,0.32646415289491415,5.04669189453125,7.123456000000001,5.416124000000001,12.53958,15.458640251249069,,,,,,,30.511212137993425,1594.2582397460938,1590.922075,1360.331539,2951.253614,52.25155370870626,5.04669189453125,,1594.2582397460938,15.458640251249069,,52.25155370870626
single,nginx,general-service,confine,syscall-restriction,13,service,True,,True,True,True,True,recorded,True,True,17.56640625,1000000,110361.3691,True,91.0,88.0,0.001590616943359375,False,30.831414212938398,1596.4286499023438,0.31675312994048,5.81170654296875,7.965494,6.058944,14.024438,18.34774779987433,,,,,,,30.514661082997918,1590.616943359375,1586.6711090000001,1369.48972,2956.1608290000004,52.12631852711715,5.81170654296875,,1590.616943359375,18.34774779987433,,52.12631852711715
single,nginx,general-service,confine,syscall-restriction,14,service,True,,True,True,True,True,recorded,True,True,18.10546875,1000000,108752.6499,True,91.2,86.9,0.0015875213623046875,False,30.91978937573731,1595.075927734375,0.4076162427663803,7.5545654296875,9.382423,6.5302560000000005,15.912679,18.533524028426157,,,,,,,30.51217313297093,1587.5213623046875,1584.8329179999998,1363.1600850000002,2947.993003,52.02911491706368,7.5545654296875,,1587.5213623046875,18.533524028426157,,52.02911491706368
single,nginx,general-service,confine,syscall-restriction,15,service,True,,True,True,True,True,recorded,True,True,17.78125,1000000,109647.0457,True,91.3,87.1,0.001586623291015625,False,30.845495018642396,1593.4974975585938,0.33229748206213117,6.87420654296875,7.097089,5.435472,12.532561000000001,20.686905300364113,,,,,,,30.513197536580265,1586.623291015625,1586.959011,1361.179865,2948.138876,51.99793594602882,6.87420654296875,,1586.623291015625,20.686905300364113,,51.99793594602882
single,nginx,general-service,confine,syscall-restriction,16,service,True,,True,True,True,True,recorded,True,True,17.8984375,1000000,110187.5395,True,91.3,87.1,0.0015925225830078125,False,30.84007829707116,1597.4203491210938,0.32772994693368673,4.89776611328125,6.971539999999999,5.44182,12.413359999999999,14.944518067713446,,,,,,,30.512348350137472,1592.5225830078125,1588.7810889999998,1361.505059,2950.286148,52.19272422866913,4.89776611328125,,1592.5225830078125,14.944518067713446,,52.19272422866913
single,nginx,general-service,confine,syscall-restriction,17,service,True,,True,True,True,True,recorded,True,True,18.16796875,1000000,109735.5502,True,90.3,88.6,0.0015855608520507812,False,30.837406354025006,1590.719482421875,0.32838333398103714,5.15863037109375,7.324687999999999,5.229417,12.554105,15.709172291282117,,,,,,,30.50902302004397,1585.5608520507812,1582.517189,1370.6989449999999,2953.216134,51.970227004945116,5.15863037109375,,1585.5608520507812,15.709172291282117,,51.970227004945116
single,nginx,general-service,confine,syscall-restriction,18,service,True,,,,True,True,posthoc,True,True,18.0078125,1000000,109222.9367,True,91.1,86.8,0.0015882840576171874,False,30.847544558811933,1593.3119506835938,0.3227547910064459,5.02789306640625,7.132062,5.2396720000000006,12.371734,15.578058657867718,,,,,,,30.524789767805487,1588.2840576171875,1584.6962600000002,1356.119881,2940.8161410000002,52.03259611937939,5.02789306640625,,1588.2840576171875,15.578058657867718,,52.03259611937939
single,nginx,general-service,confine,syscall-restriction,19,service,True,,True,True,True,True,recorded,True,True,17.84375,1000000,109473.5107,True,91.4,87.0,0.00159500048828125,False,30.85334044089541,1599.9727783203125,0.3408398940227926,4.9722900390625,7.234052,5.528307,12.762359,14.588345220908893,,,,,,,30.512500546872616,1595.00048828125,1594.207772,1362.809011,2957.016783,52.273673402514035,4.9722900390625,,1595.00048828125,14.588345220908893,,52.273673402514035
single,nginx,general-service,confine,syscall-restriction,2,service,True,,True,True,True,True,recorded,True,True,17.8046875,1000000,109619.9159,True,90.8,88.0,0.001580309326171875,False,30.839467272162437,1585.1282348632812,0.3283915100619197,4.81890869140625,7.075299,5.685654000000001,12.760953,14.674279156905193,,,,,,,30.511075762100518,1580.309326171875,1576.900809,1370.131564,2947.032373,51.79461184829359,4.81890869140625,,1580.309326171875,14.674279156905193,,51.79461184829359
single,nginx,general-service,confine,syscall-restriction,3,service,True,,True,True,True,True,recorded,True,True,18.0546875,1000000,109433.165,True,90.7,88.1,0.0015914384155273438,False,30.858765186741948,1596.7605590820312,0.3267915886826813,5.3221435546875,7.776774999999999,6.399947000000001,14.176722,16.2860481695426,,,,,,,30.531973598059267,1591.4384155273438,1588.100365,1372.836878,2960.9372430000003,52.12366670029159,5.3221435546875,,1591.4384155273438,16.2860481695426,,52.12366670029159
single,nginx,general-service,confine,syscall-restriction,4,service,True,,True,True,True,True,recorded,True,True,18.59765625,1000000,109481.8464,True,90.6,88.5,0.0015821525268554688,False,30.90672925999388,1589.2462158203125,0.39515744987875223,7.09368896484375,6.9182559999999995,5.891648,12.809904,17.9515506212026,,,,,,,30.51157181011513,1582.1525268554688,1582.212136,1370.610749,2952.822885,51.854179676543474,7.09368896484375,,1582.1525268554688,17.9515506212026,,51.854179676543474
single,nginx,general-service,confine,syscall-restriction,5,service,True,,True,True,True,True,recorded,True,True,18.01171875,1000000,109161.7072,True,91.0,87.1,0.0015846500854492188,False,30.843305306043476,1589.8646850585938,0.3320515090599656,5.214599609375,7.310406,5.058459000000001,12.368865000000001,15.704188859546152,,,,,,,30.51125379698351,1584.6500854492188,1581.276164,1363.581714,2944.857878,51.936577106703,5.214599609375,,1584.6500854492188,15.704188859546152,,51.936577106703
single,nginx,general-service,confine,syscall-restriction,6,service,True,,,,True,True,posthoc,True,True,18.11328125,1000000,109470.4664,True,90.7,88.2,0.001582095458984375,False,30.84060749039054,1586.9078369140625,0.3318555150181055,4.8123779296875,7.040264999999999,5.532761999999999,12.573026999999998,14.501425204354204,,,,,,,30.508751975372434,1582.095458984375,1580.9203909999999,1372.510342,2953.430733,51.85710186576918,4.8123779296875,,1582.095458984375,14.501425204354204,,51.85710186576918
single,nginx,general-service,confine,syscall-restriction,7,service,True,,True,True,True,True,recorded,True,True,18.2265625,1000000,108895.8225,True,91.3,87.2,0.0015872605590820312,False,30.849633182864636,1594.4022827148438,0.33461074717342854,7.1417236328125,7.349346000000001,5.229051999999999,12.578398,21.34337791939166,,,,,,,30.515022435691208,1587.2605590820312,1589.093161,1368.0746840000002,2957.167845,52.01571004665321,7.1417236328125,,1587.2605590820312,21.34337791939166,,52.01571004665321
single,nginx,general-service,confine,syscall-restriction,8,service,True,,True,True,True,True,recorded,True,True,17.94140625,1000000,109577.6808,True,90.4,88.2,0.0015868841552734375,False,30.875427751336247,1591.662109375,0.3383634202182293,4.7779541015625,7.053204,5.790877999999999,12.844082,14.120776112503334,,,,,,,30.537064331118017,1586.8841552734375,1585.6651920000002,1373.0342660000001,2958.699458,51.96583856478842,4.7779541015625,,1586.8841552734375,14.120776112503334,,51.96583856478842
single,nginx,general-service,confine,syscall-restriction,9,service,True,,True,True,True,True,recorded,True,True,18.5625,1000000,109139.1962,True,91.3,87.4,0.0015895311889648437,False,30.868436394724995,1594.70947265625,0.33260401198640466,5.17828369140625,7.407146,5.1921870000000006,12.599333000000001,15.568915301051494,,,,,,,30.53583238273859,1589.5311889648438,1588.738425,1365.843306,2954.581731,52.0546212410892,5.17828369140625,,1589.5311889648438,15.568915301051494,,52.0546212410892
single,nginx,general-service,slim,file-removal,0,service,True,,True,True,True,True,recorded,True,True,18.4296875,1000000,109406.2605,True,91.6,87.4,0.0015829989624023438,False,30.84809799073264,1590.7759399414062,0.33579220809042454,7.7769775390625,7.909708,6.113754000000001,14.023462000000002,23.16008934003692,,,,,,,30.512305782642215,1582.9989624023438,1582.7864749999999,1365.945539,2948.732014,51.880673118544756,7.7769775390625,,1582.9989624023438,23.16008934003692,,51.880673118544756
single,nginx,general-service,slim,file-removal,1,service,True,,True,True,True,True,recorded,True,True,18.19140625,1000000,109886.875,True,91.0,87.5,0.0015924307861328124,False,30.828007605858147,1598.846435546875,0.31266459403559566,6.4156494140625,8.510659,6.865582999999999,15.376242,20.519270606418914,,,,,,,30.51534301182255,1592.4307861328125,1587.3471940000002,1363.499012,2950.846206,52.1845940095072,6.4156494140625,,1592.4307861328125,20.519270606418914,,52.1845940095072
single,nginx,general-service,slim,file-removal,10,service,True,,True,True,True,True,recorded,True,True,18.21875,1000000,109293.7915,True,90.7,88.3,0.001584987060546875,False,30.871370669919997,1592.0765380859375,0.3544610640965402,7.0894775390625,7.454754,5.5385599999999995,12.993314,20.00072294860466,,,,,,,30.516909605823457,1584.987060546875,1585.048554,1370.526521,2955.5750749999997,51.93799375558056,7.0894775390625,,1584.987060546875,20.00072294860466,,51.93799375558056
single,nginx,general-service,slim,file-removal,11,service,True,,True,True,True,True,recorded,True,True,18.07421875,1000000,109146.5575,True,90.8,88.3,0.0015803163452148437,False,30.881973993964493,1587.6012573242188,0.3698536339215934,7.284912109375,7.352398000000001,5.4259499999999985,12.778348,19.696743363401303,,,,,,,30.5121203600429,1580.3163452148438,1582.02244,1372.269863,2954.292303,51.79306867458299,7.284912109375,,1580.3163452148438,19.696743363401303,,51.79306867458299
single,nginx,general-service,slim,file-removal,12,service,True,,True,True,True,True,recorded,True,True,18.2890625,1000000,110274.4452,True,91.0,88.8,0.0015872600708007813,False,30.853613290935755,1595.0471801757812,0.3384071118198335,7.787109375,8.065958,6.211593,14.277550999999999,23.011068925601727,,,,,,,30.51520617911592,1587.2600708007812,1587.3195449999998,1369.389195,2956.70874,52.01538083944111,7.787109375,,1587.2600708007812,23.011068925601727,,52.01538083944111
single,nginx,general-service,slim,file-removal,13,service,True,,True,True,True,True,recorded,True,True,17.85546875,1000000,109167.1695,True,90.6,88.0,0.0015791488037109375,False,30.889798712916672,1584.3007202148438,0.35291058011353016,5.15191650390625,7.392315000000001,5.512254,12.904569000000002,14.598362288398652,,,,,,,30.536888132803142,1579.1488037109375,1578.977953,1372.6845349999999,2951.662488,51.71282669155127,5.15191650390625,,1579.1488037109375,14.598362288398652,,51.71282669155127
single,nginx,general-service,slim,file-removal,14,service,True,,True,True,True,True,recorded,True,True,17.7265625,1000000,109126.3033,True,90.8,88.4,0.001576970703125,False,30.872625113930553,1584.1341552734375,0.35237325308844447,7.1634521484375,7.445599,5.4211290000000005,12.866728,20.329159735172915,,,,,,,30.52025186084211,1576.970703125,1579.196641,1371.188812,2950.385453,51.66964906827242,7.1634521484375,,1576.970703125,20.329159735172915,,51.66964906827242
single,nginx,general-service,slim,file-removal,15,service,True,,True,True,True,True,recorded,True,True,17.97265625,1000000,109642.1057,True,91.3,87.3,0.0015922076416015625,False,30.86668349429965,1597.2333984375,0.35396522795781493,5.0257568359375,7.416850999999999,5.9228369999999995,13.339687999999999,14.19844786713474,,,,,,,30.512718266341835,1592.2076416015625,1592.429089,1367.866311,2960.2954,52.181769834577636,5.0257568359375,,1592.2076416015625,14.19844786713474,,52.181769834577636
single,nginx,general-service,slim,file-removal,16,service,True,,True,True,True,True,recorded,True,True,18.08984375,1000000,109479.0405,True,91.4,87.5,0.0015881920166015626,False,30.867745329160243,1595.36767578125,0.3499057609587908,7.1756591796875,7.4705010000000005,5.346605,12.817106,20.507405079656845,,,,,,,30.517839568201452,1588.1920166015625,1590.3606140000002,1365.2433310000001,2955.6039450000003,52.041430162586096,7.1756591796875,,1588.1920166015625,20.507405079656845,,52.041430162586096
single,nginx,general-service,slim,file-removal,17,service,True,,True,True,True,True,recorded,True,True,18.25390625,1000000,110327.2295,True,91.0,89.0,0.00157525146484375,False,30.863829528912902,1582.5344848632812,0.3479958660900593,7.28302001953125,7.514079,5.574388,13.088467,20.928467057267994,,,,,,,30.515833662822843,1575.25146484375,1577.261526,1377.848279,2955.109805,51.6207907753431,7.28302001953125,,1575.25146484375,20.928467057267994,,51.6207907753431
single,nginx,general-service,slim,file-removal,18,service,True,,True,True,True,True,recorded,True,True,17.97265625,1000000,110211.8441,True,91.9,86.8,0.0015899383544921875,False,30.873671742156148,1596.9927978515625,0.36025841999799013,7.054443359375,7.247784,5.702560999999999,12.950344999999999,19.581619659061282,,,,,,,30.513413322158158,1589.9383544921875,1592.6616940000001,1363.011526,2955.67322,52.106211052357416,7.054443359375,,1589.9383544921875,19.581619659061282,,52.106211052357416
single,nginx,general-service,slim,file-removal,19,service,True,,True,True,True,True,recorded,True,True,17.88671875,1000000,109714.6182,True,91.3,87.6,0.001588111572265625,False,30.869810014031827,1595.0994873046875,0.3440895392559469,6.9879150390625,7.247479,5.104296,12.351775,20.308420459898443,,,,,,,30.52572047477588,1588.111572265625,1591.370071,1363.584034,2954.954105,52.02535919104412,6.9879150390625,,1588.111572265625,20.308420459898443,,52.02535919104412
single,nginx,general-service,slim,file-removal,2,service,True,,True,True,True,True,recorded,True,True,18.27734375,1000000,109939.7566,True,90.9,88.5,0.0015843641357421875,False,30.86140290275216,1591.9302368164062,0.3471326599828899,7.56610107421875,7.747844000000001,6.440351999999999,14.188196,21.795993135856712,,,,,,,30.51427024276927,1584.3641357421875,1584.90024,1371.0888360000001,2955.989076,51.9220719727886,7.56610107421875,,1584.3641357421875,21.795993135856712,,51.9220719727886
single,nginx,general-service,slim,file-removal,3,service,True,,True,True,True,True,recorded,True,True,18.27734375,1000000,109529.7426,True,91.1,87.5,0.0015836891479492187,False,30.847319379914552,1590.9089965820312,0.3375393161550164,7.2198486328125,7.426068,5.372483,12.798551,21.389652367183064,,,,,,,30.509780063759536,1583.6891479492188,1584.1243009999998,1364.323533,2948.4478339999996,51.90758978398451,7.2198486328125,,1583.6891479492188,21.389652367183064,,51.90758978398451
single,nginx,general-service,slim,file-removal,4,service,True,,True,True,True,True,recorded,True,True,18.37109375,1000000,110604.6362,True,91.7,87.5,0.0015869156494140624,False,30.846684094984084,1593.6644287109375,0.33432284090667963,6.748779296875,6.9553650000000005,5.429612,12.384977,20.186414061846296,,,,,,,30.512361254077405,1586.9156494140625,1586.455411,1366.8680829999998,2953.3234939999998,52.008942742902306,6.748779296875,,1586.9156494140625,20.186414061846296,,52.008942742902306
single,nginx,general-service,slim,file-removal,5,service,True,,True,True,True,True,recorded,True,True,18.20703125,1000000,109715.2735,True,90.4,88.5,0.0015867349243164062,False,30.91233190987259,1593.787841796875,0.35841432260349393,7.05291748046875,7.347209999999999,5.382372,12.729581999999999,19.67811283108583,,,,,,,30.553917587269098,1586.7349243164062,1586.5545330000002,1374.847005,2961.401538,51.932290508551716,7.05291748046875,,1586.7349243164062,19.67811283108583,,51.932290508551716
single,nginx,general-service,slim,file-removal,6,service,True,,True,True,True,True,recorded,True,True,18.015625,1000000,109487.1515,True,90.7,88.6,0.0015806563110351563,False,30.919638331979513,1587.6746215820312,0.36619361536577344,7.018310546875,7.328289,5.479844,12.808133,19.165573216957217,,,,,,,30.55344471661374,1580.6563110351562,1582.701881,1374.9002890000002,2957.60217,51.734144077563165,7.018310546875,,1580.6563110351562,19.165573216957217,,51.734144077563165
single,nginx,general-service,slim,file-removal,7,service,True,,True,True,True,True,recorded,True,True,18.359375,1000000,109238.4927,True,91.0,87.4,0.0015896072387695313,False,30.841766411904246,1595.6707153320312,0.3297783611342311,6.0634765625,8.387917999999999,6.584517000000001,14.972435,18.38652039401687,,,,,,,30.511988050770015,1589.6072387695312,1585.9873949999999,1365.387618,2951.375013,52.097793042017635,6.0634765625,,1589.6072387695312,18.38652039401687,,52.097793042017635
single,nginx,general-service,slim,file-removal,8,service,True,,True,True,True,True,recorded,True,True,17.734375,1000000,110521.8921,True,91.8,87.3,0.001593548095703125,False,30.873746219091117,1600.504150390625,0.33666721312329173,6.9560546875,7.193829999999999,5.62407,12.817899999999998,20.661515040232345,,,,,,,30.537079005967826,1593.548095703125,1596.086185,1368.131691,2964.2178759999997,52.18403814561634,6.9560546875,,1593.548095703125,20.661515040232345,,52.18403814561634
single,nginx,general-service,slim,file-removal,9,service,True,,True,True,True,True,recorded,True,True,17.828125,1000000,109099.3827,True,91.8,87.5,0.0015918616943359375,False,30.88952774181962,1599.1408081054688,0.36446936381980777,7.27911376953125,7.490398,5.459825,12.950223000000001,19.971812426818996,,,,,,,30.525058377999812,1591.8616943359375,1594.3398519999998,1363.313405,2957.653257,52.14934152208642,7.27911376953125,,1591.8616943359375,19.971812426818996,,52.14934152208642
single,node,general-service,baseline,control,0,service,True,,True,True,True,True,recorded,True,True,92.359375,659382,21973.7604,True,35.3,44.9,0.0015438484836997465,False,30.906446577981114,1025.4144897460938,0.3779352088458836,7.4285888671875,7.4058649999999995,5.433701,12.839566,19.655720592618213,,,,,,,30.52851136913523,1017.9859008789062,1018.9932409999999,846.9171439999999,1865.9103849999997,33.34541565325405,7.4285888671875,,1017.9859008789062,19.655720592618213,,33.34541565325405
single,node,general-service,baseline,control,1,service,True,,True,True,True,True,recorded,True,True,91.9921875,672234,22401.948,True,35.0,44.9,0.0015094034253639265,False,30.87505792407319,1022.28662109375,0.34690468991175294,7.61431884765625,7.897685,6.284591,14.182276,21.949310773495775,,,,,,,30.528153234161437,1014.6723022460938,1015.651697,854.0578720000001,1869.709569,33.237264451053036,7.61431884765625,,1014.6723022460938,21.949310773495775,,33.237264451053036
single,node,general-service,baseline,control,10,service,True,,True,True,True,True,recorded,True,True,92.4375,655916,21858.1241,True,35.2,45.1,0.0015483841289378613,False,30.90350388083607,1023.2725830078125,0.3603440076112747,7.66265869140625,7.856608,6.004989,13.861597,21.264842843376577,,,,,,,30.543159873224795,1015.6099243164062,1016.693869,843.993872,1860.687741,33.25163239598944,7.66265869140625,,1015.6099243164062,21.264842843376577,,33.25163239598944
single,node,general-service,baseline,control,11,service,True,,True,True,True,True,recorded,True,True,92.046875,663756,22119.5147,True,34.8,45.0,0.001536136489932624,False,30.897703321184963,1026.8433227539062,0.3676782981492579,7.2235107421875,7.348919,5.635911,12.98483,19.646279855372747,,,,,,,30.530025023035705,1019.6198120117188,1020.8598139999999,858.3264770000001,1879.186291,33.39728058664835,7.2235107421875,,1019.6198120117188,19.646279855372747,,33.39728058664835
single,node,general-service,baseline,control,12,service,True,,True,True,True,True,recorded,True,True,91.33203125,665414,22174.5548,True,35.3,45.5,0.0015198433956036205,False,30.928248771000654,1018.4212036132812,0.3644651989452541,7.09613037109375,7.394268,5.460922999999999,12.855191,19.46998065008575,,,,,,,30.5637835720554,1011.3250732421875,1012.4109209999999,845.329929,1857.74085,33.08900126379793,7.09613037109375,,1011.3250732421875,19.46998065008575,,33.08900126379793
single,node,general-service,baseline,control,13,service,True,,True,True,True,True,recorded,True,True,92.16796875,662557,22079.4609,True,35.1,44.9,0.0015448800721402556,False,30.931010607164353,1032.3071899414062,0.3488026629202068,8.736083984375,8.762917000000002,7.474529,16.237446000000002,25.045921126965407,,,,,,,30.582207944244146,1023.5711059570312,1024.7675179999999,852.366653,1877.134171,33.46949663749431,8.736083984375,,1023.5711059570312,25.045921126965407,,33.46949663749431
single,node,general-service,baseline,control,14,service,True,,True,True,True,True,recorded,True,True,92.58203125,666186,22200.301,True,35.1,45.0,0.0015327001085165216,False,30.92247230373323,1028.0869140625,0.3763686427846551,7.0235595703125,7.246808000000001,5.623948,12.870756,18.661383473253732,,,,,,,30.546103660948575,1021.0633544921875,1022.4195629999999,855.245675,1877.665238,33.42695899371146,7.0235595703125,,1021.0633544921875,18.661383473253732,,33.42695899371146
single,node,general-service,baseline,control,15,service,True,,True,True,True,True,recorded,True,True,92.046875,651985,21727.2794,True,34.5,44.9,0.0015532394806221576,False,30.886522349901497,1020.03369140625,0.3679213812574744,7.3448486328125,7.527691000000001,5.502061,13.029752000000002,19.963092679499685,,,,,,,30.518600968644023,1012.6888427734375,1013.79251,846.596161,1860.3886710000002,33.18267583150069,7.3448486328125,,1012.6888427734375,19.963092679499685,,33.18267583150069
single,node,general-service,baseline,control,16,service,True,,True,True,True,True,recorded,True,True,91.890625,662748,22085.7941,True,34.8,45.1,0.0015308789692276043,False,30.881889775861055,1022.7894897460938,0.34865641174837947,8.2025146484375,8.423928,7.274762000000001,15.698690000000001,23.526068565052352,,,,,,,30.533233364112675,1014.5869750976562,1015.8102050000001,849.0778439999999,1864.8880490000001,33.228939857059295,8.2025146484375,,1014.5869750976562,23.526068565052352,,33.228939857059295
single,node,general-service,baseline,control,17,service,True,,True,True,True,True,recorded,True,True,91.5078125,653705,21784.2947,True,34.8,44.9,0.0015307583201532515,False,30.987099988851696,1008.0712890625,0.42598131764680147,7.40692138671875,9.454993000000002,6.833844999999999,16.288838000000002,17.38790195691195,,,,,,,30.561118671204895,1000.6643676757812,999.507695,838.232107,1837.739802,32.74305428546439,7.40692138671875,,1000.6643676757812,17.38790195691195,,32.74305428546439
single,node,general-service,baseline,control,18,service,True,,True,True,True,True,recorded,True,True,92.0078125,665796,22187.3421,True,35.0,45.3,0.001531780870807509,False,30.911025180947036,1027.4690551757812,0.36424751160666347,7.615478515625,7.721293,5.447374000000001,13.168667000000001,20.907427704952052,,,,,,,30.546777669340372,1019.8535766601562,1021.0889990000001,843.9275269999999,1865.0165259999999,33.38661732834025,7.615478515625,,1019.8535766601562,20.907427704952052,,33.38661732834025
single,node,general-service,baseline,control,19,service,True,,True,True,True,True,recorded,True,True,91.4375,655041,21828.5484,True,34.6,44.9,0.0015493885495752842,False,30.920039635151625,1022.3310546875,0.3699674657545984,7.41802978515625,7.370648,5.529893000000001,12.900541,20.050492196729195,,,,,,,30.550072169397026,1014.9130249023438,1015.9950790000001,849.341149,1865.3362280000001,33.22129713065013,7.41802978515625,,1014.9130249023438,20.050492196729195,,33.22129713065013
single,node,general-service,baseline,control,2,service,True,,True,True,True,True,recorded,True,True,92.99609375,662150,22065.6908,True,35.2,44.9,0.0015326396455615703,False,30.900919931940734,1023.4421997070312,0.3609877252019942,8.6048583984375,8.743813,7.546916999999999,16.290729999999996,23.83698335898421,,,,,,,30.53993220673874,1014.8373413085938,1016.052269,852.028153,1868.080422,33.22984918364247,8.6048583984375,,1014.8373413085938,23.83698335898421,,33.22984918364247
single,node,general-service,baseline,control,3,service,True,,True,True,True,True,recorded,True,True,91.51171875,668148,22265.4894,True,35.2,45.2,0.0015332934004820976,False,30.993233251851052,1034.04931640625,0.42980370996519923,9.5823974609375,9.724827999999999,7.321942,17.04677,22.294822587067426,,,,,,,30.563429541885853,1024.4669189453125,1025.503295,856.452398,1881.9556929999999,33.51937051243955,9.5823974609375,,1024.4669189453125,22.294822587067426,,33.51937051243955
single,node,general-service,baseline,control,4,service,True,,True,True,True,True,recorded,True,True,91.58203125,660889,22023.4693,True,35.0,45.0,0.0015448135108129448,False,30.899405640084296,1028.2976684570312,0.35921791289001703,7.347412109375,7.604595,5.386521999999999,12.991117,20.453913476259693,,,,,,,30.54018772719428,1020.9502563476562,1022.1541830000001,847.410429,1869.5646120000001,33.429730866996564,7.347412109375,,1020.9502563476562,20.453913476259693,,33.429730866996564
single,node,general-service,baseline,control,5,service,True,,True,True,True,True,recorded,True,True,92.64453125,652915,21758.0784,True,34.7,44.7,0.0015526899154297458,False,30.963445155881345,1020.9948120117188,0.43113316176459193,7.22027587890625,9.367713,7.135541000000001,16.503254000000002,16.7472060125328,,,,,,,30.532311994116753,1013.7745361328125,1010.1241230000002,844.608068,1854.732191,33.203333449761544,7.22027587890625,,1013.7745361328125,16.7472060125328,,33.203333449761544
single,node,general-service,baseline,control,6,service,True,,True,True,True,True,recorded,True,True,91.83203125,664726,22151.3952,True,34.9,45.0,0.001537503872013619,False,30.919981061015278,1029.0220947265625,0.3644097978249192,7.0032958984375,7.201154,5.759812,12.960965999999999,19.21818771130362,,,,,,,30.55557126319036,1022.018798828125,1023.1209769999999,848.8358999999999,1871.9568769999998,33.44787076716609,7.0032958984375,,1022.018798828125,19.21818771130362,,33.44787076716609
single,node,general-service,baseline,control,7,service,True,,True,True,True,True,recorded,True,True,91.68359375,661492,22043.9577,True,35.1,44.8,0.0015323822969455319,False,30.92897875700146,1021.2905883789062,0.38947862619534135,7.6319580078125,7.544048,5.425280000000001,12.969328,19.59531921524424,,,,,,,30.53950013080612,1013.6586303710938,1014.8950460000001,848.160793,1863.055839,33.19172304816429,7.6319580078125,,1013.6586303710938,19.59531921524424,,33.19172304816429
single,node,general-service,baseline,control,8,service,True,,True,True,True,True,recorded,True,True,92.2421875,668828,22288.3899,True,35.4,45.1,0.001522913787718965,False,30.903584422077984,1026.083984375,0.3584077637642622,7.5166015625,7.593120000000001,5.380601,12.973721000000001,20.97220630366685,,,,,,,30.54517665831372,1018.5673828125,1019.7740010000001,851.1715270000001,1870.9455280000002,33.3462593523835,7.5166015625,,1018.5673828125,20.97220630366685,,33.3462593523835
single,node,general-service,baseline,control,9,service,True,,True,True,True,True,recorded,True,True,91.95703125,658304,21937.3756,True,35.1,44.9,0.0015413013386304524,False,30.886120772454888,1022.0308227539062,0.34701040107756853,7.385986328125,7.581584,6.059066999999999,13.640650999999998,21.284625201980568,,,,,,,30.53911037137732,1014.6448364257812,1015.6801389999999,850.495625,1866.175764,33.22443987683262,7.385986328125,,1014.6448364257812,21.284625201980568,,33.22443987683262
single,node,general-service,blafs,file-removal,0,service,True,,True,True,True,True,recorded,True,True,92.609375,646753,21552.6123,True,34.3,44.7,0.0015730938986633035,False,30.879077858757228,1025.1967163085938,0.35276500415056944,7.79351806640625,8.092935999999998,6.510969,14.603904999999997,22.092662182215133,,,,,,,30.526312854606658,1017.4031982421875,1018.6734180000001,854.768381,1873.4417990000002,33.32872866395502,7.79351806640625,,1017.4031982421875,22.092662182215133,,33.32872866395502
single,node,general-service,blafs,file-removal,1,service,True,,True,True,True,True,recorded,True,True,92.66796875,664994,22160.7462,True,35.2,45.3,0.0015426731793115802,False,30.91390276188031,1033.1390380859375,0.3605155679397285,7.2706298828125,7.342083,5.717881,13.059964,20.167311842766285,,,,,,,30.55338719394058,1025.868408203125,1027.156245,857.489321,1884.645566,33.57625790199057,7.2706298828125,,1025.868408203125,20.167311842766285,,33.57625790199057
single,node,general-service,blafs,file-removal,10,service,True,,True,True,True,True,recorded,True,True,91.9296875,667718,22251.1944,True,35.6,45.1,0.0015300456750992747,False,30.937716154847294,1029.0254516601562,0.3621922768652439,7.38641357421875,7.495647000000001,5.515366,13.011013000000002,20.39362528143281,,,,,,,30.57552387798205,1021.6390380859375,1022.750983,851.197162,1873.948145,33.41362333358536,7.38641357421875,,1021.6390380859375,20.39362528143281,,33.41362333358536
single,node,general-service,blafs,file-removal,11,service,True,,True,True,True,True,recorded,True,True,92.7109375,669573,22312.503,True,35.2,45.4,0.0015298679552000864,False,30.905604178085923,1032.3494873046875,0.34622483793646097,7.9912109375,8.415750000000001,7.333843,15.749593,23.080986867171394,,,,,,,30.559379340149462,1024.3582763671875,1025.653807,858.754271,1884.408078,33.5202578876125,7.9912109375,,1024.3582763671875,23.080986867171394,,33.5202578876125
single,node,general-service,blafs,file-removal,12,service,True,,True,True,True,True,recorded,True,True,91.79296875,665252,22168.9704,True,34.8,44.7,0.0015354584381181869,False,30.884692155290395,1029.239501953125,0.3494973350316286,7.772705078125,7.924968,6.159469999999999,14.084437999999999,22.239669087667263,,,,,,,30.535194820258766,1021.466796875,1022.577156,859.277768,1881.854924,33.45211330360668,7.772705078125,,1021.466796875,22.239669087667263,,33.45211330360668
single,node,general-service,blafs,file-removal,13,service,True,,True,True,True,True,recorded,True,True,92.48046875,662286,22070.4739,True,35.1,45.0,0.0015446432590583978,False,30.92484990740195,1030.258544921875,0.3602200769819319,7.262939453125,7.552654,5.408310999999999,12.960965,20.162505971285153,,,,,,,30.564629830420017,1022.99560546875,1024.171634,848.717737,1872.8893710000002,33.469916408102364,7.262939453125,,1022.99560546875,20.162505971285153,,33.469916408102364
single,node,general-service,blafs,file-removal,14,service,True,,True,True,True,True,recorded,True,True,92.03515625,651921,21724.7849,True,35.0,44.7,0.0015591507486863822,False,30.90002879081294,1023.81640625,0.3730410346761346,7.373291015625,7.391339,5.473801999999999,12.865141,19.765361797332343,,,,,,,30.526987756136805,1016.443115234375,1017.569722,846.234528,1863.80425,33.29654151776048,7.373291015625,,1016.443115234375,19.765361797332343,,33.29654151776048
single,node,general-service,blafs,file-removal,15,service,True,,True,True,True,True,recorded,True,True,91.984375,662407,22074.1537,True,35.3,45.2,0.0015257622551460527,False,30.862373032141477,1016.2415771484375,0.33940296107903123,5.56597900390625,8.199625000000001,6.39067,14.590295000000001,16.399323642347927,,,,,,,30.522970071062446,1010.6755981445312,1009.202495,842.657084,1851.859579,33.11196766866114,5.56597900390625,,1010.6755981445312,16.399323642347927,,33.11196766866114
single,node,general-service,blafs,file-removal,16,service,True,,,,True,True,posthoc,True,True,92.046875,663365,22106.2574,True,34.6,44.4,0.0015237049316328963,False,30.902611433062702,1018.3562622070312,0.36221665889024734,7.583740234375,7.7271529999999995,6.092575,13.819728,20.93702773806683,,,,,,,30.540394774172455,1010.7725219726562,1011.8921240000001,852.823256,1864.71538,33.09624939188576,7.583740234375,,1010.7725219726562,20.93702773806683,,33.09624939188576
single,node,general-service,blafs,file-removal,17,service,True,,True,True,True,True,recorded,True,True,92.4140625,664645,22149.1438,True,34.8,44.7,0.0015244368807196887,False,30.887184696737677,1021.2603149414062,0.3554626889526844,8.05096435546875,8.377176,6.711652000000001,15.088828000000001,22.649252947446232,,,,,,,30.531722007784992,1013.2093505859375,1014.4256869999999,853.26222,1867.687907,33.18546364098261,8.05096435546875,,1013.2093505859375,22.649252947446232,,33.18546364098261
single,node,general-service,blafs,file-removal,18,service,True,,True,True,True,True,recorded,True,True,91.71875,657891,21923.9401,True,35.1,45.2,0.0015412095255544801,False,30.913378702942282,1021.0858764648438,0.35581642808392644,7.13800048828125,7.338787000000001,5.678087,13.016874000000001,20.060907605417277,,,,,,,30.557562274858356,1013.9478759765625,1015.1059829999999,846.469024,1861.575007,33.18156948700066,7.13800048828125,,1013.9478759765625,20.060907605417277,,33.18156948700066
single,node,general-service,blafs,file-removal,19,service,True,,True,True,True,True,recorded,True,True,91.703125,649492,21643.7027,True,35.0,44.9,0.0015679907696130207,False,30.925432960968465,1026.123779296875,0.3690409599803388,7.726318359375,7.98057,6.096603,14.077173,20.93620816449922,,,,,,,30.556392000988126,1018.3974609375,1019.563735,850.5235180000001,1870.0872530000001,33.328459096367375,7.726318359375,,1018.3974609375,20.93620816449922,,33.328459096367375
single,node,general-service,blafs,file-removal,2,service,True,,True,True,True,True,recorded,True,True,93.34375,653787,21786.7886,True,34.7,44.8,0.0015515924142068154,False,30.872927911113948,1022.4096069335938,0.3473057867959142,7.9986572265625,8.136515,6.549910000000001,14.686425,23.030590133134513,,,,,,,30.525622124318033,1014.4109497070312,1015.712975,854.177806,1869.890781,33.2314586603923,7.9986572265625,,1014.4109497070312,23.030590133134513,,33.2314586603923
single,node,general-service,blafs,file-removal,3,service,True,,True,True,True,True,recorded,True,True,92.32421875,665919,22191.2522,True,35.1,45.0,0.0015267374435624867,False,30.894038977101445,1024.5760498046875,0.3533609388396144,7.892578125,8.240884999999999,6.656477000000001,14.897362,22.33574019504836,,,,,,,30.54067803826183,1016.6834716796875,1017.8980290000001,856.301213,1874.1992420000001,33.2894859245093,7.892578125,,1016.6834716796875,22.33574019504836,,33.2894859245093
single,node,general-service,blafs,file-removal,4,service,True,,True,True,True,True,recorded,True,True,93.16015625,651424,21708.0063,True,34.8,44.9,0.0015541269109637598,False,30.944942851085216,1020.2699584960938,0.4069879921153188,7.8743896484375,9.837133,7.503399,17.340532,19.347965544414187,,,,,,,30.537954858969897,1012.3955688476562,1010.802588,842.612895,1853.415483,33.15204222165801,7.8743896484375,,1012.3955688476562,19.347965544414187,,33.15204222165801
single,node,general-service,blafs,file-removal,5,service,True,,True,True,True,True,recorded,True,True,92.80859375,653393,21773.7767,True,35.2,44.9,0.0015547221097517592,False,30.889521694276482,1023.3796997070312,0.360273877158761,7.53515625,7.644144999999999,5.434861,13.079006,20.91507802182255,,,,,,,30.52924781711772,1015.8445434570312,1016.9882409999999,842.76243,1859.7506709999998,33.27447009314943,7.53515625,,1015.8445434570312,20.91507802182255,,33.27447009314943
single,node,general-service,blafs,file-removal,6,service,True,,True,True,True,True,recorded,True,True,91.91796875,663210,22100.9418,True,35.2,45.0,0.001528773799081833,False,30.883611869066954,1021.1904296875,0.3597294990904629,7.2923583984375,7.495342,5.538987,13.034329,20.27178315060466,,,,,,,30.52388236997649,1013.8980712890625,1014.87881,848.795618,1863.674428,33.216550208119656,7.2923583984375,,1013.8980712890625,20.27178315060466,,33.216550208119656
single,node,general-service,blafs,file-removal,7,service,True,,True,True,True,True,recorded,True,True,91.84375,657510,21910.672,True,35.1,44.9,0.0015460413662018923,False,30.941912852227688,1023.9193725585938,0.374292213935405,7.3817138671875,7.426495,5.518844999999999,12.945339999999998,19.721793808036384,,,,,,,30.567620638292283,1016.5376586914062,1017.5795479999999,839.863817,1857.443365,33.255374067878286,7.3817138671875,,1016.5376586914062,19.721793808036384,,33.255374067878286
single,node,general-service,blafs,file-removal,8,service,True,,True,True,True,True,recorded,True,True,91.85546875,655882,21857.0354,True,35.0,45.0,0.0015443736523990787,False,30.897083652671427,1021.2047729492188,0.33973204297944903,8.27789306640625,8.501748000000001,7.225628,15.727376000000001,24.365947332518747,,,,,,,30.557351609691978,1012.9268798828125,1014.1603070000001,842.5863439999999,1856.746651,33.14838579013304,8.27789306640625,,1012.9268798828125,24.365947332518747,,33.14838579013304
single,node,general-service,blafs,file-removal,9,service,True,,True,True,True,True,recorded,True,True,92.609375,664998,22160.4626,True,35.0,45.1,0.00154329150854824,False,30.978867165744305,1034.397705078125,0.39019531989470124,8.1119384765625,8.144876,6.589339,14.734214999999999,20.789430479975007,,,,,,,30.588671845849603,1026.2857666015625,1027.529535,854.757699,1882.287234,33.55117122356567,8.1119384765625,,1026.2857666015625,20.789430479975007,,33.55117122356567
single,node,general-service,confine,syscall-restriction,0,service,True,,,,True,True,posthoc,True,True,92.3984375,662821,22088.1208,True,35.0,45.0,0.0015300648571067359,False,30.87808232801035,1021.1919555664062,0.3505458631552756,7.0328369140625,7.19743,5.704269999999999,12.901699999999998,20.06253005173043,,,,,,,30.527536464855075,1014.1591186523438,1015.205103,849.473167,1864.6782699999999,33.2211254524222,7.0328369140625,,1014.1591186523438,20.06253005173043,,33.2211254524222
single,node,general-service,confine,syscall-restriction,1,service,True,,True,True,True,True,recorded,True,True,92.09765625,667082,22230.109,True,34.7,44.3,0.0015192580005566688,False,30.904619067907333,1018.57568359375,0.33623943105340004,5.10601806640625,7.345624000000001,5.375414,12.721038,15.185661153451496,,,,,,,30.568379636853933,1013.4696655273438,1012.0455049999999,853.2466559999999,1865.2921609999999,33.154183426375724,5.10601806640625,,1013.4696655273438,15.185661153451496,,33.154183426375724
single,node,general-service,confine,syscall-restriction,10,service,True,,True,True,True,True,recorded,True,True,92.42578125,662592,22080.3249,True,34.8,45.0,0.0015366347091941572,False,30.865771746262908,1023.8143920898438,0.32383535243570805,5.65252685546875,7.890483,6.9909490000000005,14.881432,17.4549406448481,,,,,,,30.5419363938272,1018.161865234375,1014.7794459999999,854.4069920000001,1869.186438,33.33651973160924,5.65252685546875,,1018.161865234375,17.4549406448481,,33.33651973160924
single,node,general-service,confine,syscall-restriction,11,service,True,,True,True,True,True,recorded,True,True,92.09765625,667846,22255.7522,True,35.1,45.0,0.0015273864018438101,False,30.949921288061887,1027.6253662109375,0.40510845882818103,7.56646728515625,9.400916,6.467512,15.868428000000002,18.67763340968751,,,,,,,30.544812829233706,1020.0588989257812,1018.506182,845.638216,1864.144398,33.39548697281613,7.56646728515625,,1020.0588989257812,18.67763340968751,,33.39548697281613
single,node,general-service,confine,syscall-restriction,12,service,True,,True,True,True,True,recorded,True,True,91.84375,657846,21921.9517,True,35.0,44.9,0.0015430486449811202,False,30.86463955231011,1022.7583618164062,0.3336372133344412,7.66998291015625,7.822917,6.193831999999999,14.016748999999999,22.988991046594627,,,,,,,30.531002338975668,1015.08837890625,1014.1665320000001,846.896208,1861.06274,33.24779080739171,7.66998291015625,,1015.08837890625,22.988991046594627,,33.24779080739171
single,node,general-service,confine,syscall-restriction,13,service,True,,True,True,True,True,recorded,True,True,92.53515625,660699,22017.2235,True,34.9,45.3,0.0015410628908739078,False,30.901972498744726,1025.413330078125,0.3569837938994169,7.234619140625,7.487102999999999,5.547654,13.034756999999999,20.26595958768765,,,,,,,30.54498870484531,1018.1787109375,1019.4383690000001,851.731218,1871.169587,33.33373997208216,7.234619140625,,1018.1787109375,20.26595958768765,,33.33373997208216
single,node,general-service,confine,syscall-restriction,14,service,True,,True,True,True,True,recorded,True,True,92.35546875,665571,22179.8428,True,35.3,45.0,0.0015254130527291134,False,30.89492233423516,1020.6912231445312,0.3302364023402333,5.4205322265625,7.74589,5.652451000000001,13.398341000000002,16.41409665363868,,,,,,,30.564685931894928,1015.2706909179688,1013.7414229999999,851.000141,1864.741564,33.217115110563306,5.4205322265625,,1015.2706909179688,16.41409665363868,,33.217115110563306
single,node,general-service,confine,syscall-restriction,15,service,True,,True,True,True,True,recorded,True,True,92.87109375,668193,22266.9549,True,35.2,45.0,0.0015146208984997598,False,30.899113199673593,1019.7593994140625,0.33580001490190625,7.7003173828125,7.802653,6.446149999999999,14.248802999999999,22.931259800753473,,,,,,,30.563313184771687,1012.05908203125,1013.2571109999999,844.542699,1857.79981,33.113526531394285,7.7003173828125,,1012.05908203125,22.931259800753473,,33.113526531394285
single,node,general-service,confine,syscall-restriction,16,service,True,,True,True,True,True,recorded,True,True,92.83203125,661412,22040.9794,True,35.4,45.1,0.001538324629170481,False,30.859619175083935,1022.7415161132812,0.3299409821629524,5.275146484375,7.427960000000001,5.418566,12.846526,15.988151728813403,,,,,,,30.529678192920983,1017.4663696289062,1015.964928,847.343412,1863.30834,33.327123961130695,5.275146484375,,1017.4663696289062,15.988151728813403,,33.327123961130695
single,node,general-service,confine,syscall-restriction,17,service,True,,True,True,True,True,recorded,True,True,92.26953125,665759,22185.8022,True,35.5,44.8,0.0015291750810036459,False,30.88328278809786,1024.0575561523438,0.32428348902612925,5.9954833984375,8.318216,6.658674,14.976890000000001,18.488401664983975,,,,,,,30.55899929907173,1018.0620727539062,1016.4273910000001,848.390284,1864.817675,33.31464040397525,5.9954833984375,,1018.0620727539062,18.488401664983975,,33.31464040397525
single,node,general-service,confine,syscall-restriction,18,service,True,,True,True,True,True,recorded,True,True,91.98828125,657826,21921.5754,True,35.1,44.8,0.0015424535920747374,False,30.906589389778674,1019.860107421875,0.3409321438521147,5.19403076171875,7.470806,5.309068,12.779874,15.234793361026563,,,,,,,30.56565724592656,1014.6660766601562,1013.2507020000002,846.2940980000001,1859.5448000000001,33.19627870247676,5.19403076171875,,1014.6660766601562,15.234793361026563,,33.19627870247676
single,node,general-service,confine,syscall-restriction,19,service,True,,True,True,True,True,recorded,True,True,91.25,661264,22036.1418,True,35.2,44.5,0.0015391974414660314,False,30.870648951735348,1023.3508911132812,0.33230010187253356,5.5350341796875,7.914408,5.859787000000001,13.774195,16.65673332176911,,,,,,,30.538348849862814,1017.8158569335938,1014.001372,850.279745,1864.281117,33.32910570697623,5.5350341796875,,1017.8158569335938,16.65673332176911,,33.32910570697623
single,node,general-service,confine,syscall-restriction,2,service,True,,True,True,True,True,recorded,True,True,92.1484375,662418,22074.9498,True,35.2,44.8,0.001535891938051672,False,30.871768556069583,1022.7874145507812,0.32479086704552174,5.38494873046875,7.532634,5.448106,12.98074,16.57974184881871,,,,,,,30.54697768902406,1017.4024658203125,1013.9241010000001,849.137963,1863.0620640000002,33.30615801594928,5.38494873046875,,1017.4024658203125,16.57974184881871,,33.30615801594928
single,node,general-service,confine,syscall-restriction,3,service,True,,True,True,True,True,recorded,True,True,92.7265625,643563,21446.0302,True,34.6,45.0,0.0015647182186927504,False,30.8356069708243,1012.4147338867188,0.3206277722492814,5.41998291015625,7.548138,6.322616,13.870754,16.90428396808473,,,,,,,30.51497919857502,1006.9947509765625,1005.6314590000001,837.317132,1842.948591,33.00001433471686,5.41998291015625,,1006.9947509765625,16.90428396808473,,33.00001433471686
single,node,general-service,confine,syscall-restriction,4,service,True,,True,True,True,True,recorded,True,True,92.1796875,656851,21889.1915,True,34.8,45.3,0.0015421225866803791,False,30.868673752062023,1020.055908203125,0.3337622070685029,7.11114501953125,7.299359,5.273913,12.573272,21.30602227852516,,,,,,,30.53491154499352,1012.9447631835938,1012.0312230000001,845.522127,1857.5533500000001,33.17333216082872,7.11114501953125,,1012.9447631835938,21.30602227852516,,33.17333216082872
single,node,general-service,confine,syscall-restriction,5,service,True,,True,True,True,True,recorded,True,True,91.70703125,668036,22261.8526,True,35.1,44.8,0.0015279193623699266,False,30.87792103504762,1026.0224609375,0.3282389072701335,5.31732177734375,7.422649000000001,5.355639,12.778288,16.199547523376655,,,,,,,30.549682127777487,1020.7051391601562,1019.243667,852.055924,1871.299591,33.41131782946029,5.31732177734375,,1020.7051391601562,16.199547523376655,,33.41131782946029
single,node,general-service,confine,syscall-restriction,6,service,True,,True,True,True,True,recorded,True,True,92.31640625,657499,21910.638,True,34.8,44.7,0.001544616309985595,False,30.87381847202778,1022.698974609375,0.3325101970694959,7.11529541015625,7.276104,5.355882,12.631986000000001,21.398728438602216,,,,,,,30.541308274958283,1015.5836791992188,1016.683615,853.0064219999999,1869.6900369999998,33.25278897865439,7.11529541015625,,1015.5836791992188,21.398728438602216,,33.25278897865439
single,node,general-service,confine,syscall-restriction,7,service,True,,True,True,True,True,recorded,True,True,92.41015625,662943,22091.9507,True,35.3,45.3,0.0015324242236653453,False,30.879426130093634,1023.5415649414062,0.33574459981173277,7.63165283203125,7.671551,6.458724,14.130275000000001,22.73053039813794,,,,,,,30.5436815302819,1015.909912109375,1017.1613980000001,844.049048,1861.210446,33.26088608873728,7.63165283203125,,1015.909912109375,22.73053039813794,,33.26088608873728
single,node,general-service,confine,syscall-restriction,8,service,True,,True,True,True,True,recorded,True,True,92.1015625,660644,22015.4834,True,35.1,45.1,0.001539172985676429,False,30.883555580861866,1023.9503784179688,0.35324230790138245,7.10498046875,7.228864,5.6180889999999994,12.846953,20.113616941755335,,,,,,,30.530313272960484,1016.8453979492188,1017.9721250000001,846.126252,1864.0983770000003,33.306091190678984,7.10498046875,,1016.8453979492188,20.113616941755335,,33.306091190678984
single,node,general-service,confine,syscall-restriction,9,service,True,,True,True,True,True,recorded,True,True,92.6953125,650752,21686.2403,True,35.0,45.0,0.001553310642647612,False,30.862195453140885,1015.9295043945312,0.32067592395469546,5.1094970703125,7.081769,5.225084000000001,12.306853,15.933522564775897,,,,,,,30.54151952918619,1010.8200073242188,1009.367534,840.600265,1849.967799,33.09658533388477,5.1094970703125,,1010.8200073242188,15.933522564775897,,33.09658533388477
single,node,general-service,slim,file-removal,0,service,True,,True,True,True,True,recorded,True,True,92.23046875,667031,22228.4966,True,35.4,44.8,0.0015332487189793746,False,30.88669065386057,1030.7083129882812,0.3464610828086734,7.98388671875,8.324442000000001,6.556074000000001,14.880516000000002,23.04410831377258,,,,,,,30.540229571051896,1022.7244262695312,1024.0797759999998,856.636052,1880.7158279999999,33.487777945157916,7.98388671875,,1022.7244262695312,23.04410831377258,,33.487777945157916
single,node,general-service,slim,file-removal,1,service,True,,True,True,True,True,recorded,True,True,91.58984375,663397,22107.5338,True,35.3,45.2,0.0015325732989576284,False,30.9226979999803,1024.5204467773438,0.3748432262800634,7.81591796875,7.7610269999999995,6.051680999999999,13.812707999999999,20.85116502254826,,,,,,,30.547854773700237,1016.7045288085938,1017.757954,849.488304,1867.2462580000001,33.28235440231017,7.81591796875,,1016.7045288085938,20.85116502254826,,33.28235440231017
single,node,general-service,slim,file-removal,10,service,True,,True,True,True,True,recorded,True,True,92.2734375,654228,21801.8083,True,35.0,45.0,0.001543995272236657,False,30.85239366767928,1018.393798828125,0.33277366077527404,8.26885986328125,8.466348,7.124860000000001,15.591208000000002,24.848300325263146,,,,,,,30.519620006904006,1010.1249389648438,1009.2435099999999,842.197429,1851.440939,33.09755949570597,8.26885986328125,,1010.1249389648438,24.848300325263146,,33.09755949570597
single,node,general-service,slim,file-removal,11,service,True,,True,True,True,True,recorded,True,True,91.765625,658431,21941.2674,True,35.2,45.1,0.001546896481435365,False,30.88100235396996,1026.8121948242188,0.3506540427915752,8.28759765625,8.586282,7.351117,15.937399000000001,23.63468446070663,,,,,,,30.530348311178386,1018.5245971679688,1019.7820579999999,848.1341209999999,1867.9161789999998,33.361053951521605,8.28759765625,,1018.5245971679688,23.63468446070663,,33.361053951521605
single,node,general-service,slim,file-removal,12,service,True,,True,True,True,True,recorded,True,True,92.671875,667252,22235.6779,True,35.3,45.2,0.0015298210932032145,False,30.92755157314241,1028.063232421875,0.36838331911712885,7.28704833984375,7.295209,5.707017,13.002226,19.781157185151496,,,,,,,30.55916825402528,1020.7761840820312,1021.930001,853.071302,1875.001303,33.403271175339455,7.28704833984375,,1020.7761840820312,19.781157185151496,,33.403271175339455
single,node,general-service,slim,file-removal,13,service,True,,True,True,True,True,recorded,True,True,92.10546875,656298,21870.3383,True,34.8,44.3,0.0015425668597525439,False,30.880572638940066,1020.8853759765625,0.3336549177765846,8.5018310546875,8.667580999999998,6.986493000000001,15.654074,25.48091037093698,,,,,,,30.54691772116348,1012.383544921875,1013.642363,850.649434,1864.291797,33.14192136054619,8.5018310546875,,1012.383544921875,25.48091037093698,,33.14192136054619
single,node,general-service,slim,file-removal,14,service,True,,True,True,True,True,recorded,True,True,91.921875,646937,21558.54,True,34.7,45.0,0.0015719434261107534,False,30.917576600797474,1024.1258544921875,0.3652309929020703,7.177490234375,7.200544,5.652451000000001,12.852995,19.65191994617912,,,,,,,30.552345607895404,1016.9483642578125,1017.946918,842.116802,1860.06372,33.28544319670862,7.177490234375,,1016.9483642578125,19.65191994617912,,33.28544319670862
single,node,general-service,slim,file-removal,15,service,True,,True,True,True,True,recorded,True,True,92.76171875,655282,21836.5927,True,34.9,44.9,0.001541824674040623,False,30.896368263754994,1017.4933471679688,0.348133753053844,7.16339111328125,7.491192,5.440109999999999,12.931301999999999,20.57654866971008,,,,,,,30.54823451070115,1010.3299560546875,1011.465489,848.452539,1859.918028,33.07326829970372,7.16339111328125,,1010.3299560546875,20.57654866971008,,33.07326829970372
single,node,general-service,slim,file-removal,16,service,True,,True,True,True,True,recorded,True,True,91.62890625,668270,22269.3868,True,35.2,45.2,0.0015220431909597262,False,30.878411368001252,1024.5797729492188,0.34793262323364615,7.4439697265625,7.772563,6.4731890000000005,14.245752,21.394859893789473,,,,,,,30.530478744767606,1017.1358032226562,1018.405474,855.578315,1873.983789,33.31542265438519,7.4439697265625,,1017.1358032226562,21.394859893789473,,33.31542265438519
single,node,general-service,slim,file-removal,17,service,True,,True,True,True,True,recorded,True,True,92.6171875,659455,21975.5638,True,35.2,44.9,0.00154163880546365,False,30.877551733981818,1024.4943237304688,0.34356973413378,7.8529052734375,8.166727000000002,6.20201,14.368737000000001,22.856801671534072,,,,,,,30.533981999848038,1016.6414184570312,1015.856225,844.959384,1860.815609,33.295408979480335,7.8529052734375,,1016.6414184570312,22.856801671534072,,33.295408979480335
single,node,general-service,slim,file-removal,18,service,True,,True,True,True,True,recorded,True,True,92.1015625,650579,21680.2689,True,34.9,45.1,0.0015544778865369349,False,30.917762296739966,1018.4989013671875,0.36917191185057163,7.188232421875,7.230694,5.742661,12.973355,19.471233295735008,,,,,,,30.548590384889394,1011.3106689453125,1012.503084,849.045068,1861.5481519999998,33.104986390650254,7.188232421875,,1011.3106689453125,19.471233295735008,,33.104986390650254
single,node,general-service,slim,file-removal,19,service,True,,True,True,True,True,recorded,True,True,92.3046875,649505,21644.1357,True,34.8,45.0,0.0015438163380790948,False,30.89194383425638,1010.34912109375,0.37209820421412587,7.6326904296875,7.789346999999999,6.041001,13.830347999999999,20.51256991634184,,,,,,,30.519845630042255,1002.7164306640625,1004.0215390000001,838.4803370000001,1842.5018760000003,32.85457085264668,7.6326904296875,,1002.7164306640625,20.51256991634184,,32.85457085264668
single,node,general-service,slim,file-removal,2,service,True,,True,True,True,True,recorded,True,True,92.125,671775,22385.9544,True,35.6,45.5,0.0015140552896245022,False,30.9156859559007,1025.0057373046875,0.37711757980287075,7.9012451171875,7.852091999999999,6.657332,14.509424,20.951675393434822,,,,,,,30.538568376097828,1017.1044921875,1018.3175829999999,852.604507,1870.92209,33.30557214278504,7.9012451171875,,1017.1044921875,20.951675393434822,,33.30557214278504
single,node,general-service,slim,file-removal,3,service,True,,True,True,True,True,recorded,True,True,91.99609375,663723,22118.2367,True,34.7,44.9,0.0015215829599600943,False,30.87820831174031,1017.62646484375,0.34856734005734324,7.71685791015625,7.978861,5.994674999999999,13.973536,22.138786464867135,,,,,,,30.529640971682966,1009.9096069335938,1011.0043089999999,848.081447,1859.085756,33.079642432425295,7.71685791015625,,1009.9096069335938,22.138786464867135,,33.079642432425295
single,node,general-service,slim,file-removal,4,service,True,,True,True,True,True,recorded,True,True,92.765625,656601,21880.9377,True,35.3,44.9,0.0015525877421181204,False,30.891262111254036,1026.5498657226562,0.3691411199979484,7.11920166015625,7.280072,5.6805889999999994,12.960660999999998,19.285853768325286,,,,,,,30.522120991256088,1019.4306640625,1020.5621460000001,846.479645,1867.041791,33.399732094455175,7.11920166015625,,1019.4306640625,19.285853768325286,,33.399732094455175
single,node,general-service,slim,file-removal,5,service,True,,True,True,True,True,recorded,True,True,91.97265625,655421,21841.6322,True,34.9,45.0,0.0015464803586168279,False,30.87670219875872,1021.0012817382812,0.3526462810114026,7.40557861328125,7.834695999999999,6.0870809999999995,13.921776999999999,21.00001903335483,,,,,,,30.52405591774732,1013.595703125,1014.88528,852.105485,1866.990765,33.20645545455427,7.40557861328125,,1013.595703125,21.00001903335483,,33.20645545455427
single,node,general-service,slim,file-removal,6,service,True,,True,True,True,True,recorded,True,True,92.05078125,656040,21861.8927,True,34.8,44.6,0.0015450546853564568,False,30.88078220328316,1021.6837158203125,0.35761306900531054,8.0660400390625,8.360085999999999,6.684247999999999,15.044334,22.55521606494398,,,,,,,30.52316913427785,1013.61767578125,1014.851039,848.422205,1863.273244,33.20814006311508,8.0660400390625,,1013.61767578125,22.55521606494398,,33.20814006311508
single,node,general-service,slim,file-removal,7,service,True,,True,True,True,True,recorded,True,True,92.5078125,660752,22018.7244,True,35.0,45.2,0.0015277396530771,False,30.907734270207584,1016.2811889648438,0.3703596140258014,6.82415771484375,6.894880000000001,5.851120000000001,12.746000000000002,18.42576095342928,,,,,,,30.537374656181782,1009.45703125,1010.536842,850.218344,1860.7551859999999,33.056444524632774,6.82415771484375,,1009.45703125,18.42576095342928,,33.056444524632774
single,node,general-service,slim,file-removal,8,service,True,,True,True,True,True,recorded,True,True,92.3515625,661097,22030.6427,True,34.7,44.4,0.0015370695050411947,False,30.953643755987287,1023.4406127929688,0.3584473398514092,7.28857421875,7.451824,5.533432999999999,12.985256999999999,20.33373778634096,,,,,,,30.595196416135877,1016.1520385742188,1017.1458339999999,855.45655,1872.6023839999998,33.21279670027878,7.28857421875,,1016.1520385742188,20.33373778634096,,33.21279670027878
single,node,general-service,slim,file-removal,9,service,True,,True,True,True,True,recorded,True,True,91.59375,654299,21803.5629,True,34.9,44.9,0.0015501307864409085,False,30.902260249946266,1021.550537109375,0.36387305008247495,7.301513671875,7.434979,5.5421,12.977079,20.066101818257906,,,,,,,30.53838719986379,1014.2490234375,1015.414393,842.6067290000001,1858.021122,33.21226549390348,7.301513671875,,1014.2490234375,20.066101818257906,,33.21226549390348
single,node-20-alpine,serverless-base,baseline,control,0,oneshot,True,,True,True,True,True,recorded,True,True,16.828125,,,,13.3,1.1,,False,2.090033769607544,61.428955078125,0.29039978981018066,4.720703125,4.53899,3.824392,8.363382,16.255876521417868,,,,,,,1.7996339797973633,56.708251953125,56.74253099999999,35.787322,92.529853,31.51099200711374,4.720703125,,56.708251953125,16.255876521417868,,31.51099200711374
single,node-20-alpine,serverless-base,baseline,control,1,oneshot,True,,True,True,True,True,recorded,True,True,16.50390625,,,,13.7,1.2,,False,2.066920518875122,62.80255126953125,0.2823348045349121,5.51690673828125,5.321581,4.240711999999999,9.562293,19.540299848505065,,,,,,,1.78458571434021,57.28564453125,57.392492,36.584806,93.97729799999999,32.10024829344184,5.51690673828125,,57.28564453125,19.540299848505065,,32.10024829344184
single,node-20-alpine,serverless-base,baseline,control,10,oneshot,True,,True,True,True,True,recorded,True,True,16.34765625,,,,13.6,0.8,,False,2.082141399383545,62.2470703125,0.28751325607299805,5.1773681640625,5.001696,3.8013820000000003,8.803078,18.00740680543785,,,,,,,1.7946281433105469,57.0697021484375,57.11399,35.566131999999996,92.680122,31.800293760667955,5.1773681640625,,57.0697021484375,18.00740680543785,,31.800293760667955
single,node-20-alpine,serverless-base,baseline,control,11,oneshot,True,,True,True,True,True,recorded,True,True,17.078125,,,,13.3,0.7,,False,2.093984603881836,62.051025390625,0.2966196537017822,5.333251953125,5.144456999999999,3.981191,9.125647999999998,17.980103093529287,,,,,,,1.7973649501800537,56.7177734375,56.74265200000001,35.35476800000001,92.09742000000001,31.556069584987853,5.333251953125,,56.7177734375,17.980103093529287,,31.556069584987853
single,node-20-alpine,serverless-base,baseline,control,12,oneshot,True,,True,True,True,True,recorded,True,True,16.51953125,,,,13.3,0.8,,False,2.1420176029205322,61.243408203125,0.313706636428833,4.82086181640625,7.260845999999999,5.807418999999999,13.068264999999998,15.367420566188446,,,,,,,1.8283109664916992,56.42254638671875,57.269690000000004,35.701567999999995,92.971258,30.860475827581226,4.82086181640625,,56.42254638671875,15.367420566188446,,30.860475827581226
single,node-20-alpine,serverless-base,baseline,control,13,oneshot,True,,True,True,True,True,recorded,True,True,16.8515625,,,,13.2,1.1,,False,2.0825088024139404,62.08319091796875,0.28569960594177246,5.18035888671875,4.991748000000001,4.259999,9.251747000000002,18.13218772088381,,,,,,,1.796809196472168,56.90283203125,56.99759600000001,36.134551,93.132147,31.66882279040662,5.18035888671875,,56.90283203125,18.13218772088381,,31.66882279040662
single,node-20-alpine,serverless-base,baseline,control,14,oneshot,True,,True,True,True,True,recorded,True,True,16.6171875,,,,13.3,0.9,,False,2.0900089740753174,61.8720703125,0.29158806800842285,5.1766357421875,4.927234,3.7963159999999996,8.72355,17.753249567255843,,,,,,,1.7984209060668945,56.6954345703125,56.798866,35.669831,92.46869699999999,31.525119830987798,5.1766357421875,,56.6954345703125,17.753249567255843,,31.525119830987798
single,node-20-alpine,serverless-base,baseline,control,15,oneshot,True,,True,True,True,True,recorded,True,True,16.34765625,,,,14.1,1.1,,False,2.096452236175537,61.96405029296875,0.292086124420166,5.15582275390625,5.005297,4.220753,9.22605,17.651720923550606,,,,,,,1.804366111755371,56.8082275390625,56.740578,36.898648,93.63922600000001,31.483758849691995,5.15582275390625,,56.8082275390625,17.651720923550606,,31.483758849691995
single,node-20-alpine,serverless-base,baseline,control,16,oneshot,True,,True,True,True,True,recorded,True,True,16.8125,,,,13.2,1.2,,False,2.095275640487671,62.00115966796875,0.29511404037475586,4.919677734375,4.759387,3.8491109999999997,8.608498,16.67042926228674,,,,,,,1.800161600112915,57.08148193359375,57.126014000000005,35.481965,92.607979,31.7090876341398,4.919677734375,,57.08148193359375,16.67042926228674,,31.7090876341398
single,node-20-alpine,serverless-base,baseline,control,17,oneshot,True,,True,True,True,True,recorded,True,True,16.91015625,,,,13.4,1.1,,False,2.1190576553344727,61.07220458984375,0.316392183303833,4.8299560546875,7.374186999999999,5.595628,12.969814999999999,15.265724975415303,,,,,,,1.8026654720306396,56.24224853515625,57.186744000000004,35.81662,93.003364,31.199492866417042,4.8299560546875,,56.24224853515625,15.265724975415303,,31.199492866417042
single,node-20-alpine,serverless-base,baseline,control,18,oneshot,True,,True,True,True,True,recorded,True,True,16.9140625,,,,13.3,1.2,,False,2.0947234630584717,61.394287109375,0.28251004219055176,4.8670654296875,4.721423000000001,4.0630999999999995,8.784523,17.227937782136205,,,,,,,1.81221342086792,56.5272216796875,56.655677999999995,35.566559,92.22223699999999,31.192364557489604,4.8670654296875,,56.5272216796875,17.227937782136205,,31.192364557489604
single,node-20-alpine,serverless-base,baseline,control,19,oneshot,True,,True,True,True,True,recorded,True,True,16.89453125,,,,13.2,1.0,,False,2.091667413711548,61.7764892578125,0.2839362621307373,4.8177490234375,4.667834999999999,3.754812,8.422647,16.96771306096573,,,,,,,1.8077311515808105,56.958740234375,56.932410000000004,35.458344,92.390754,31.5084132862158,4.8177490234375,,56.958740234375,16.96771306096573,,31.5084132862158
single,node-20-alpine,serverless-base,baseline,control,2,oneshot,True,,True,True,True,True,recorded,True,True,16.30078125,,,,13.3,0.9,,False,2.0716969966888428,62.77655029296875,0.28143882751464844,5.37841796875,5.288317,4.072559999999999,9.360876999999999,19.110433397716108,,,,,,,1.7902581691741943,57.39813232421875,57.507543,36.015472,93.523015,32.06137154547671,5.37841796875,,57.39813232421875,19.110433397716108,,32.06137154547671
single,node-20-alpine,serverless-base,baseline,control,3,oneshot,True,,True,True,True,True,recorded,True,True,16.2578125,,,,13.3,0.8,,False,2.06248140335083,63.1197509765625,0.26720428466796875,5.7689208984375,5.612046,5.094652,10.706698,21.589926619649944,,,,,,,1.7952771186828613,57.350830078125,57.444555,35.984221999999995,93.428777,31.94539131663501,5.7689208984375,,57.350830078125,21.589926619649944,,31.94539131663501
single,node-20-alpine,serverless-base,baseline,control,4,oneshot,True,,True,True,True,True,recorded,True,True,16.5234375,,,,13.5,0.8,,False,2.11936092376709,61.1243896484375,0.28460121154785156,5.15936279296875,4.95592,3.5203160000000002,8.476236,18.12839363862398,,,,,,,1.8347597122192383,55.96502685546875,59.457063000000005,37.150479,96.607542,30.502646467954165,5.15936279296875,,55.96502685546875,18.12839363862398,,30.502646467954165
single,node-20-alpine,serverless-base,baseline,control,5,oneshot,True,,True,True,True,True,recorded,True,True,16.7265625,,,,13.3,0.9,,False,2.1256537437438965,61.64056396484375,0.2891106605529785,5.4735107421875,5.246264,4.167898000000001,9.414162000000001,18.932234223803373,,,,,,,1.836543083190918,56.16705322265625,59.602508,37.348170999999994,96.950679,30.583030551653767,5.4735107421875,,56.16705322265625,18.932234223803373,,30.583030551653767
single,node-20-alpine,serverless-base,baseline,control,6,oneshot,True,,True,True,True,True,recorded,True,True,16.47265625,,,,13.5,0.9,,False,2.1923723220825195,63.75994873046875,0.3896050453186035,7.28778076171875,7.182476,5.321092999999999,12.503568999999999,18.70556053954356,,,,,,,1.802767276763916,56.47216796875,56.493568,35.248078,91.741646,31.325267934816964,7.28778076171875,,56.47216796875,18.70556053954356,,31.325267934816964
single,node-20-alpine,serverless-base,baseline,control,7,oneshot,True,,True,True,True,True,recorded,True,True,16.48828125,,,,13.1,1.2,,False,2.1223418712615967,62.1319580078125,0.3244199752807617,4.9490966796875,7.283246,5.829331,13.112577,15.25521563647374,,,,,,,1.797921895980835,57.182861328125,57.68985500000001,35.917999,93.607854,31.804975208297115,4.9490966796875,,57.182861328125,15.25521563647374,,31.804975208297115
single,node-20-alpine,serverless-base,baseline,control,8,oneshot,True,,True,True,True,True,recorded,True,True,16.9140625,,,,13.3,1.0,,False,2.09730863571167,61.86669921875,0.28665685653686523,5.41888427734375,5.255724,4.492481,9.748204999999999,18.903731600248186,,,,,,,1.8106517791748047,56.44781494140625,56.539039,36.055389,92.594428,31.175411854802945,5.41888427734375,,56.44781494140625,18.903731600248186,,31.175411854802945
single,node-20-alpine,serverless-base,baseline,control,9,oneshot,True,,True,True,True,True,recorded,True,True,16.71484375,,,,12.9,0.9,,False,2.186073064804077,64.3851318359375,0.38266873359680176,7.78765869140625,7.771891999999999,6.606062999999999,14.377954999999998,20.350914531762353,,,,,,,1.8034043312072754,56.59747314453125,56.656227,36.797025000000005,93.453252,31.383684826043698,7.78765869140625,,56.59747314453125,20.350914531762353,,31.383684826043698
single,node-20-alpine,serverless-base,blafs,file-removal,0,oneshot,True,,True,True,True,True,recorded,True,True,16.72265625,,,,13.5,0.6,,False,2.0662641525268555,62.6431884765625,0.272249698638916,5.566162109375,5.438096,4.202138,9.640234,20.445062518718835,,,,,,,1.7940144538879395,57.0770263671875,57.07150899999999,35.482331,92.55384,31.815254466591234,5.566162109375,,57.0770263671875,20.445062518718835,,31.815254466591234
single,node-20-alpine,serverless-base,blafs,file-removal,1,oneshot,True,,True,True,True,True,recorded,True,True,16.859375,,,,13.6,0.9,,False,2.092026948928833,61.606689453125,0.2865626811981201,5.10516357421875,4.829089,3.5408850000000003,8.369974,17.81517241838342,,,,,,,1.805464267730713,56.50152587890625,56.532753,36.046905,92.579658,31.29473503783212,5.10516357421875,,56.50152587890625,17.81517241838342,,31.29473503783212
single,node-20-alpine,serverless-base,blafs,file-removal,10,oneshot,True,,True,True,True,True,recorded,True,True,16.29296875,,,,14.6,1.8,,False,2.125200033187866,62.300537109375,0.33929014205932617,5.32025146484375,8.055461000000001,5.812485000000001,13.867946000000002,15.680536524145413,,,,,,,1.78590989112854,56.98028564453125,57.625158,35.999908,93.625066,31.905465067179094,5.32025146484375,,56.98028564453125,15.680536524145413,,31.905465067179094
single,node-20-alpine,serverless-base,blafs,file-removal,11,oneshot,True,,True,True,True,True,recorded,True,True,17.21875,,,,13.3,1.0,,False,2.0892412662506104,62.66912841796875,0.28673505783081055,5.3680419921875,5.231065999999999,4.515553000000001,9.746618999999999,18.721261476700697,,,,,,,1.8025062084197998,57.30108642578125,57.410925000000006,35.946808,93.357733,31.78967493044881,5.3680419921875,,57.30108642578125,18.721261476700697,,31.78967493044881
single,node-20-alpine,serverless-base,blafs,file-removal,12,oneshot,True,,True,True,True,True,recorded,True,True,16.83984375,,,,13.3,0.8,,False,2.1022274494171143,59.26073593359375,0.29036664962768555,5.1600341796875,2.444879000000001,1.7049510000000003,4.1498300000000015,17.770753584489846,,,,,,,1.8118607997894287,56.81585693359375,56.878150999999995,35.592987,92.471138,31.357738376036828,2.444879000000001,,56.81585693359375,8.419971794745981,,31.357738376036828
single,node-20-alpine,serverless-base,blafs,file-removal,13,oneshot,True,,True,True,True,True,recorded,True,True,16.8828125,,,,13.3,0.8,,False,2.0984714031219482,62.05303955078125,0.2951493263244629,5.093505859375,4.863512999999999,3.602591,8.466104,17.257386024915466,,,,,,,1.8033220767974854,56.95953369140625,56.975623,35.46219,92.437813,31.585890520766277,5.093505859375,,56.95953369140625,17.257386024915466,,31.585890520766277
single,node-20-alpine,serverless-base,blafs,file-removal,14,oneshot,True,,True,True,True,True,recorded,True,True,16.921875,,,,13.4,0.7,,False,2.0819997787475586,62.3131103515625,0.2869417667388916,5.1146240234375,4.972093999999999,3.79064,8.762733999999998,17.82460630101178,,,,,,,1.795058012008667,57.198486328125,57.321326,37.690394999999995,95.011721,31.864422177710004,5.1146240234375,,57.198486328125,17.82460630101178,,31.864422177710004
single,node-20-alpine,serverless-base,blafs,file-removal,15,oneshot,True,,True,True,True,True,recorded,True,True,16.875,,,,13.1,1.0,,False,2.0997090339660645,61.03076171875,0.2751343250274658,4.8563232421875,4.598377000000001,3.9449370000000004,8.543314000000002,17.650735660491318,,,,,,,1.8245747089385986,56.1744384765625,56.156656,35.215792,91.37244799999999,30.787688879695473,4.8563232421875,,56.1744384765625,17.650735660491318,,30.787688879695473
single,node-20-alpine,serverless-base,blafs,file-removal,16,oneshot,True,,True,True,True,True,recorded,True,True,16.421875,,,,13.2,1.3,,False,2.0839922428131104,62.01806640625,0.307697057723999,4.7398681640625,7.2293520000000004,5.9147799999999995,13.144131999999999,15.404333727214613,,,,,,,1.7762951850891113,57.2781982421875,54.368574,35.532624000000006,89.90119800000001,32.24587823184018,4.7398681640625,,57.2781982421875,15.404333727214613,,32.24587823184018
single,node-20-alpine,serverless-base,blafs,file-removal,17,oneshot,True,,True,True,True,True,recorded,True,True,16.3203125,,,,13.6,0.9,,False,2.095304250717163,62.101318359375,0.2863445281982422,5.14495849609375,4.916492,3.5649929999999994,8.481485,17.967720663171846,,,,,,,1.808959722518921,56.95635986328125,56.980872,36.129669,93.110541,31.485698191207522,5.14495849609375,,56.95635986328125,17.967720663171846,,31.485698191207522
single,node-20-alpine,serverless-base,blafs,file-removal,18,oneshot,True,,True,True,True,True,recorded,True,True,16.50390625,,,,12.6,0.8,,False,2.156162977218628,64.40496826171875,0.3648645877838135,7.25811767578125,7.136517,5.6358500000000005,12.772367000000001,19.8926339217161,,,,,,,1.7912983894348145,57.1468505859375,57.34397,35.832306,93.176276,31.902474162313247,7.25811767578125,,57.1468505859375,19.8926339217161,,31.902474162313247
single,node-20-alpine,serverless-base,blafs,file-removal,19,oneshot,True,,True,True,True,True,recorded,True,True,16.7109375,,,,14.3,1.2,,False,2.093249797821045,62.97247314453125,0.28521156311035156,6.0118408203125,5.775559,4.495044,10.270603000000001,21.078531160345875,,,,,,,1.8080382347106934,56.96063232421875,57.12442600000001,35.762726,92.88715200000001,31.504108281942997,6.0118408203125,,56.96063232421875,21.078531160345875,,31.504108281942997
single,node-20-alpine,serverless-base,blafs,file-removal,2,oneshot,True,,True,True,True,True,recorded,True,True,16.56640625,,,,13.4,0.9,,False,2.059481382369995,62.591796875,0.26659131050109863,5.29449462890625,5.065233000000001,4.022572,9.087805000000001,19.85996699950365,,,,,,,1.7928900718688965,57.29730224609375,57.409154,35.86856,93.277714,31.958067672474435,5.29449462890625,,57.29730224609375,19.85996699950365,,31.958067672474435
single,node-20-alpine,serverless-base,blafs,file-removal,3,oneshot,True,,True,True,True,True,recorded,True,True,16.9609375,,,,13.2,0.9,,False,2.064734697341919,62.7685546875,0.2704455852508545,5.390625,5.264208000000001,4.634754,9.898962000000001,19.932383052213154,,,,,,,1.7942891120910645,57.3779296875,57.519628000000004,36.254912,93.77454,31.97808497017059,5.390625,,57.3779296875,19.932383052213154,,31.97808497017059
single,node-20-alpine,serverless-base,blafs,file-removal,4,oneshot,True,,,,True,True,posthoc,True,True,16.47265625,,,,13.4,1.0,,False,2.0590577125549316,63.31939697265625,0.2792532444000244,5.48077392578125,5.237353,4.611255,9.848607999999999,19.62653625585154,,,,,,,1.7798044681549072,57.838623046875,58.054356000000006,37.476405,95.53076100000001,32.49717824724606,5.48077392578125,,57.838623046875,19.62653625585154,,32.49717824724606
single,node-20-alpine,serverless-base,blafs,file-removal,5,oneshot,True,,True,True,True,True,recorded,True,True,16.90234375,,,,13.2,0.7,,False,2.0908710956573486,62.30621337890625,0.30196309089660645,5.0682373046875,4.867175,3.454887,8.322061999999999,16.784294032885256,,,,,,,1.7889080047607422,57.23797607421875,57.231238,35.606904,92.838142,31.996042234644733,5.0682373046875,,57.23797607421875,16.784294032885256,,31.996042234644733
single,node-20-alpine,serverless-base,blafs,file-removal,6,oneshot,True,,True,True,True,True,recorded,True,True,16.8125,,,,13.3,1.0,,False,2.09908127784729,61.70281982421875,0.30522847175598145,4.95263671875,7.347576000000001,5.539963,12.887539,16.225998479949947,,,,,,,1.7938528060913086,56.75018310546875,54.129805000000005,34.565768,88.695573,31.635919576436038,4.95263671875,,56.75018310546875,16.225998479949947,,31.635919576436038
single,node-20-alpine,serverless-base,blafs,file-removal,7,oneshot,True,,True,True,True,True,recorded,True,True,16.65234375,,,,13.2,0.5,,False,2.115651845932007,61.92791748046875,0.32879209518432617,7.9398193359375,7.913737,6.247909,14.161646000000001,24.148449589356183,,,,,,,1.7868597507476807,53.98809814453125,57.62875900000001,36.393827,94.02258600000002,30.213953905414716,7.9398193359375,,53.98809814453125,24.148449589356183,,30.213953905414716
single,node-20-alpine,serverless-base,blafs,file-removal,8,oneshot,True,,True,True,True,True,recorded,True,True,16.49609375,,,,13.3,0.6,,False,2.074906349182129,63.468017578125,0.2899513244628906,5.60089111328125,5.501512,4.370045,9.871557,19.31665986922601,,,,,,,1.7849550247192383,57.86712646484375,58.096775,36.33309800000001,94.42987300000001,32.41937508982663,5.60089111328125,,57.86712646484375,19.31665986922601,,32.41937508982663
single,node-20-alpine,serverless-base,blafs,file-removal,9,oneshot,True,,True,True,True,True,recorded,True,True,16.99609375,,,,13.3,0.8,,False,2.143637180328369,64.327880859375,0.29543447494506836,5.07818603515625,4.802478000000001,3.514578,8.317056000000001,17.188874237173785,,,,,,,1.8482027053833008,59.24969482421875,59.312653000000005,37.02554,96.338193,32.0580067606442,5.07818603515625,,59.24969482421875,17.188874237173785,,32.0580067606442
single,node-20-alpine,serverless-base,confine,syscall-restriction,0,oneshot,False,"DockerError: docker run failed for campaign/node-20-alpine:baseline: Command '['/usr/bin/docker', 'run', '-d', '--cpus=8.0', '--memory=32768m', '--cpuset-cpus=0-7', '--security-opt', 'seccomp=/home/syd335/ArshiaThesis/replication/debloat/confine_profiles/node-20-alpine.gl1.seccomp.json', '--cpuset-m",,,,,none,False,False,,,,,,,,False,,,,,,,,,,,,,,,,,,,,,,,,,,
single,node-20-alpine,serverless-base,confine,syscall-restriction,1,oneshot,False,RuntimeError: no COLD/STEADY markers,,,,,none,False,False,,,,,,,,False,,,,,,,,,,,,,,,,,,,,,,,,,,
single,node-20-alpine,serverless-base,confine,syscall-restriction,10,oneshot,False,RuntimeError: no COLD/STEADY markers,,,,,none,False,False,,,,,,,,False,,,,,,,,,,,,,,,,,,,,,,,,,,
single,node-20-alpine,serverless-base,confine,syscall-restriction,11,oneshot,False,RuntimeError: no COLD/STEADY markers,,,,,none,False,False,,,,,,,,False,,,,,,,,,,,,,,,,,,,,,,,,,,
single,node-20-alpine,serverless-base,confine,syscall-restriction,12,oneshot,False,RuntimeError: no COLD/STEADY markers,,,,,none,False,False,,,,,,,,False,,,,,,,,,,,,,,,,,,,,,,,,,,
single,node-20-alpine,serverless-base,confine,syscall-restriction,13,oneshot,False,"DockerError: docker run failed for campaign/node-20-alpine:baseline: Command '['/usr/bin/docker', 'run', '-d', '--cpus=8.0', '--memory=32768m', '--cpuset-cpus=0-7', '--security-opt', 'seccomp=/home/syd335/ArshiaThesis/replication/debloat/confine_profiles/node-20-alpine.gl1.seccomp.json', '--cpuset-m",,,,,none,False,False,,,,,,,,False,,,,,,,,,,,,,,,,,,,,,,,,,,
single,node-20-alpine,serverless-base,confine,syscall-restriction,14,oneshot,False,RuntimeError: no COLD/STEADY markers,,,,,none,False,False,,,,,,,,False,,,,,,,,,,,,,,,,,,,,,,,,,,
single,node-20-alpine,serverless-base,confine,syscall-restriction,15,oneshot,False,RuntimeError: no COLD/STEADY markers,,,,,none,False,False,,,,,,,,False,,,,,,,,,,,,,,,,,,,,,,,,,,
single,node-20-alpine,serverless-base,confine,syscall-restriction,16,oneshot,False,RuntimeError: no COLD/STEADY markers,,,,,none,False,False,,,,,,,,False,,,,,,,,,,,,,,,,,,,,,,,,,,
single,node-20-alpine,serverless-base,confine,syscall-restriction,17,oneshot,False,RuntimeError: no COLD/STEADY markers,,,,,none,False,False,,,,,,,,False,,,,,,,,,,,,,,,,,,,,,,,,,,
single,node-20-alpine,serverless-base,confine,syscall-restriction,18,oneshot,False,RuntimeError: no COLD/STEADY markers,,,,,none,False,False,,,,,,,,False,,,,,,,,,,,,,,,,,,,,,,,,,,
single,node-20-alpine,serverless-base,confine,syscall-restriction,19,oneshot,False,"DockerError: docker run failed for campaign/node-20-alpine:baseline: Command '['/usr/bin/docker', 'run', '-d', '--cpus=8.0', '--memory=32768m', '--cpuset-cpus=0-7', '--security-opt', 'seccomp=/home/syd335/ArshiaThesis/replication/debloat/confine_profiles/node-20-alpine.gl1.seccomp.json', '--cpuset-m",,,,,none,False,False,,,,,,,,False,,,,,,,,,,,,,,,,,,,,,,,,,,
single,node-20-alpine,serverless-base,confine,syscall-restriction,2,oneshot,False,RuntimeError: no COLD/STEADY markers,,,,,none,False,False,,,,,,,,False,,,,,,,,,,,,,,,,,,,,,,,,,,
single,node-20-alpine,serverless-base,confine,syscall-restriction,3,oneshot,False,"DockerError: docker run failed for campaign/node-20-alpine:baseline: Command '['/usr/bin/docker', 'run', '-d', '--cpus=8.0', '--memory=32768m', '--cpuset-cpus=0-7', '--security-opt', 'seccomp=/home/syd335/ArshiaThesis/replication/debloat/confine_profiles/node-20-alpine.gl1.seccomp.json', '--cpuset-m",,,,,none,False,False,,,,,,,,False,,,,,,,,,,,,,,,,,,,,,,,,,,
single,node-20-alpine,serverless-base,confine,syscall-restriction,4,oneshot,False,RuntimeError: no COLD/STEADY markers,,,,,none,False,False,,,,,,,,False,,,,,,,,,,,,,,,,,,,,,,,,,,
single,node-20-alpine,serverless-base,confine,syscall-restriction,5,oneshot,False,RuntimeError: no COLD/STEADY markers,,,,,none,False,False,,,,,,,,False,,,,,,,,,,,,,,,,,,,,,,,,,,
single,node-20-alpine,serverless-base,confine,syscall-restriction,6,oneshot,False,RuntimeError: no COLD/STEADY markers,,,,,none,False,False,,,,,,,,False,,,,,,,,,,,,,,,,,,,,,,,,,,
single,node-20-alpine,serverless-base,confine,syscall-restriction,7,oneshot,False,RuntimeError: no COLD/STEADY markers,,,,,none,False,False,,,,,,,,False,,,,,,,,,,,,,,,,,,,,,,,,,,
single,node-20-alpine,serverless-base,confine,syscall-restriction,8,oneshot,False,"DockerError: docker run failed for campaign/node-20-alpine:baseline: Command '['/usr/bin/docker', 'run', '-d', '--cpus=8.0', '--memory=32768m', '--cpuset-cpus=0-7', '--security-opt', 'seccomp=/home/syd335/ArshiaThesis/replication/debloat/confine_profiles/node-20-alpine.gl1.seccomp.json', '--cpuset-m",,,,,none,False,False,,,,,,,,False,,,,,,,,,,,,,,,,,,,,,,,,,,
single,node-20-alpine,serverless-base,confine,syscall-restriction,9,oneshot,False,"DockerError: docker run failed for campaign/node-20-alpine:baseline: Command '['/usr/bin/docker', 'run', '-d', '--cpus=8.0', '--memory=32768m', '--cpuset-cpus=0-7', '--security-opt', 'seccomp=/home/syd335/ArshiaThesis/replication/debloat/confine_profiles/node-20-alpine.gl1.seccomp.json', '--cpuset-m",,,,,none,False,False,,,,,,,,False,,,,,,,,,,,,,,,,,,,,,,,,,,
single,node-20-alpine,serverless-base,slim,file-removal,0,oneshot,False,RuntimeError: no COLD/STEADY markers,,,,,none,False,False,,,,,,,,False,,,,,,,,,,,,,,,,,,,,,,,,,,
single,node-20-alpine,serverless-base,slim,file-removal,1,oneshot,False,RuntimeError: no COLD/STEADY markers,,,,,none,False,False,,,,,,,,False,,,,,,,,,,,,,,,,,,,,,,,,,,
single,node-20-alpine,serverless-base,slim,file-removal,10,oneshot,False,RuntimeError: no COLD/STEADY markers,,,,,none,False,False,,,,,,,,False,,,,,,,,,,,,,,,,,,,,,,,,,,
single,node-20-alpine,serverless-base,slim,file-removal,11,oneshot,False,RuntimeError: no COLD/STEADY markers,,,,,none,False,False,,,,,,,,False,,,,,,,,,,,,,,,,,,,,,,,,,,
single,node-20-alpine,serverless-base,slim,file-removal,12,oneshot,False,RuntimeError: no COLD/STEADY markers,,,,,none,False,False,,,,,,,,False,,,,,,,,,,,,,,,,,,,,,,,,,,
single,node-20-alpine,serverless-base,slim,file-removal,13,oneshot,False,RuntimeError: no COLD/STEADY markers,,,,,none,False,False,,,,,,,,False,,,,,,,,,,,,,,,,,,,,,,,,,,
single,node-20-alpine,serverless-base,slim,file-removal,14,oneshot,False,RuntimeError: no COLD/STEADY markers,,,,,none,False,False,,,,,,,,False,,,,,,,,,,,,,,,,,,,,,,,,,,
single,node-20-alpine,serverless-base,slim,file-removal,15,oneshot,False,RuntimeError: no COLD/STEADY markers,,,,,none,False,False,,,,,,,,False,,,,,,,,,,,,,,,,,,,,,,,,,,
single,node-20-alpine,serverless-base,slim,file-removal,16,oneshot,False,RuntimeError: no COLD/STEADY markers,,,,,none,False,False,,,,,,,,False,,,,,,,,,,,,,,,,,,,,,,,,,,
single,node-20-alpine,serverless-base,slim,file-removal,17,oneshot,False,RuntimeError: no COLD/STEADY markers,,,,,none,False,False,,,,,,,,False,,,,,,,,,,,,,,,,,,,,,,,,,,
single,node-20-alpine,serverless-base,slim,file-removal,18,oneshot,False,RuntimeError: no COLD/STEADY markers,,,,,none,False,False,,,,,,,,False,,,,,,,,,,,,,,,,,,,,,,,,,,
single,node-20-alpine,serverless-base,slim,file-removal,19,oneshot,False,RuntimeError: no COLD/STEADY markers,,,,,none,False,False,,,,,,,,False,,,,,,,,,,,,,,,,,,,,,,,,,,
single,node-20-alpine,serverless-base,slim,file-removal,2,oneshot,False,RuntimeError: no COLD/STEADY markers,,,,,none,False,False,,,,,,,,False,,,,,,,,,,,,,,,,,,,,,,,,,,
single,node-20-alpine,serverless-base,slim,file-removal,3,oneshot,False,RuntimeError: no COLD/STEADY markers,,,,,none,False,False,,,,,,,,False,,,,,,,,,,,,,,,,,,,,,,,,,,
single,node-20-alpine,serverless-base,slim,file-removal,4,oneshot,False,RuntimeError: no COLD/STEADY markers,,,,,none,False,False,,,,,,,,False,,,,,,,,,,,,,,,,,,,,,,,,,,
single,node-20-alpine,serverless-base,slim,file-removal,5,oneshot,False,RuntimeError: no COLD/STEADY markers,,,,,none,False,False,,,,,,,,False,,,,,,,,,,,,,,,,,,,,,,,,,,
single,node-20-alpine,serverless-base,slim,file-removal,6,oneshot,False,RuntimeError: no COLD/STEADY markers,,,,,none,False,False,,,,,,,,False,,,,,,,,,,,,,,,,,,,,,,,,,,
single,node-20-alpine,serverless-base,slim,file-removal,7,oneshot,False,RuntimeError: no COLD/STEADY markers,,,,,none,False,False,,,,,,,,False,,,,,,,,,,,,,,,,,,,,,,,,,,
single,node-20-alpine,serverless-base,slim,file-removal,8,oneshot,False,RuntimeError: no COLD/STEADY markers,,,,,none,False,False,,,,,,,,False,,,,,,,,,,,,,,,,,,,,,,,,,,
single,node-20-alpine,serverless-base,slim,file-removal,9,oneshot,False,RuntimeError: no COLD/STEADY markers,,,,,none,False,False,,,,,,,,False,,,,,,,,,,,,,,,,,,,,,,,,,,
single,openresty,general-service,baseline,control,0,service,True,,True,True,True,True,recorded,True,True,7.5390625,859190,28633.3456,True,40.6,45.7,0.0013283880253721892,False,30.9962296532467,1148.7039794921875,0.3457657680846751,7.36627197265625,7.699932,6.153244000000001,13.853176000000001,21.304225729055727,,,,,,,30.650463885162026,1141.3377075195312,1142.0932070000001,980.076592,2122.1697990000002,37.23720827834048,7.36627197265625,,1141.3377075195312,21.304225729055727,,37.23720827834048
single,openresty,general-service,baseline,control,1,service,True,,True,True,True,True,recorded,True,True,7.3515625,852923,28424.0935,True,40.5,45.4,0.0013279212343767037,False,30.990012261085212,1139.2063598632812,0.3597165523096919,6.591796875,6.970869,5.584396999999999,12.555266,18.32497513021003,,,,,,,30.63029570877552,1132.6145629882812,1133.082915,979.220516,2112.303431,36.97693857600563,6.591796875,,1132.6145629882812,18.32497513021003,,36.97693857600563
single,openresty,general-service,baseline,control,10,service,True,,True,True,True,True,recorded,True,True,7.359375,860548,28677.8048,True,41.1,45.9,0.0013224641557209402,False,31.038464032113552,1144.8565673828125,0.3605245742946863,6.81268310546875,7.272869,5.239306000000001,12.512175000000001,18.896584563747894,,,,,,,30.677939457818866,1138.0438842773438,1140.807748,983.129014,2123.936762,37.09649032465547,6.81268310546875,,1138.0438842773438,18.896584563747894,,37.09649032465547
single,openresty,general-service,baseline,control,11,service,True,,True,True,True,True,recorded,True,True,7.45703125,856853,28554.4339,True,40.6,46.0,0.0013230943787269373,False,31.016833045054227,1140.505126953125,0.3467561802826822,6.8077392578125,7.220745999999999,5.462693999999999,12.683439999999997,19.63264000734667,,,,,,,30.670076864771545,1133.6973876953125,1134.194972,978.300596,2112.4955680000003,36.964282570726354,6.8077392578125,,1133.6973876953125,19.63264000734667,,36.964282570726354
single,openresty,general-service,baseline,control,12,service,True,,True,True,True,True,recorded,True,True,7.33984375,856318,28536.2934,True,41.2,45.8,0.0013191073624727833,False,31.004447924904525,1136.75146484375,0.35883583268150687,7.17608642578125,7.396953999999999,5.777085,13.174038999999999,19.99824368752647,,,,,,,30.64561209222302,1129.5753784179688,1130.054846,976.966798,2107.021644,36.85928592382799,7.17608642578125,,1129.5753784179688,19.99824368752647,,36.85928592382799
single,openresty,general-service,baseline,control,13,service,True,,True,True,True,True,recorded,True,True,7.3828125,855111,28496.1125,True,40.8,45.8,0.00133528157729669,False,31.00292904023081,1148.878662109375,0.35164893325418234,7.064697265625,7.374676,5.515854999999999,12.890531,20.09019962110457,,,,,,,30.65128010697663,1141.81396484375,1142.411931,976.151553,2118.5634840000002,37.251754604006194,7.064697265625,,1141.81396484375,20.09019962110457,,37.251754604006194
single,openresty,general-service,baseline,control,14,service,True,,True,True,True,True,recorded,True,True,7.25390625,855901,28522.8358,True,40.9,45.6,0.001335236292661184,False,31.010897007770836,1150.0509643554688,0.35887950379401445,7.22088623046875,7.58897,5.654038999999999,13.243008999999999,20.120642594884192,,,,,,,30.652017503976822,1142.830078125,1143.238406,976.011845,2119.250251,37.28400840097159,7.22088623046875,,1142.830078125,20.120642594884192,,37.28400840097159
single,openresty,general-service,baseline,control,15,service,True,,True,True,True,True,recorded,True,True,7.3125,861133,28697.8257,True,41.0,45.4,0.001324923943200956,False,30.967679942026734,1146.4468994140625,0.33118148194625974,5.51116943359375,7.465312999999999,5.640060999999999,13.105373999999998,16.640934756394497,,,,,,,30.636498460080475,1140.9357299804688,1138.710098,982.502733,2121.212831,37.241061718169725,5.51116943359375,,1140.9357299804688,16.640934756394497,,37.241061718169725
single,openresty,general-service,baseline,control,16,service,True,,True,True,True,True,recorded,True,True,7.35546875,846838,28220.2089,True,40.8,45.3,0.0013404152423347573,False,31.005077422596514,1142.2382202148438,0.36743801087141037,7.1236572265625,7.3346979999999995,5.440353999999999,12.775051999999999,19.387371517900785,,,,,,,30.637639411725104,1135.1145629882812,1135.5501940000001,972.1643200000001,2107.7145140000002,37.04967434775246,7.1236572265625,,1135.1145629882812,19.387371517900785,,37.04967434775246
single,openresty,general-service,baseline,control,17,service,True,,True,True,True,True,recorded,True,True,7.36328125,859386,28639.34,True,40.8,46.1,0.0013226049456566955,False,30.982685847207904,1144.1736450195312,0.3464552219957113,7.54547119140625,7.809367,5.966232,13.775599,21.779066131379174,,,,,,,30.636230625212193,1136.628173828125,1137.086749,983.831466,2120.918215,37.10078396174276,7.54547119140625,,1136.628173828125,21.779066131379174,,37.10078396174276
single,openresty,general-service,baseline,control,18,service,True,,True,True,True,True,recorded,True,True,7.39453125,851943,28391.1562,True,41.1,45.3,0.0013400127730999903,False,31.019215932115912,1149.3451538085938,0.3718419820070267,7.73065185546875,7.900858,6.504683,14.405541,20.790153424157104,,,,,,,30.647373950108886,1141.614501953125,1142.1229910000002,976.057254,2118.180245,37.24999420216456,7.73065185546875,,1141.614501953125,20.790153424157104,,37.24999420216456
single,openresty,general-service,baseline,control,19,service,True,,True,True,True,True,recorded,True,True,7.26953125,854653,28481.7223,True,40.4,45.5,0.0013371317135388208,False,31.014511149842292,1147.9313354492188,0.35770281683653593,5.147705078125,7.290814000000001,5.246995999999999,12.53781,14.391010738049102,,,,,,,30.656808333005756,1142.7836303710938,1140.94227,978.621457,2119.5637269999997,37.27666683229869,5.147705078125,,1142.7836303710938,14.391010738049102,,37.27666683229869
single,openresty,general-service,baseline,control,2,service,True,,True,True,True,True,recorded,True,True,7.53515625,866404,28873.7769,True,40.9,46.0,0.001309623342957825,False,30.965887990314513,1141.6068725585938,0.3457934889011085,6.9439697265625,7.272868999999999,5.915023999999999,13.187892999999999,20.08126222569901,,,,,,,30.620094501413405,1134.6629028320312,1135.111474,985.14976,2120.261234,37.05615287306367,6.9439697265625,,1134.6629028320312,20.08126222569901,,37.05615287306367
single,openresty,general-service,baseline,control,3,service,True,,True,True,True,True,recorded,True,True,7.5,852048,28394.7686,True,40.9,45.7,0.0013267540442355506,False,30.975927896797657,1137.338623046875,0.3514474998228252,6.8804931640625,7.168743,5.199632,12.368375,19.577584610876887,,,,,,,30.624480396974832,1130.4581298828125,1130.963108,971.178727,2102.141835,36.913544825220356,6.8804931640625,,1130.4581298828125,19.577584610876887,,36.913544825220356
single,openresty,general-service,baseline,control,4,service,True,,True,True,True,True,recorded,True,True,7.640625,854537,28477.6655,True,40.9,45.5,0.0013306131466559157,False,31.04876784188673,1145.2297973632812,0.4205849659629166,8.171630859375,10.002721,8.023417,18.026138,19.429203420684086,,,,,,,30.628182875923812,1137.0581665039062,1136.769673,977.5919799999999,2114.361653,37.12457154608818,8.171630859375,,1137.0581665039062,19.429203420684086,,37.12457154608818
single,openresty,general-service,baseline,control,5,service,True,,True,True,True,True,recorded,True,True,7.5,863064,28762.1969,True,40.5,46.1,0.001320266642305785,False,30.98655399074778,1146.3916625976562,0.3535342160612345,6.91705322265625,7.174726000000001,5.911911,13.086637,19.56544206589093,,,,,,,30.633019774686545,1139.474609375,1139.841747,981.078665,2120.920412,37.19759324272038,6.91705322265625,,1139.474609375,19.56544206589093,,37.19759324272038
single,openresty,general-service,baseline,control,6,service,True,,True,True,True,True,recorded,True,True,7.51953125,860556,28678.3823,True,41.0,45.9,0.0013321809630062206,False,31.005520241800696,1153.4564819335938,0.36234399676322937,7.0401611328125,7.29533,5.390856,12.686186,19.42949571595313,,,,,,,30.643176245037466,1146.4163208007812,1146.905938,978.4988380000001,2125.4047760000003,37.411798034038284,7.0401611328125,,1146.4163208007812,19.42949571595313,,37.411798034038284
single,openresty,general-service,baseline,control,7,service,True,,True,True,True,True,recorded,True,True,7.39453125,860333,28670.7561,True,40.9,46.1,0.0013249070616724499,False,31.009984478820115,1146.8195190429688,0.34546079114079475,6.958251953125,7.124677,5.008349,12.133026000000001,20.14194412670444,,,,,,,30.66452368767932,1139.8612670898438,1140.302379,977.118104,2117.420483,37.17198671335723,6.958251953125,,1139.8612670898438,20.14194412670444,,37.17198671335723
single,openresty,general-service,baseline,control,8,service,True,,True,True,True,True,recorded,True,True,7.40234375,858869,28622.2305,True,40.8,45.9,0.0013226887423132922,False,30.96329813497141,1143.3385620117188,0.346521251834929,7.32220458984375,7.495098,6.158308999999999,13.653406999999998,21.130607577661067,,,,,,,30.61677688313648,1136.016357421875,1136.394796,981.507559,2117.902355,37.10437456424701,7.32220458984375,,1136.016357421875,21.130607577661067,,37.10437456424701
single,openresty,general-service,baseline,control,9,service,True,,True,True,True,True,recorded,True,True,8.265625,857771,28584.9634,True,40.7,45.8,0.0013255915099462735,False,31.011322017759085,1144.4177856445312,0.3434618357568979,7.36383056640625,7.554546,5.715378999999999,13.269924999999999,21.44002564412532,,,,,,,30.667860182002187,1137.053955078125,1137.612505,977.4240120000001,2115.036517,37.07640338550321,7.36383056640625,,1137.053955078125,21.44002564412532,,37.07640338550321
single,openresty,general-service,blafs,file-removal,0,service,True,,True,True,True,True,recorded,True,True,7.5234375,856563,28545.3651,True,40.8,45.7,0.0013222247360919089,False,31.010332447011024,1140.2715454101562,0.33802142925560474,7.7027587890625,7.757670999999999,6.029709,13.787379999999999,22.78778243742007,,,,,,,30.67231101775542,1132.5687866210938,1133.073393,985.229045,2118.3024379999997,36.92479467769737,7.7027587890625,,1132.5687866210938,22.78778243742007,,36.92479467769737
single,openresty,general-service,blafs,file-removal,1,service,True,,True,True,True,True,recorded,True,True,7.46875,863200,28766.3959,True,41.0,45.9,0.001319091556467758,False,31.0292481421493,1145.9138793945312,0.35226371604949236,7.2740478515625,7.596721,5.807663000000001,13.404384,20.649438247964518,,,,,,,30.676984426099807,1138.6398315429688,1138.996657,983.680343,2122.6769999999997,37.11707173454182,7.2740478515625,,1138.6398315429688,20.649438247964518,,37.11707173454182
single,openresty,general-service,blafs,file-removal,10,service,True,,True,True,True,True,recorded,True,True,7.5078125,861634,28714.5945,True,41.2,45.6,0.0013300140088800393,False,30.989135552663356,1153.33740234375,0.3590405876748264,7.35211181640625,7.604777999999999,5.713791,13.318568999999998,20.477105009266708,,,,,,,30.63009496498853,1145.9852905273438,1146.586421,978.574033,2125.160454,37.4137034781398,7.35211181640625,,1145.9852905273438,20.477105009266708,,37.4137034781398
single,openresty,general-service,blafs,file-removal,11,service,True,,True,True,True,True,recorded,True,True,7.51171875,856818,28552.7167,True,40.8,45.4,0.001330289346084692,False,31.04604081902653,1146.9925537109375,0.3704053149558604,7.17669677734375,7.327252,5.305467999999999,12.632719999999999,19.375253236306737,,,,,,,30.67563550407067,1139.8158569335938,1142.29749,983.9566480000001,2126.2541380000002,37.157041352324704,7.17669677734375,,1139.8158569335938,19.375253236306737,,37.157041352324704
single,openresty,general-service,blafs,file-removal,12,service,True,,True,True,True,True,recorded,True,True,7.4375,856373,28538.4834,True,41.0,45.6,0.0013360267161987242,False,31.027326015755534,1151.3856811523438,0.3585981409996748,7.24847412109375,7.493756,5.3785870000000005,12.872343,20.213362235752147,,,,,,,30.66872787475586,1144.13720703125,1144.82196,974.7409739999999,2119.562934,37.30631448763207,7.24847412109375,,1144.13720703125,20.213362235752147,,37.30631448763207
single,openresty,general-service,blafs,file-removal,13,service,True,,True,True,True,True,recorded,True,True,7.33203125,863579,28778.5872,True,41.0,45.9,0.0013258014914349179,False,30.981221404392272,1151.848388671875,0.3529270221479237,6.9140625,7.127728,5.397081,12.524809000000001,19.590629410921338,,,,,,,30.62829438224435,1144.934326171875,1145.361326,982.727831,2128.089157,37.381589450688104,6.9140625,,1144.934326171875,19.590629410921338,,37.381589450688104
single,openresty,general-service,blafs,file-removal,14,service,True,,True,True,True,True,recorded,True,True,7.2890625,857538,28577.8082,True,41.3,45.5,0.0013287221657059586,False,31.005925813224167,1146.14208984375,0.3488962990231812,6.71234130859375,6.9365060000000005,5.3405629999999995,12.277069000000001,19.23878621638165,,,,,,,30.657029514200985,1139.4297485351562,1140.026623,982.3624749999999,2122.3890979999996,37.166997800858304,6.71234130859375,,1139.4297485351562,19.23878621638165,,37.166997800858304
single,openresty,general-service,blafs,file-removal,15,service,True,,True,True,True,True,recorded,True,True,7.3125,850661,28348.2017,True,41.1,45.5,0.001332210004030138,False,30.997334153857082,1140.7849731445312,0.3680553389713168,7.52587890625,7.686198999999999,5.701645999999999,13.387844999999999,20.447683023113285,,,,,,,30.629278814885765,1133.2590942382812,1133.577908,972.489454,2106.067362,36.999209190897425,7.52587890625,,1133.2590942382812,20.447683023113285,,36.999209190897425
single,openresty,general-service,blafs,file-removal,16,service,True,,True,True,True,True,recorded,True,True,7.5234375,849955,28323.2886,True,40.6,45.6,0.001334179376132413,False,30.963165380060673,1141.0128784179688,0.35449081286787987,7.02044677734375,7.176557000000001,5.300096999999999,12.476654,19.80431233336447,,,,,,,30.608674567192793,1133.992431640625,1134.501673,977.649841,2112.151514,37.04807371358931,7.02044677734375,,1133.992431640625,19.80431233336447,,37.04807371358931
single,openresty,general-service,blafs,file-removal,17,service,True,,,,True,True,posthoc,True,True,8.01171875,862185,28733.1691,True,41.0,45.9,0.0013245674847009344,False,30.97664685593918,1148.9462890625,0.33893259707838297,6.924072265625,7.230327999999999,5.161303,12.391631,20.429053815746467,,,,,,,30.637714258860797,1142.022216796875,1142.537114,979.801874,2122.338988,37.27504627622762,6.924072265625,,1142.022216796875,20.429053815746467,,37.27504627622762
single,openresty,general-service,blafs,file-removal,18,service,True,,True,True,True,True,recorded,True,True,7.42578125,864616,28814.0186,True,41.7,45.5,0.001329307831814933,False,31.005049997009337,1154.9796752929688,0.33947961311787367,5.63885498046875,7.743572,6.619429,14.363001,16.610290463924954,,,,,,,30.665570383891463,1149.3408203125,1147.14898,988.606966,2135.755946,37.479844852853134,5.63885498046875,,1149.3408203125,16.610290463924954,,37.479844852853134
single,openresty,general-service,blafs,file-removal,19,service,True,,True,True,True,True,recorded,True,True,7.33984375,853445,28439.7135,True,40.5,45.4,0.0013266839339612176,False,30.973832216113806,1139.0247802734375,0.3529338180087507,6.77301025390625,7.075421,5.144273999999999,12.219695,19.190595823657567,,,,,,,30.620898398105055,1132.2517700195312,1132.696563,979.33752,2112.034083,36.97643861715042,6.77301025390625,,1132.2517700195312,19.190595823657567,,36.97643861715042
single,openresty,general-service,blafs,file-removal,2,service,True,,True,True,True,True,recorded,True,True,7.359375,860581,28679.5525,True,41.1,45.9,0.0013210365413062876,False,30.989116298034787,1142.762451171875,0.3339065802283585,5.90350341796875,8.052897000000002,6.74864,14.801537000000001,17.680105057921732,,,,,,,30.65520971780643,1136.8589477539062,1134.392176,979.211238,2113.603414,37.08534236820271,5.90350341796875,,1136.8589477539062,17.680105057921732,,37.08534236820271
single,openresty,general-service,blafs,file-removal,3,service,True,,True,True,True,True,recorded,True,True,7.4765625,847728,28250.8163,True,40.9,45.5,0.001336623684429329,False,31.037637012079358,1139.8541259765625,0.35195926995947957,6.76080322265625,7.038495,5.494859000000001,12.533354000000001,19.209050022846704,,,,,,,30.68567774211988,1133.0933227539062,1135.783591,982.326099,2118.10969,36.92580402741426,6.76080322265625,,1133.0933227539062,19.209050022846704,,36.92580402741426
single,openresty,general-service,blafs,file-removal,4,service,True,,True,True,True,True,recorded,True,True,7.27734375,858011,28593.1397,True,41.3,45.8,0.0013215792156447076,False,30.96654543792829,1141.3396606445312,0.35434198612347245,7.41015625,7.687053000000001,6.388412000000001,14.075465000000001,20.91244204805549,,,,,,,30.612203451804817,1133.9295043945312,1134.452662,985.035625,2119.488287,37.04174729466192,7.41015625,,1133.9295043945312,20.91244204805549,,37.04174729466192
single,openresty,general-service,blafs,file-removal,5,service,True,,True,True,True,True,recorded,True,True,7.48046875,854343,28471.4471,True,40.1,45.8,0.0013289900310274971,False,30.973295960575342,1142.5277099609375,0.34394162660464644,7.1143798828125,7.374797999999999,5.531053,12.905850999999998,20.68484688243429,,,,,,,30.629354333970696,1135.413330078125,1135.8447489999999,988.854646,2124.6993949999996,37.06945036118016,7.1143798828125,,1135.413330078125,20.68484688243429,,37.06945036118016
single,openresty,general-service,blafs,file-removal,6,service,True,,True,True,True,True,recorded,True,True,7.4375,852202,28399.3232,True,40.6,45.8,0.0013314348337866565,False,31.00790672423318,1141.5650024414062,0.3554611140862107,6.91357421875,7.262494000000001,5.2341169999999995,12.496611000000001,19.44959362579738,,,,,,,30.65244561014697,1134.6514282226562,1135.045251,980.175409,2115.22066,37.0166688379034,6.91357421875,,1134.6514282226562,19.44959362579738,,37.0166688379034
single,openresty,general-service,blafs,file-removal,7,service,True,,True,True,True,True,recorded,True,True,7.50390625,856427,28540.6858,True,41.2,45.6,0.0013331287044805774,False,31.000532103702426,1148.8657836914062,0.37028620997443795,7.13836669921875,7.421123000000001,5.223863000000001,12.644986000000001,19.277970680332746,,,,,,,30.630245893727988,1141.7274169921875,1142.1966,974.5766679999999,2116.773268,37.27451033052182,7.13836669921875,,1141.7274169921875,19.277970680332746,,37.27451033052182
single,openresty,general-service,blafs,file-removal,8,service,True,,True,True,True,True,recorded,True,True,7.46875,851545,28375.9961,True,40.8,45.6,0.0013408012782785627,False,30.97727384697646,1148.7315063476562,0.35304955299943686,6.9788818359375,7.290995999999999,5.219713,12.510708999999999,19.767428613480305,,,,,,,30.624224293977022,1141.7526245117188,1142.393132,976.776003,2119.169135,37.28266269053781,6.9788818359375,,1141.7526245117188,19.767428613480305,,37.28266269053781
single,openresty,general-service,blafs,file-removal,9,service,True,,True,True,True,True,recorded,True,True,7.515625,849714,28316.7179,True,40.7,45.7,0.0013345796907704018,False,30.998045943211764,1140.9949340820312,0.3500810922123492,6.98388671875,7.268231,5.12163,12.389861,19.94933995039576,,,,,,,30.647964850999415,1134.0110473632812,1134.526576,974.561775,2109.088351,37.00118598009622,6.98388671875,,1134.0110473632812,19.94933995039576,,37.00118598009622
single,openresty,general-service,confine,syscall-restriction,0,service,True,,True,True,True,True,recorded,True,True,7.51953125,860490,28676.6751,True,41.1,45.7,0.001324855137384477,False,30.930310039315373,1145.665771484375,0.30265711806714535,5.64117431640625,7.496258,6.213362999999999,13.709620999999999,18.638829155687457,,,,,,,30.627652921248227,1140.0245971679688,1137.333148,975.760869,2113.094017,37.222068569840225,5.64117431640625,,1140.0245971679688,18.638829155687457,,37.222068569840225
single,openresty,general-service,confine,syscall-restriction,1,service,True,,True,True,True,True,recorded,True,True,7.26171875,862805,28753.4039,True,40.9,45.9,0.0013206402571726448,False,30.97612154018134,1146.3145141601562,0.3437863951548934,6.8594970703125,7.129254,5.2893539999999994,12.418607999999999,19.952788030550032,,,,,,,30.632335145026445,1139.4550170898438,1139.906811,979.308894,2119.215705,37.197785010355275,6.8594970703125,,1139.4550170898438,19.952788030550032,,37.197785010355275
single,openresty,general-service,confine,syscall-restriction,10,service,True,,True,True,True,True,recorded,True,True,7.50390625,858630,28614.33,True,40.9,45.7,0.0013314665473859884,False,30.9811630519107,1148.6026611328125,0.3201814698986709,5.36553955078125,7.121259,5.250780000000001,12.372039000000001,16.757807853400458,,,,,,,30.660981582012028,1143.2371215820312,1141.003792,979.681452,2120.6852440000002,37.28638362487187,5.36553955078125,,1143.2371215820312,16.757807853400458,,37.28638362487187
single,openresty,general-service,confine,syscall-restriction,11,service,True,,True,True,True,True,recorded,True,True,7.30078125,867077,28896.3306,True,40.6,45.9,0.0013129643181740203,False,30.995105849113315,1143.2194213867188,0.33427794510498643,4.77825927734375,6.709638,5.296372999999999,12.006010999999999,14.294270224268148,,,,,,,30.66082790400833,1138.441162109375,1136.289328,985.702494,2121.991822,37.13015074718661,4.77825927734375,,1138.441162109375,14.294270224268148,,37.13015074718661
single,openresty,general-service,confine,syscall-restriction,12,service,True,,True,True,True,True,recorded,True,True,7.42578125,857995,28593.3366,True,41.0,45.6,0.0013367656366550795,False,30.972137934993953,1153.7164916992188,0.3314679032191634,6.77825927734375,6.997114000000001,5.040576,12.037690000000001,20.44921759094735,,,,,,,30.64067003177479,1146.938232421875,1147.4769210000002,980.210503,2127.687424,37.4318913794145,6.77825927734375,,1146.938232421875,20.44921759094735,,37.4318913794145
single,openresty,general-service,confine,syscall-restriction,13,service,True,,True,True,True,True,recorded,True,True,7.515625,853032,28427.6188,True,41.3,45.7,0.0013351132045566578,False,30.93836789485067,1143.74560546875,0.3035112367942929,4.851318359375,6.4490799999999995,5.108141,11.557220999999998,15.983982703951808,,,,,,,30.63485665805638,1138.894287109375,1138.3989410000001,972.7825439999999,2111.181485,37.17641965234617,4.851318359375,,1138.894287109375,15.983982703951808,,37.17641965234617
single,openresty,general-service,confine,syscall-restriction,14,service,True,,True,True,True,True,recorded,True,True,7.49609375,861126,28697.1184,True,40.7,45.7,0.0013227282006712724,False,30.97310389019549,1143.9420166015625,0.3253970080986619,4.9063720703125,6.673628000000001,5.177294,11.850922,15.078110579384507,,,,,,,30.647706882096827,1139.03564453125,1136.845112,980.5979530000001,2117.443065,37.16544434835447,4.9063720703125,,1139.03564453125,15.078110579384507,,37.16544434835447
single,openresty,general-service,confine,syscall-restriction,15,service,True,,True,True,True,True,recorded,True,True,7.28515625,856613,28545.5868,True,40.5,45.7,0.0013295094296200925,False,30.98031592182815,1144.2545166015625,0.31282023387029767,5.37945556640625,7.1468940000000005,4.968371,12.115265,17.196635587954628,,,,,,,30.667495687957853,1138.8750610351562,1136.4749960000001,974.434883,2110.9098790000003,37.13622633628856,5.37945556640625,,1138.8750610351562,17.196635587954628,,37.13622633628856
single,openresty,general-service,confine,syscall-restriction,16,service,True,,True,True,True,True,recorded,True,True,7.67578125,858597,28612.7937,True,40.7,45.9,0.0013361073173735758,False,30.98284841189161,1154.7353515625,0.3425855706445873,7.5576171875,7.848979,6.005172,13.854151,22.060523954000942,,,,,,,30.640262841247022,1147.177734375,1147.78527,978.988705,2126.773975,37.440205402895664,7.5576171875,,1147.177734375,22.060523954000942,,37.440205402895664
single,openresty,general-service,confine,syscall-restriction,17,service,True,,True,True,True,True,recorded,True,True,7.36328125,860870,28688.9371,True,41.2,46.1,0.001315420169966139,False,30.97825256222859,1139.2171020507812,0.33043128391727805,6.81134033203125,4.4764289999999995,3.408804999999999,7.885233999999999,20.613485052875433,,,,,,,30.647821278311312,1132.40576171875,1132.885528,983.494858,2116.380386,36.94898085692391,6.81134033203125,,1132.40576171875,20.613485052875433,,36.94898085692391
single,openresty,general-service,confine,syscall-restriction,18,service,True,,True,True,True,True,recorded,True,True,7.4453125,858510,28609.7081,True,40.9,45.9,0.00132992549125356,False,30.94530584709719,1147.243408203125,0.32278223196044564,5.48907470703125,7.432049,5.594773,13.026822,17.005504527597083,,,,,,,30.622523615136743,1141.7543334960938,1141.448006,979.60522,2121.053226,37.28478906068093,5.48907470703125,,1141.7543334960938,17.005504527597083,,37.28478906068093
single,openresty,general-service,confine,syscall-restriction,19,service,True,,True,True,True,True,recorded,True,True,7.49609375,873585,29112.3288,True,40.8,46.2,0.0013115148801347322,False,30.982862420845777,1152.0899658203125,0.33664026809856296,6.3702392578125,6.627120000000001,5.292711000000001,11.919831000000002,18.922986527409115,,,,,,,30.646222152747214,1145.7197265625,1146.311213,987.733433,2134.044646,37.3853495172094,6.3702392578125,,1145.7197265625,18.922986527409115,,37.3853495172094
single,openresty,general-service,confine,syscall-restriction,2,service,True,,True,True,True,True,recorded,True,True,7.53515625,857541,28577.4916,True,40.5,45.9,0.001320532364669736,False,31.00688692787662,1139.188232421875,0.3474344238638878,6.777587890625,7.051068000000001,5.017749,12.068817000000001,19.50753127813326,,,,,,,30.659452504012734,-261011.58935546875,1132.9734179999998,984.484846,2117.458264,-8513.250173704419,6.777587890625,,1132.41064453125,19.50753127813326,,36.935122842883096
single,openresty,general-service,confine,syscall-restriction,3,service,True,,True,True,True,True,recorded,True,True,7.72265625,852561,28410.7372,True,40.5,45.6,0.001336189271299209,False,31.05740435095504,1146.372802734375,0.403841664083302,7.18994140625,8.847328,6.457380000000001,15.304708,17.80386236910638,,,,,,,30.653562686871737,1139.182861328125,1136.925983,973.8822120000001,2110.808195,37.163147167099524,7.18994140625,,1139.182861328125,17.80386236910638,,37.163147167099524
single,openresty,general-service,confine,syscall-restriction,4,service,True,,True,True,True,True,recorded,True,True,7.3828125,865903,28857.0907,True,41.1,45.8,0.001320582769699666,False,30.962549553718418,1149.0244750976562,0.3269529268145561,5.52789306640625,7.449566,5.757676,13.207242,16.907305648747432,,,,,,,30.63559662690386,1143.49658203125,1141.186776,984.160872,2125.347648,37.32574873462863,5.52789306640625,,1143.49658203125,16.907305648747432,,37.32574873462863
single,openresty,general-service,confine,syscall-restriction,5,service,True,,True,True,True,True,recorded,True,True,7.28515625,859158,28631.1852,True,40.7,45.7,0.0013272384068089775,False,30.959966242313385,1145.6172485351562,0.3238259241916239,5.30975341796875,7.2250190000000005,5.959823999999999,13.184843,16.396937432429606,,,,,,,30.63614031812176,1140.3074951171875,1137.767961,980.229913,2117.997874,37.22099074088251,5.30975341796875,,1140.3074951171875,16.396937432429606,,37.22099074088251
single,openresty,general-service,confine,syscall-restriction,6,service,True,,True,True,True,True,recorded,True,True,7.27734375,853413,28439.0508,True,40.9,45.8,0.0013314733087723938,False,30.97445914335549,1142.9141845703125,0.33223741315305233,6.6175537109375,6.804792,5.24193,12.046721999999999,19.918147231326355,,,,,,,30.642221730202436,1136.296630859375,1136.856098,979.102596,2115.958694,37.08271028335347,6.6175537109375,,1136.296630859375,19.918147231326355,,37.08271028335347
single,openresty,general-service,confine,syscall-restriction,7,service,True,,,,True,True,posthoc,True,True,7.33203125,846984,28225.3719,True,41.2,45.5,0.0013482478251507703,False,30.956903478130698,1147.0574340820312,0.33209308609366417,5.11309814453125,6.924116,4.950182999999999,11.874298999999999,15.396581135354145,,,,,,,30.624810392037034,1141.9443359375,1142.101934,966.5503209999999,2108.652255,37.288209178086035,5.11309814453125,,1141.9443359375,15.396581135354145,,37.288209178086035
single,openresty,general-service,confine,syscall-restriction,8,service,True,,True,True,True,True,recorded,True,True,7.45703125,855979,28525.192,True,40.5,45.5,0.0013366608590728059,False,30.957785619888455,1148.9515991210938,0.3080024430528283,4.7979736328125,6.470198,5.148303,11.618501,15.577712907912083,,,,,,,30.649783176835626,1144.1536254882812,1141.739448,979.435054,2121.174502,37.329909281479196,4.7979736328125,,1144.1536254882812,15.577712907912083,,37.329909281479196
single,openresty,general-service,confine,syscall-restriction,9,service,True,,True,True,True,True,recorded,True,True,7.28515625,865088,28829.3993,True,41.2,46.0,0.001310663603551026,False,30.98098011314869,1140.3291015625,0.3541328553110361,6.48974609375,6.768721000000001,5.638596000000001,12.407317000000003,18.3257384804074,,,,,,,30.626847257837653,1133.83935546875,1134.351589,983.7765350000001,2118.1281240000003,37.021092831505584,6.48974609375,,1133.83935546875,18.3257384804074,,37.021092831505584
single,openresty,general-service,slim,file-removal,0,service,True,,True,True,True,True,recorded,True,True,7.328125,851986,28391.7894,True,41.0,45.4,0.001340072085984981,False,30.987573829945177,1148.3336181640625,0.3532960289157927,6.6109619140625,6.934797,5.363756,12.298553,18.71224517963152,,,,,,,30.634277801029384,1141.72265625,1142.2617249999998,969.3642179999999,2111.625943,37.26944906831247,6.6109619140625,,1141.72265625,18.71224517963152,,37.26944906831247
single,openresty,general-service,slim,file-removal,1,service,True,,True,True,True,True,recorded,True,True,7.37890625,863848,28788.3425,True,41.1,46.1,0.001322239760193091,False,31.025560763664544,1149.406494140625,0.36217278661206365,7.19232177734375,7.464641,5.723741,13.188382,19.85881337088892,,,,,,,30.66338797705248,1142.2141723632812,1142.6341599999998,984.616864,2127.2510239999997,37.25009686529351,7.19232177734375,,1142.2141723632812,19.85881337088892,,37.25009686529351
single,openresty,general-service,slim,file-removal,10,service,True,,True,True,True,True,recorded,True,True,7.32421875,859461,28641.7418,True,40.8,45.5,0.001331644437573011,False,30.990922839846462,1151.1722412109375,0.3544272449798882,6.67578125,6.9564639999999995,5.3832260000000005,12.339690000000001,18.835406545506437,,,,,,,30.636495594866574,1144.4964599609375,1144.9587999999999,975.857487,2120.8162869999996,37.3572903081222,6.67578125,,1144.4964599609375,18.835406545506437,,37.3572903081222
single,openresty,general-service,slim,file-removal,11,service,True,,True,True,True,True,recorded,True,True,7.4921875,857794,28586.4057,True,41.5,45.4,0.0013283056277570721,False,30.995332994963974,1147.2564697265625,0.3379381150007248,7.8438720703125,8.030009,7.081891000000001,15.1119,23.210971838129822,,,,,,,30.65739487996325,1139.41259765625,1140.0505489999998,987.3935290000001,2127.444078,37.16599541864321,7.8438720703125,,1139.41259765625,23.210971838129822,,37.16599541864321
single,openresty,general-service,slim,file-removal,12,service,True,,,,True,True,posthoc,True,True,7.33203125,860156,28664.2273,True,41.0,45.8,0.0013210809357365118,False,30.982584512792528,1143.6946411132812,0.33980039693415165,7.35894775390625,7.6450000000000005,6.239303,13.884303,21.656677921221814,,,,,,,30.642784115858376,1136.335693359375,1137.1129950000002,984.154768,2121.2677630000003,37.083304475956346,7.35894775390625,,1136.335693359375,21.656677921221814,,37.083304475956346
single,openresty,general-service,slim,file-removal,13,service,True,,True,True,True,True,recorded,True,True,7.23046875,856202,28532.6767,True,40.6,45.8,0.0013171226211348929,False,31.054057016037405,1134.5325927734375,0.3854562002234161,6.8095703125,7.2607230000000005,5.592882000000001,12.853605000000002,17.666262233045085,,,,,,,30.66860081581399,1127.7230224609375,1130.5357410000001,983.577255,2114.1129960000003,36.77125765318375,6.8095703125,,1127.7230224609375,17.666262233045085,,36.77125765318375
single,openresty,general-service,slim,file-removal,14,service,True,,True,True,True,True,recorded,True,True,7.34375,863291,28769.8867,True,40.9,45.9,0.0013184416987308597,False,30.970302449073642,1145.4501953125,0.33902576426044106,7.2513427734375,7.515789,5.668015,13.183803999999999,21.388766099401774,,,,,,,30.6312766848132,1138.1988525390625,1138.937575,983.68602,2122.623595,37.15806116247758,7.2513427734375,,1138.1988525390625,21.388766099401774,,37.15806116247758
single,openresty,general-service,slim,file-removal,15,service,True,,True,True,True,True,recorded,True,True,7.50390625,844347,28136.9238,True,40.9,45.3,0.0013505546795241619,False,30.975014636758715,1147.5323486328125,0.35106139769777656,7.195556640625,7.530803,5.228869000000001,12.759672000000002,20.49657606279898,,,,,,,30.62395323906094,1140.3367919921875,1140.732798,965.791412,2106.52421,37.236759836012446,7.195556640625,,1140.3367919921875,20.49657606279898,,37.236759836012446
single,openresty,general-service,slim,file-removal,16,service,True,,True,True,True,True,recorded,True,True,7.41015625,849328,28303.3914,True,41.2,45.3,0.0013420346870923249,False,30.98422768479213,1147.300537109375,0.35597060387954116,7.472900390625,7.717693000000001,5.900864,13.618557000000001,20.993026697097143,,,,,,,30.62825708091259,1139.82763671875,1140.338267,970.479083,2110.8173500000003,37.2149036658402,7.472900390625,,1139.82763671875,20.993026697097143,,37.2149036658402
single,openresty,general-service,slim,file-removal,17,service,True,,True,True,True,True,recorded,True,True,7.2578125,842740,28084.2863,True,41.0,45.4,0.0013435199184496033,False,31.012570418883115,1139.3629150390625,0.3731702510267496,7.12493896484375,7.458659999999999,5.490526000000001,12.949186000000001,19.09299829029785,,,,,,,30.639400167856365,1132.2379760742188,1132.8376759999999,973.1460079999999,2105.983684,36.95365998914181,7.12493896484375,,1132.2379760742188,19.09299829029785,,36.95365998914181
single,openresty,general-service,slim,file-removal,18,service,True,,True,True,True,True,recorded,True,True,7.34375,863694,28782.8312,True,41.4,45.8,0.0013231219169491742,False,31.00178338494152,1150.44873046875,0.35217004315927625,7.67626953125,7.961771,6.678754999999999,14.640525999999998,21.79705423660424,,,,,,,30.649613341782242,1142.7724609375,1143.356082,981.853139,2125.209221,37.28505309982645,7.67626953125,,1142.7724609375,21.79705423660424,,37.28505309982645
single,openresty,general-service,slim,file-removal,19,service,True,,True,True,True,True,recorded,True,True,7.53125,854557,28478.5451,True,40.6,46.0,0.0013269191400348734,False,31.000282485969365,1140.5084228515625,0.34573661582544446,6.58038330078125,6.907514000000001,5.372361,12.279875,19.03293721167085,,,,,,,30.65454587014392,1133.9280395507812,1134.417628,981.97765,2116.395278,36.99053459654001,6.58038330078125,,1133.9280395507812,19.03293721167085,,36.99053459654001
single,openresty,general-service,slim,file-removal,2,service,True,,True,True,True,True,recorded,True,True,7.3359375,855099,28495.4762,True,41.4,45.6,0.0013394824888331644,False,31.011493593920022,1152.503173828125,0.3620251719839871,7.113037109375,7.268718999999999,5.2894760000000005,12.558195,19.64790754851052,,,,,,,30.649468421936035,1145.39013671875,1145.785519,971.082353,2116.867872,37.370636284803766,7.113037109375,,1145.39013671875,19.64790754851052,,37.370636284803766
single,openresty,general-service,slim,file-removal,3,service,True,,True,True,True,True,recorded,True,True,7.43359375,851039,28360.3453,True,40.5,45.7,0.0013306792049510583,False,30.95954580977559,1140.3046264648438,0.3377679488621652,7.8447265625,8.208292,7.122846,15.331138,23.225195252913828,,,,,,,30.621777860913426,1132.4598999023438,1132.88272,981.8964119999999,2114.779132,36.98217344029036,7.8447265625,,1132.4598999023438,23.225195252913828,,36.98217344029036
single,openresty,general-service,slim,file-removal,4,service,True,,,,True,True,posthoc,True,True,7.38671875,862715,28750.7329,True,41.0,45.8,0.0013295144577637893,False,30.99653352657333,1154.9581298828125,0.3565264865756035,7.966064453125,8.218851,7.161297000000001,15.380148000000002,22.343541793032397,,,,,,,30.640007039997727,1146.9920654296875,1147.7254560000001,976.520937,2124.2463930000004,37.43445828626587,7.966064453125,,1146.9920654296875,22.343541793032397,,37.43445828626587
single,openresty,general-service,slim,file-removal,5,service,True,,,,True,True,posthoc,True,True,7.41015625,849109,28295.6161,True,40.6,45.4,0.0013411410824510236,False,30.980327480006963,1146.4749145507812,0.3398946919478476,7.699951171875,7.873699,6.68022,14.553919,22.653931803843694,,,,,,,30.640432788059115,1138.7749633789062,1139.464795,975.699529,2115.1643240000003,37.16575974157579,7.699951171875,,1138.7749633789062,22.653931803843694,,37.16575974157579
single,openresty,general-service,slim,file-removal,6,service,True,,True,True,True,True,recorded,True,True,7.484375,846506,28209.8383,True,40.6,45.4,0.0013359415140875774,False,31.04167028097436,1138.16015625,0.3786492492072284,7.27764892578125,7.878825000000001,5.805527,13.684352,19.220027349897936,,,,,,,30.66302103176713,1130.8825073242188,1133.50015,976.1472809999999,2109.647431,36.880987889373834,7.27764892578125,,1130.8825073242188,19.220027349897936,,36.880987889373834
single,openresty,general-service,slim,file-removal,7,service,True,,True,True,True,True,recorded,True,True,7.48046875,861139,28698.0046,True,41.0,45.9,0.0013291491307678696,False,30.94090022612363,1150.3989868164062,0.3141123247332871,5.81683349609375,7.651775,5.5540020000000005,13.205777000000001,18.518323026747918,,,,,,,30.626787901390344,1144.5821533203125,1143.72516,976.1947670000001,2119.919927,37.371929338641245,5.81683349609375,,1144.5821533203125,18.518323026747918,,37.371929338641245
single,openresty,general-service,slim,file-removal,8,service,True,,True,True,True,True,recorded,True,True,7.36328125,856110,28530.6197,True,40.8,45.9,0.0013323379806944712,False,30.98757386393845,1147.5213012695312,0.3483314299955964,6.8934326171875,7.2007270000000005,5.133532000000001,12.334259000000001,19.789866843984324,,,,,,,30.639242433942854,1140.6278686523438,1141.300545,976.681337,2117.981882,37.227678559987176,6.8934326171875,,1140.6278686523438,19.789866843984324,,37.227678559987176
single,openresty,general-service,slim,file-removal,9,service,True,,,,True,True,posthoc,True,True,7.27734375,847646,28247.814,True,40.3,45.9,0.0013352664342816754,False,31.053929998073727,1139.20458984375,0.40861783595755696,7.371337890625,9.031105,6.878157,15.909262,18.039687066892153,,,,,,,30.64531216211617,1131.833251953125,1131.500155,976.37659,2107.876745,36.933324286782785,7.371337890625,,1131.833251953125,18.039687066892153,,36.933324286782785
single,php-apache,general-service,baseline,control,0,service,True,,True,True,True,True,recorded,True,True,129.26953125,1000000,31832.389,True,80.0,62.5,0.0016669446411132812,False,36.08771264180541,1674.4024658203125,0.37406582990661263,7.45782470703125,7.381145,5.559189999999999,12.940335,19.937198511003082,,,,,,,35.7136468118988,1666.9446411132812,1668.1314719999998,1305.3649440000002,2973.496416,46.675284937798665,7.45782470703125,,1666.9446411132812,19.937198511003082,,46.675284937798665
single,php-apache,general-service,baseline,control,1,service,True,,True,True,True,True,recorded,True,True,126.9140625,1000000,32213.4396,True,80.0,63.0,0.00166105517578125,False,36.113449743017554,1668.7738037109375,0.3556999140419066,7.7186279296875,7.725992999999999,5.883774000000001,13.609767,21.699830742096086,,,,,,,35.75774982897565,1661.05517578125,1662.5432289999999,1303.040671,2965.5838999999996,46.45301182892789,7.7186279296875,,1661.05517578125,21.699830742096086,,46.45301182892789
single,php-apache,general-service,baseline,control,10,service,True,,True,True,True,True,recorded,True,True,128.59765625,1000000,34639.5648,True,79.9,66.1,0.001661118408203125,False,36.14148998213932,1668.4600830078125,0.36613441025838256,7.3416748046875,7.262921,5.641282,12.904203,20.051856910980998,,,,,,,35.77535557188094,1661.118408203125,1662.9821319999999,1328.159319,2991.141451,46.431918890800546,7.3416748046875,,1661.118408203125,20.051856910980998,,46.431918890800546
single,php-apache,general-service,baseline,control,11,service,True,,True,True,True,True,recorded,True,True,127.6328125,1000000,33197.9995,True,80.0,64.3,0.0016625226440429687,False,35.97766687814146,1668.1190185546875,0.3346590008586645,5.59637451171875,8.341044,7.040754,15.381798,16.722617641717783,,,,,,,35.6430078772828,1662.5226440429688,1658.689296,1306.556714,2965.24601,46.64372461962122,5.59637451171875,,1662.5226440429688,16.722617641717783,,46.64372461962122
single,php-apache,general-service,baseline,control,12,service,True,,True,True,True,True,recorded,True,True,128.06640625,1000000,32218.7475,True,80.6,63.3,0.0016610450439453125,False,35.93766411487013,1668.6452026367188,0.37270587682724,7.60015869140625,7.5023610000000005,5.503769999999999,13.006131,20.3918402256081,,,,,,,35.56495823804289,1661.0450439453125,1662.3299729999999,1309.064459,2971.394432,46.704540824359434,7.60015869140625,,1661.0450439453125,20.3918402256081,,46.704540824359434
single,php-apache,general-service,baseline,control,13,service,True,,True,True,True,True,recorded,True,True,130.3359375,1000000,32064.6464,True,80.0,62.5,0.0016632395629882812,False,36.10069776233286,1670.9124145507812,0.3837444349192083,7.6728515625,7.609721,5.359849,12.969570000000001,19.994691425597885,,,,,,,35.71695332741365,1663.2395629882812,1664.439953,1303.064718,2967.504671,46.56722950979427,7.6728515625,,1663.2395629882812,19.994691425597885,,46.56722950979427
single,php-apache,general-service,baseline,control,14,service,True,,True,True,True,True,recorded,True,True,127.5234375,1000000,32065.8791,True,80.2,62.3,0.0016628146362304688,False,36.03209140524268,1670.3786010742188,0.35435235826298594,7.56396484375,7.505413,5.563828000000001,13.069241000000002,21.345885436823682,,,,,,,35.677739046979696,1662.8146362304688,1664.1381959999999,1297.587986,2961.726182,46.6065025600672,7.56396484375,,1662.8146362304688,21.345885436823682,,46.6065025600672
single,php-apache,general-service,baseline,control,15,service,True,,True,True,True,True,recorded,True,True,129.1484375,1000000,32636.8818,True,80.1,63.0,0.0016646768188476563,False,36.111324885860085,1672.0421142578125,0.36373548675328493,7.36529541015625,7.288007,5.792892999999999,13.0809,20.249042720299638,,,,,,,35.7475893991068,1664.6768188476562,1666.041694,1308.42408,2974.4657740000002,46.56752656136445,7.36529541015625,,1664.6768188476562,20.249042720299638,,46.56752656136445
single,php-apache,general-service,baseline,control,16,service,True,,True,True,True,True,recorded,True,True,128.5703125,1000000,35740.2991,True,80.0,66.4,0.0016579685668945312,False,36.0420680209063,1666.5147094726562,0.36433305218815804,8.546142578125,8.401468,7.161968999999999,15.563436999999999,23.4569510693512,,,,,,,35.67773496871814,1657.9685668945312,1660.023644,1330.755932,2990.779576,46.47067893598684,8.546142578125,,1657.9685668945312,23.4569510693512,,46.47067893598684
single,php-apache,general-service,baseline,control,17,service,True,,True,True,True,True,recorded,True,True,127.1171875,1000000,32168.4275,True,80.5,63.1,0.0016648472290039062,False,35.90233703004196,1672.5079956054688,0.35890613915398717,7.6607666015625,7.580546999999999,5.500169,13.080715999999999,21.34476334013245,,,,,,,35.543430890887976,1664.8472290039062,1666.252693,1306.968639,2973.221332,46.83980097798358,7.6607666015625,,1664.8472290039062,21.34476334013245,,46.83980097798358
single,php-apache,general-service,baseline,control,18,service,True,,True,True,True,True,recorded,True,True,128.4296875,1000000,32517.72,True,80.1,63.2,0.0016645621948242187,False,36.11145547917113,1672.0718383789062,0.3662091000005603,7.5096435546875,7.471355999999999,5.356859,12.828215,20.50643622639637,,,,,,,35.74524637917057,1664.5621948242188,1665.655465,1308.47425,2974.129715,46.56737226447517,7.5096435546875,,1664.5621948242188,20.50643622639637,,46.56737226447517
single,php-apache,general-service,baseline,control,19,service,True,,True,True,True,True,recorded,True,True,128.55859375,1000000,32129.9449,True,80.6,63.1,0.001659656005859375,False,35.89470852399245,1667.1919555664062,0.35723245795816183,7.53594970703125,7.478802000000001,5.337877,12.816679,21.095366725925675,,,,,,,35.53747606603429,1659.656005859375,1660.83315,1304.2821829999998,2965.1153329999997,46.7015722437764,7.53594970703125,,1659.656005859375,21.095366725925675,,46.7015722437764
single,php-apache,general-service,baseline,control,2,service,True,,True,True,True,True,recorded,True,True,126.640625,1000000,32267.4459,True,80.0,63.2,0.0016660874633789063,False,36.07432116009295,1673.6705322265625,0.363491078838706,7.58306884765625,7.548198,5.727281,13.275479,20.861774302365006,,,,,,,35.710830081254244,1666.0874633789062,1664.744945,1306.832226,2971.577171,46.654963202703286,7.58306884765625,,1666.0874633789062,20.861774302365006,,46.654963202703286
single,php-apache,general-service,baseline,control,3,service,True,,True,True,True,True,recorded,True,True,128.4921875,1000000,32035.5726,True,80.5,63.1,0.001661512939453125,False,35.928930984809995,1669.4415893554688,0.36282582487910986,7.92864990234375,7.847331,5.997055,13.844386,21.852496042654906,,,,,,,35.566105159930885,1661.512939453125,1663.078445,1303.92458,2967.003025,46.71619037231553,7.92864990234375,,1661.512939453125,21.852496042654906,,46.71619037231553
single,php-apache,general-service,baseline,control,4,service,True,,True,True,True,True,recorded,True,True,129.2109375,1000000,32623.3558,True,80.2,63.5,0.0016590413208007813,False,36.04453140636906,1666.5054321289062,0.3644157820381224,7.464111328125,7.412517,5.749313999999999,13.161831,20.48240415488965,,,,,,,35.68011562433094,1659.0413208007812,1660.4992889999999,1306.819836,2967.319125,46.497644185588065,7.464111328125,,1659.0413208007812,20.48240415488965,,46.497644185588065
single,php-apache,general-service,baseline,control,5,service,True,,True,True,True,True,recorded,True,True,128.4453125,1000000,32006.5753,True,80.4,63.1,0.0016586986083984374,False,35.911122494377196,1666.2669067382812,0.3498703259974718,7.56829833984375,7.4932669999999995,5.375108,12.868375,21.631724034516832,,,,,,,35.561252168379724,1658.6986083984375,1660.1238010000002,1294.490095,2954.6138960000003,46.643425280544974,7.56829833984375,,1658.6986083984375,21.631724034516832,,46.643425280544974
single,php-apache,general-service,baseline,control,6,service,True,,True,True,True,True,recorded,True,True,128.58984375,1000000,31968.0749,True,80.5,62.8,0.001659978271484375,False,35.94939386798069,1667.9829711914062,0.37791195465251803,8.00469970703125,7.797649,6.228866,14.026515,21.181387909232456,,,,,,,35.57148191332817,1659.978271484375,1661.290669,1302.682944,2963.973613,46.66598584588073,8.00469970703125,,1659.978271484375,21.181387909232456,,46.66598584588073
single,php-apache,general-service,baseline,control,7,service,True,,True,True,True,True,recorded,True,True,129.671875,1000000,32002.942,True,80.1,62.6,0.0016664038696289063,False,36.094897153787315,1674.3576049804688,0.35446597589179873,7.9537353515625,7.921062000000001,5.999922999999999,13.920985,22.438642613164063,,,,,,,35.740431177895516,1666.4038696289062,1667.845217,1304.51546,2972.360677,46.625175318520824,7.9537353515625,,1666.4038696289062,22.438642613164063,,46.625175318520824
single,php-apache,general-service,baseline,control,8,service,True,,True,True,True,True,recorded,True,True,128.4921875,1000000,32417.8499,True,80.4,63.9,0.00166152734375,False,35.929432700853795,1669.3018798828125,0.36333075212314725,7.7745361328125,7.73997,6.0306239999999995,13.770594,21.397957886530342,,,,,,,35.56610194873065,1661.52734375,1662.875564,1313.5917299999999,2976.467294,46.716599590956854,7.7745361328125,,1661.52734375,21.397957886530342,,46.716599590956854
single,php-apache,general-service,baseline,control,9,service,True,,True,True,True,True,recorded,True,True,126.53125,1000000,32182.6122,True,80.0,63.1,0.0016585010986328126,False,36.091439032927155,1666.0579833984375,0.36509780399501324,7.556884765625,7.46745,5.500596,12.968046000000001,20.698247655656175,,,,,,,35.72634122893214,1658.5010986328125,1660.004173,1308.476814,2968.480987,46.42236068914088,7.556884765625,,1658.5010986328125,20.698247655656175,,46.42236068914088
single,php-apache,general-service,blafs,file-removal,0,service,True,,True,True,True,True,recorded,True,True,129.3203125,1000000,32688.3455,True,80.5,64.4,0.0016630299682617187,False,35.950241012033075,1670.2183837890625,0.3698510592803359,7.18841552734375,7.136578,5.695236999999999,12.831814999999999,19.435973879136977,,,,,,,35.58038995275274,1663.0299682617188,1664.377331,1307.84974,2972.2270710000003,46.740071440196665,7.18841552734375,,1663.0299682617188,19.435973879136977,,46.740071440196665
single,php-apache,general-service,blafs,file-removal,1,service,True,,True,True,True,True,recorded,True,True,128.6953125,1000000,32091.6107,True,79.8,62.5,0.0016616332397460937,False,36.18413289403543,1669.1640625,0.4298626189120114,7.53082275390625,9.905431,7.0540590000000005,16.959490000000002,17.519138493518867,,,,,,,35.75427027512342,1661.6332397460938,1657.6464520000002,1298.7892769999999,2956.435729,46.473700259020546,7.53082275390625,,1661.6332397460938,17.519138493518867,,46.473700259020546
single,php-apache,general-service,blafs,file-removal,10,service,True,,,,True,True,posthoc,True,True,128.34765625,1000000,31308.3242,True,80.1,62.0,0.0016553372802734375,False,36.109828593209386,1662.697509765625,0.3639721432700753,7.3602294921875,7.287884,5.637986,12.92587,20.221958268729505,,,,,,,35.74585644993931,1655.3372802734375,1656.765839,1300.074797,2956.840636,46.30850802502587,7.3602294921875,,1655.3372802734375,20.221958268729505,,46.30850802502587
single,php-apache,general-service,blafs,file-removal,11,service,True,,True,True,True,True,recorded,True,True,126.0625,1000000,32100.4973,True,80.5,63.3,0.00166375,False,35.91535661788657,1671.3241577148438,0.3572238520719111,7.57415771484375,7.5158499999999995,5.60167,13.117519999999999,21.20283310006699,,,,,,,35.55813276581466,1663.75,1665.387827,1302.761801,2968.149628,46.78957725247928,7.57415771484375,,1663.75,21.20283310006699,,46.78957725247928
single,php-apache,general-service,blafs,file-removal,12,service,True,,True,True,True,True,recorded,True,True,128.95703125,1000000,31807.4781,True,80.2,62.6,0.0016583056030273437,False,36.05112888617441,1666.062255859375,0.3504203441552818,7.75665283203125,7.683452,5.493821,13.177273,22.13528113137759,,,,,,,35.70070854201913,1658.3056030273438,1659.618127,1303.671712,2963.289839,46.450215436916224,7.75665283203125,,1658.3056030273438,22.13528113137759,,46.450215436916224
single,php-apache,general-service,blafs,file-removal,13,service,True,,,,True,True,posthoc,True,True,127.77734375,1000000,33185.1159,True,80.2,64.0,0.001658413818359375,False,36.04494375316426,1665.5184326171875,0.3438055720180273,7.1046142578125,7.071331999999999,5.997421999999999,13.068753999999998,20.664628022491655,,,,,,,35.701138181146234,1658.413818359375,1660.036216,1311.918028,2971.954244,46.45268758504689,7.1046142578125,,1658.413818359375,20.664628022491655,,46.45268758504689
single,php-apache,general-service,blafs,file-removal,14,service,True,,True,True,True,True,recorded,True,True,127.6640625,1000000,34459.2808,True,80.1,65.5,0.001655665771484375,False,36.133531492203474,1662.895263671875,0.35310584492981434,7.2294921875,7.153302,5.821762999999999,12.975064999999999,20.474008831366078,,,,,,,35.78042564727366,1655.665771484375,1657.4983200000001,1323.14267,2980.64099,46.27294789072837,7.2294921875,,1655.665771484375,20.474008831366078,,46.27294789072837
single,php-apache,general-service,blafs,file-removal,15,service,True,,True,True,True,True,recorded,True,True,129.19140625,1000000,31485.9005,True,80.3,62.2,0.0016590091552734375,False,36.04525547195226,1666.87890625,0.3766637980006635,7.8697509765625,7.742046,5.7453460000000005,13.487392,20.89330330744617,,,,,,,35.668591673951596,1659.0091552734375,1660.132469,1293.1780250000002,2953.3104940000003,46.511765040754184,7.8697509765625,,1659.0091552734375,20.89330330744617,,46.511765040754184
single,php-apache,general-service,blafs,file-removal,16,service,True,,True,True,True,True,recorded,True,True,127.54296875,1000000,34445.6819,True,80.5,65.8,0.0016606390991210937,False,35.931024498306215,1668.2874755859375,0.3471747669391334,7.64837646484375,7.605205000000001,6.314437,13.919642,22.030335131425787,,,,,,,35.58384973136708,1660.6390991210938,1662.0776540000002,1326.962606,2989.04026,46.668337227639654,7.64837646484375,,1660.6390991210938,22.030335131425787,,46.668337227639654
single,php-apache,general-service,blafs,file-removal,17,service,True,,True,True,True,True,recorded,True,True,128.609375,1000000,31960.7423,True,80.4,63.2,0.0016647178955078125,False,36.064199096057564,1672.0896606445312,0.33795755822211504,7.37176513671875,7.380962000000001,5.669846,13.050808,21.812694988977942,,,,,,,35.72624153783545,1664.7178955078125,1666.304633,1315.05602,2981.3606529999997,46.59650228655631,7.37176513671875,,1664.7178955078125,21.812694988977942,,46.59650228655631
single,php-apache,general-service,blafs,file-removal,18,service,True,,True,True,True,True,recorded,True,True,127.12109375,1000000,32548.444,True,80.5,63.8,0.0016577520751953124,False,35.89089750684798,1665.3182373046875,0.3485591630451381,7.566162109375,7.57542,5.373094,12.948514,21.706966597217782,,,,,,,35.54233834380284,1657.7520751953125,1656.729462,1300.385953,2957.115415,46.64161539288138,7.566162109375,,1657.7520751953125,21.706966597217782,,46.64161539288138
single,php-apache,general-service,blafs,file-removal,19,service,True,,True,True,True,True,recorded,True,True,125.546875,1000000,32294.2714,True,80.3,63.4,0.0016607565307617189,False,36.03294234536588,1668.3509521484375,0.3590090461075306,7.59442138671875,7.507489,5.429186,12.936675,21.1538440857116,,,,,,,35.67393329925835,1660.7565307617188,1662.1878829999998,1299.509429,2961.697312,46.5537824727683,7.59442138671875,,1660.7565307617188,21.1538440857116,,46.5537824727683
single,php-apache,general-service,blafs,file-removal,2,service,True,,True,True,True,True,recorded,True,True,127.8984375,1000000,31725.7129,True,80.4,62.6,0.0016542748413085938,False,35.93785853963345,1661.8826904296875,0.39007801190018654,7.60784912109375,7.515606,5.494432000000001,13.010038000000002,19.503404162756173,,,,,,,35.547780527733266,1654.2748413085938,1655.4262429999999,1299.880828,2955.307071,46.53665620608803,7.60784912109375,,1654.2748413085938,19.503404162756173,,46.53665620608803
single,php-apache,general-service,blafs,file-removal,3,service,True,,,,True,True,posthoc,True,True,128.1171875,1000000,31808.7337,True,80.6,62.9,0.0016588128051757813,False,35.9481503367424,1666.3736572265625,0.3597786626778543,7.56085205078125,7.586955,5.475144,13.062099,21.015287550699565,,,,,,,35.58837167406455,1658.8128051757812,1660.333884,1312.1661350000002,2972.500019,46.61109028443302,7.56085205078125,,1658.8128051757812,21.015287550699565,,46.61109028443302
single,php-apache,general-service,blafs,file-removal,4,service,True,,True,True,True,True,recorded,True,True,127.74609375,1000000,32211.7912,True,80.0,62.9,0.0016672053833007813,False,36.093846638686955,1674.75390625,0.3763512708246708,7.54852294921875,7.486370000000001,5.358812,12.845182000000001,20.057120925028972,,,,,,,35.717495367862284,1667.2053833007812,1668.415041,1307.794503,2976.2095440000003,46.67755580647156,7.54852294921875,,1667.2053833007812,20.057120925028972,,46.67755580647156
single,php-apache,general-service,blafs,file-removal,5,service,True,,True,True,True,True,recorded,True,True,128.81640625,1000000,31921.8776,True,80.2,62.9,0.001652895751953125,False,36.04160234564915,1660.6064453125,0.3619025177322328,7.710693359375,7.663066000000001,5.558091,13.221157000000002,21.305995348393918,,,,,,,35.67969982791692,1652.895751953125,1654.178443,1301.256679,2955.435122,46.32594332141346,7.710693359375,,1652.895751953125,21.305995348393918,,46.32594332141346
single,php-apache,general-service,blafs,file-removal,6,service,True,,True,True,True,True,recorded,True,True,127.2890625,1000000,34895.7722,True,80.1,66.0,0.0016699649047851562,False,36.04723756900057,1675.8272094726562,0.3384733651764691,5.8623046875,8.660317000000001,7.552776,16.213093,17.31984046793042,,,,,,,35.7087642038241,1669.9649047851562,1669.0730589999998,1325.818323,2994.891382,46.76624750307985,5.8623046875,,1669.9649047851562,17.31984046793042,,46.76624750307985
single,php-apache,general-service,blafs,file-removal,7,service,True,,True,True,True,True,recorded,True,True,127.265625,1000000,34835.4373,True,80.5,66.9,0.0016518092041015624,False,35.88907062308863,1659.17919921875,0.3545907107181847,7.3699951171875,7.336773000000001,5.87645,13.213223000000001,20.784512663234693,,,,,,,35.53447991237044,-260492.19079589844,1650.5616309999998,1327.0425010000001,2977.604132,-7330.688149602397,7.3699951171875,,1651.8092041015625,20.784512663234693,,46.484687778602506
single,php-apache,general-service,blafs,file-removal,8,service,True,,True,True,True,True,recorded,True,True,127.29296875,1000000,32085.8865,True,80.0,63.0,0.00166261669921875,False,36.09935620194301,1670.4367065429688,0.3565636328421533,7.82000732421875,7.841899000000001,6.0671230000000005,13.909022,21.93158977511478,,,,,,,35.74279256910086,1662.61669921875,1664.2360959999999,1302.792503,2967.0285989999998,46.51613877131858,7.82000732421875,,1662.61669921875,21.93158977511478,,46.51613877131858
single,php-apache,general-service,blafs,file-removal,9,service,True,,True,True,True,True,recorded,True,True,129.8125,1000000,32946.8723,True,80.1,63.9,0.0016643422241210937,False,36.069541414733976,1671.6566772460938,0.36812189081683755,7.314453125,7.284589,5.764572000000001,13.049161000000002,19.869649992206995,,,,,,,35.70141952391714,1664.3422241210938,1665.534799,1309.145514,2974.680313,46.61837670085122,7.314453125,,1664.3422241210938,19.869649992206995,,46.61837670085122
single,php-apache,general-service,confine,syscall-restriction,0,service,False,TimeoutError: service http://127.0.0.1:18080/info.php never answered,,,,,none,False,False,,,,,,,,False,,,,,,,,,,,,,,,,,,,,,,,,,,
single,php-apache,general-service,confine,syscall-restriction,1,service,False,TimeoutError: service http://127.0.0.1:18080/info.php never answered,,,,,none,False,False,,,,,,,,False,,,,,,,,,,,,,,,,,,,,,,,,,,
single,php-apache,general-service,confine,syscall-restriction,10,service,False,TimeoutError: service http://127.0.0.1:18080/info.php never answered,,,,,none,False,False,,,,,,,,False,,,,,,,,,,,,,,,,,,,,,,,,,,
single,php-apache,general-service,confine,syscall-restriction,11,service,False,TimeoutError: service http://127.0.0.1:18080/info.php never answered,,,,,none,False,False,,,,,,,,False,,,,,,,,,,,,,,,,,,,,,,,,,,
single,php-apache,general-service,confine,syscall-restriction,12,service,False,TimeoutError: service http://127.0.0.1:18080/info.php never answered,,,,,none,False,False,,,,,,,,False,,,,,,,,,,,,,,,,,,,,,,,,,,
single,php-apache,general-service,confine,syscall-restriction,13,service,False,TimeoutError: service http://127.0.0.1:18080/info.php never answered,,,,,none,False,False,,,,,,,,False,,,,,,,,,,,,,,,,,,,,,,,,,,
single,php-apache,general-service,confine,syscall-restriction,14,service,False,TimeoutError: service http://127.0.0.1:18080/info.php never answered,,,,,none,False,False,,,,,,,,False,,,,,,,,,,,,,,,,,,,,,,,,,,
single,php-apache,general-service,confine,syscall-restriction,15,service,False,TimeoutError: service http://127.0.0.1:18080/info.php never answered,,,,,none,False,False,,,,,,,,False,,,,,,,,,,,,,,,,,,,,,,,,,,
single,php-apache,general-service,confine,syscall-restriction,16,service,False,TimeoutError: service http://127.0.0.1:18080/info.php never answered,,,,,none,False,False,,,,,,,,False,,,,,,,,,,,,,,,,,,,,,,,,,,
single,php-apache,general-service,confine,syscall-restriction,17,service,False,TimeoutError: service http://127.0.0.1:18080/info.php never answered,,,,,none,False,False,,,,,,,,False,,,,,,,,,,,,,,,,,,,,,,,,,,
single,php-apache,general-service,confine,syscall-restriction,18,service,False,TimeoutError: service http://127.0.0.1:18080/info.php never answered,,,,,none,False,False,,,,,,,,False,,,,,,,,,,,,,,,,,,,,,,,,,,
single,php-apache,general-service,confine,syscall-restriction,19,service,False,TimeoutError: service http://127.0.0.1:18080/info.php never answered,,,,,none,False,False,,,,,,,,False,,,,,,,,,,,,,,,,,,,,,,,,,,
single,php-apache,general-service,confine,syscall-restriction,2,service,False,TimeoutError: service http://127.0.0.1:18080/info.php never answered,,,,,none,False,False,,,,,,,,False,,,,,,,,,,,,,,,,,,,,,,,,,,
single,php-apache,general-service,confine,syscall-restriction,3,service,False,TimeoutError: service http://127.0.0.1:18080/info.php never answered,,,,,none,False,False,,,,,,,,False,,,,,,,,,,,,,,,,,,,,,,,,,,
single,php-apache,general-service,confine,syscall-restriction,4,service,False,TimeoutError: service http://127.0.0.1:18080/info.php never answered,,,,,none,False,False,,,,,,,,False,,,,,,,,,,,,,,,,,,,,,,,,,,
single,php-apache,general-service,confine,syscall-restriction,5,service,False,TimeoutError: service http://127.0.0.1:18080/info.php never answered,,,,,none,False,False,,,,,,,,False,,,,,,,,,,,,,,,,,,,,,,,,,,
single,php-apache,general-service,confine,syscall-restriction,6,service,False,TimeoutError: service http://127.0.0.1:18080/info.php never answered,,,,,none,False,False,,,,,,,,False,,,,,,,,,,,,,,,,,,,,,,,,,,
single,php-apache,general-service,confine,syscall-restriction,7,service,False,TimeoutError: service http://127.0.0.1:18080/info.php never answered,,,,,none,False,False,,,,,,,,False,,,,,,,,,,,,,,,,,,,,,,,,,,
single,php-apache,general-service,confine,syscall-restriction,8,service,False,TimeoutError: service http://127.0.0.1:18080/info.php never answered,,,,,none,False,False,,,,,,,,False,,,,,,,,,,,,,,,,,,,,,,,,,,
single,php-apache,general-service,confine,syscall-restriction,9,service,False,TimeoutError: service http://127.0.0.1:18080/info.php never answered,,,,,none,False,False,,,,,,,,False,,,,,,,,,,,,,,,,,,,,,,,,,,
single,php-apache,general-service,slim,file-removal,0,service,True,,True,True,True,True,recorded,True,True,127.94140625,1000000,32162.0735,True,80.0,63.4,0.0016639071044921875,False,36.126787598244846,1671.3182983398438,0.35730054695159197,7.41119384765625,7.402691000000001,5.477525,12.880216,20.74218444636285,,,,,,,35.769487051293254,1663.9071044921875,1665.176218,1306.848217,2972.0244350000003,46.51749973674919,7.41119384765625,,1663.9071044921875,20.74218444636285,,46.51749973674919
single,php-apache,general-service,slim,file-removal,1,service,True,,True,True,True,True,recorded,True,True,127.671875,1000000,32294.7513,True,80.3,62.4,0.0016794059448242188,False,36.02005884889513,1687.3660278320312,0.33539832197129726,7.9600830078125,7.982645,6.010422000000001,13.993067,23.733222518906068,,,,,,,35.684660526923835,1679.4059448242188,1681.0557549999999,1311.455627,2992.5113819999997,47.06240496689378,7.9600830078125,,1679.4059448242188,23.733222518906068,,47.06240496689378
single,php-apache,general-service,slim,file-removal,10,service,True,,True,True,True,True,recorded,True,True,127.87109375,1000000,31743.7034,True,80.3,61.7,0.0016648414916992187,False,36.054321662988514,1672.6603393554688,0.35718992399051785,7.81884765625,7.803752,5.927903,13.731655,21.889888630950193,,,,,,,35.697131738997996,1664.8414916992188,1666.281806,1291.690663,2957.9724690000003,46.637962508355585,7.81884765625,,1664.8414916992188,21.889888630950193,,46.637962508355585
single,php-apache,general-service,slim,file-removal,11,service,True,,True,True,True,True,recorded,True,True,128.5625,1000000,33111.8378,True,80.1,64.2,0.0016712973022460938,False,36.090192296076566,1679.360107421875,0.3396703153848648,8.06280517578125,8.056985999999998,6.564559,14.621544999999998,23.737149849687796,,,,,,,35.7505219806917,1671.2973022460938,1670.506465,1314.9729519999999,2985.4794169999996,46.74889231404049,8.06280517578125,,1671.2973022460938,23.737149849687796,,46.74889231404049
single,php-apache,general-service,slim,file-removal,12,service,True,,True,True,True,True,recorded,True,True,127.75390625,1000000,31923.4059,True,80.5,62.7,0.0016563463134765626,False,35.90648852195591,1663.8056030273438,0.3617740483023226,7.45928955078125,7.384807000000001,5.509080000000001,12.893887000000003,20.618641900338215,,,,,,,35.544714473653585,1656.3463134765625,1657.6575,1300.004424,2957.661924,46.598948338838895,7.45928955078125,,1656.3463134765625,20.618641900338215,,46.598948338838895
single,php-apache,general-service,slim,file-removal,13,service,True,,True,True,True,True,recorded,True,True,129.19140625,1000000,32494.5427,True,80.2,63.8,0.001661730712890625,False,36.05416935821995,1669.6884155273438,0.36150138918310404,7.95770263671875,7.796549999999999,6.198959,13.995508999999998,22.01292408502501,,,,,,,35.69266796903685,1661.730712890625,1663.1770780000002,1312.799679,2975.9767570000004,46.55664054959874,7.95770263671875,,1661.730712890625,22.01292408502501,,46.55664054959874
single,php-apache,general-service,slim,file-removal,14,service,True,,True,True,True,True,recorded,True,True,127.94140625,1000000,32003.7767,True,80.3,62.8,0.001656881591796875,False,36.026304624043405,1664.6553344726562,0.34899613494053483,7.77374267578125,7.832987999999999,5.9073329999999995,13.740320999999998,22.274580998170112,,,,,,,35.67730848910287,1656.881591796875,1658.022489,1306.256238,2964.278727,46.44076759049652,7.77374267578125,,1656.881591796875,22.274580998170112,,46.44076759049652
single,php-apache,general-service,slim,file-removal,15,service,True,,True,True,True,True,recorded,True,True,127.91796875,1000000,34380.8052,True,80.2,65.2,0.0016652196655273439,False,36.03202813817188,1673.4422607421875,0.3335801032371819,8.22259521484375,8.27067,6.858929999999999,15.1296,24.64953735264398,,,,,,,35.6984480349347,1665.2196655273438,1667.145329,1317.547286,2984.692615,46.646836408623436,8.22259521484375,,1665.2196655273438,24.64953735264398,,46.646836408623436
single,php-apache,general-service,slim,file-removal,16,service,True,,True,True,True,True,recorded,True,True,129.7734375,1000000,32391.9911,True,80.1,63.2,0.0016668286743164063,False,36.078570486977696,1674.4586181640625,0.37674953369423747,7.62994384765625,7.562420000000001,5.368455,12.930875,20.252032624540853,,,,,,,35.70182095328346,1666.8286743164062,1665.642892,1303.760212,2969.403104,46.68749743878568,7.62994384765625,,1666.8286743164062,20.252032624540853,,46.68749743878568
single,php-apache,general-service,slim,file-removal,17,service,True,,True,True,True,True,recorded,True,True,128.734375,1000000,32841.5049,True,80.3,63.8,0.0016661702880859375,False,36.061370838899165,1673.5238647460938,0.3395912856794894,7.35357666015625,7.409954,5.6171120000000005,13.027066000000001,21.65419717835943,,,,,,,35.721779553219676,1666.1702880859375,1667.7439000000002,1307.124949,2974.8688490000004,46.64298108675166,7.35357666015625,,1666.1702880859375,21.65419717835943,,46.64298108675166
single,php-apache,general-service,slim,file-removal,18,service,True,,True,True,True,True,recorded,True,True,127.56640625,1000000,32042.894,True,80.3,63.2,0.0016561087036132812,False,36.0474679148756,1664.2603759765625,0.3457212341018021,8.15167236328125,8.117533000000002,6.089889,14.207422000000001,23.578743679021127,,,,,,,35.701746680773795,1656.1087036132812,1657.6212449999998,1305.866408,2963.487653,46.3873299651508,8.15167236328125,,1656.1087036132812,23.578743679021127,,46.3873299651508
single,php-apache,general-service,slim,file-removal,19,service,True,,True,True,True,True,recorded,True,True,130.5234375,1000000,34641.4453,True,79.9,66.3,0.001668565185546875,False,36.10308510204777,1675.6701049804688,0.36421436071395874,7.10491943359375,7.090007999999999,5.810286999999999,12.900294999999998,19.507521393901616,,,,,,,35.73887074133381,1668.565185546875,1667.795108,1326.2301260000002,2994.025234,46.6876862904651,7.10491943359375,,1668.565185546875,19.507521393901616,,46.6876862904651
single,php-apache,general-service,slim,file-removal,2,service,True,,True,True,True,True,recorded,True,True,127.8125,1000000,32449.589,True,80.5,63.6,0.0016626396484375,False,35.92662402102724,1670.2670288085938,0.3525985307060182,7.62738037109375,7.727093,5.635606000000001,13.362699000000001,21.631911953294946,,,,,,,35.57402549032122,1662.6396484375,1663.934461,1307.0334579999999,2970.9679189999997,46.73746154732648,7.62738037109375,,1662.6396484375,21.631911953294946,,46.73746154732648
single,php-apache,general-service,slim,file-removal,3,service,True,,True,True,True,True,recorded,True,True,128.51171875,1000000,32224.2933,True,80.4,63.4,0.0016604896240234375,False,36.066337150055915,1668.3605346679688,0.3555492488667369,7.87091064453125,7.862528,5.6645970000000005,13.527125000000002,22.13732884999383,,,,,,,35.71078790118918,1660.4896240234375,1661.8084900000001,1306.8394890000002,2968.6479790000003,46.49826345523289,7.87091064453125,,1660.4896240234375,22.13732884999383,,46.49826345523289
single,php-apache,general-service,slim,file-removal,4,service,True,,True,True,True,True,recorded,True,True,129.1484375,1000000,32371.0906,True,80.0,63.5,0.0016660331420898437,False,36.11596111720428,1673.3211059570312,0.3835204350762069,7.2879638671875,5.0014520000000005,3.710622,8.712074000000001,19.002804546097668,,,,,,,35.73244068212807,1666.0331420898438,1667.284611,1312.344052,2979.628663,46.62522655283176,7.2879638671875,,1666.0331420898438,19.002804546097668,,46.62522655283176
single,php-apache,general-service,slim,file-removal,5,service,True,,True,True,True,True,recorded,True,True,126.578125,1000000,32254.6238,True,80.5,63.5,0.0016660625610351563,False,35.91990119032562,1674.573974609375,0.3385391184128821,8.51141357421875,8.611184000000002,6.740948999999999,15.352133,25.141595494551492,,,,,,,35.581362071912736,1666.0625610351562,1667.6555819999999,1309.331426,2976.987008,46.82402426494839,8.51141357421875,,1666.0625610351562,25.141595494551492,,46.82402426494839
single,php-apache,general-service,slim,file-removal,6,service,True,,True,True,True,True,recorded,True,True,127.3203125,1000000,32134.2402,True,80.6,63.0,0.0016614217529296875,False,35.95850045606494,1669.1669921875,0.3528205929324031,7.7452392578125,7.759319,5.668931000000001,13.42825,21.952344656074004,,,,,,,35.605679863132536,1661.4217529296875,1662.798416,1309.137579,2971.935995,46.66170564123917,7.7452392578125,,1661.4217529296875,21.952344656074004,,46.66170564123917
single,php-apache,general-service,slim,file-removal,7,service,True,,True,True,True,True,recorded,True,True,128.9140625,1000000,32185.7422,True,80.1,62.9,0.001656064697265625,False,36.040078637655824,1663.5289306640625,0.35381940798833966,7.4642333984375,7.523661999999999,5.569443,13.093104999999998,21.09616722518367,,,,,,,35.686259229667485,1656.064697265625,1657.439543,1302.242394,2959.6819370000003,46.40622841995355,7.4642333984375,,1656.064697265625,21.09616722518367,,46.40622841995355
single,php-apache,general-service,slim,file-removal,8,service,True,,True,True,True,True,recorded,True,True,128.796875,1000000,32223.8487,True,80.1,62.5,0.0016628540649414063,False,36.019462750758976,1668.5971069335938,0.3376517668366432,5.7430419921875,8.483193,6.596844999999999,15.080037999999998,17.00877222113278,,,,,,,35.68181098392233,1662.8540649414062,1661.290486,1303.4010819999999,2964.691568,46.602288927842324,5.7430419921875,,1662.8540649414062,17.00877222113278,,46.602288927842324
single,php-apache,general-service,slim,file-removal,9,service,True,,True,True,True,True,recorded,True,True,129.828125,1000000,31829.272,True,80.3,62.6,0.0016596527099609374,False,36.05357787804678,1667.3997192382812,0.35411598021164536,7.74700927734375,7.694071999999999,5.7987519999999995,13.492823999999999,21.87703947365938,,,,,,,35.699461897835135,1659.6527099609375,1661.193745,1302.505027,2963.6987719999997,46.489572159673955,7.74700927734375,,1659.6527099609375,21.87703947365938,,46.489572159673955
single,python-3.12-alpine,serverless-base,baseline,control,0,oneshot,True,,True,True,True,True,recorded,True,True,10.078125,,,,12.7,0.4,,False,2.547670841217041,78.1578369140625,0.40096402168273926,7.28363037109375,7.2364310000000005,5.8873750000000005,13.123806000000002,18.165296578297205,,,,,,,2.1467068195343018,70.87420654296875,71.212282,44.402718,115.61500000000001,33.01531718166523,7.28363037109375,,70.87420654296875,18.165296578297205,,33.01531718166523
single,python-3.12-alpine,serverless-base,baseline,control,1,oneshot,True,,True,True,True,True,recorded,True,True,10.0859375,,,,12.5,0.2,,False,2.721985101699829,80.42596435546875,0.4347217082977295,7.71990966796875,10.140599,7.579509000000001,17.720108,17.758279654812146,,,,,,,2.2872633934020996,72.7060546875,73.446956,46.03278,119.479736,31.787355534666364,7.71990966796875,,72.7060546875,17.758279654812146,,31.787355534666364
single,python-3.12-alpine,serverless-base,baseline,control,10,oneshot,True,,True,True,True,True,recorded,True,True,10.0234375,,,,12.7,0.3,,False,2.729884386062622,80.48455810546875,0.4190800189971924,7.49871826171875,9.958592,7.129010000000001,17.087602,17.893285104983704,,,,,,,2.3108043670654297,72.98583984375,73.432185,46.589479999999995,120.021665,31.58460356228132,7.49871826171875,,72.98583984375,17.893285104983704,,31.58460356228132
single,python-3.12-alpine,serverless-base,baseline,control,11,oneshot,True,,True,True,True,True,recorded,True,True,10.1015625,,,,12.5,0.3,,False,2.712683916091919,82.5103759765625,0.444286584854126,11.35009765625,11.250643,9.401709,20.652352,25.546793540877704,,,,,,,2.268397331237793,71.1602783203125,71.52929700000001,44.818487999999995,116.34778500000002,31.370288326640985,11.35009765625,,71.1602783203125,25.546793540877704,,31.370288326640985
single,python-3.12-alpine,serverless-base,baseline,control,12,oneshot,True,,True,True,True,True,recorded,True,True,10.0546875,,,,12.6,0.5,,False,2.570784568786621,78.15057373046875,0.4092984199523926,7.25775146484375,9.821812999999999,7.57365,17.395463,17.732175623077005,,,,,,,2.1614861488342285,70.892822265625,67.90192599999999,43.500316,111.40224199999999,32.79818485251927,7.25775146484375,,70.892822265625,17.732175623077005,,32.79818485251927
single,python-3.12-alpine,serverless-base,baseline,control,13,oneshot,True,,True,True,True,True,recorded,True,True,10.02734375,,,,13.2,0.4,,False,2.5909314155578613,78.18145751953125,0.41606950759887695,7.42083740234375,9.826573999999999,7.198895,17.025469,17.835571381255868,,,,,,,2.1748619079589844,70.7606201171875,67.866159,42.420362,110.286521,32.5356841545831,7.42083740234375,,70.7606201171875,17.835571381255868,,32.5356841545831
single,python-3.12-alpine,serverless-base,baseline,control,14,oneshot,True,,True,True,True,True,recorded,True,True,10.078125,,,,12.6,0.6,,False,2.5391573905944824,78.0462646484375,0.3917074203491211,7.343505859375,7.178326,5.867539000000001,13.045865000000001,18.747425955908312,,,,,,,2.1474499702453613,70.7027587890625,71.10028199999999,44.277231,115.377513,32.92405400298299,7.343505859375,,70.7027587890625,18.747425955908312,,32.92405400298299
single,python-3.12-alpine,serverless-base,baseline,control,15,oneshot,True,,True,True,True,True,recorded,True,True,10.046875,,,,12.6,0.4,,False,2.5720958709716797,78.19110107421875,0.4093639850616455,7.48095703125,10.035375,7.295697,17.331072,18.274585220591533,,,,,,,2.162731885910034,70.71014404296875,67.71448699999999,45.072883000000004,112.78737,32.69482662351156,7.48095703125,,70.71014404296875,18.274585220591533,,32.69482662351156
single,python-3.12-alpine,serverless-base,baseline,control,16,oneshot,True,,True,True,True,True,recorded,True,True,10.0234375,,,,12.8,0.8,,False,2.5900115966796875,78.274658203125,0.40947675704956055,7.3204345703125,9.782324,7.311505,17.093829,17.87753381427332,,,,,,,2.180534839630127,70.9542236328125,67.94782400000001,43.433299999999996,111.381124,32.53982570847073,7.3204345703125,,70.9542236328125,17.87753381427332,,32.53982570847073
single,python-3.12-alpine,serverless-base,baseline,control,17,oneshot,True,,True,True,True,True,recorded,True,True,10.0078125,,,,12.6,0.3,,False,2.589968204498291,77.83599853515625,0.4296712875366211,7.52252197265625,9.880589999999998,7.2369200000000005,17.11751,17.507620804229564,,,,,,,2.16029691696167,70.3134765625,67.579783,42.70033,110.280113,32.54806133843479,7.52252197265625,,70.3134765625,17.507620804229564,,32.54806133843479
single,python-3.12-alpine,serverless-base,baseline,control,18,oneshot,True,,True,True,True,True,recorded,True,True,10.046875,,,,12.6,0.2,,False,2.6623165607452393,81.2955322265625,0.38398146629333496,7.57086181640625,7.527752,5.572922999999999,13.100674999999999,19.716737605826633,,,,,,,2.2783350944519043,73.72467041015625,74.057489,48.11151,122.16899900000001,32.359011011895106,7.57086181640625,,73.72467041015625,19.716737605826633,,32.359011011895106
single,python-3.12-alpine,serverless-base,baseline,control,19,oneshot,True,,True,True,True,True,recorded,True,True,10.05859375,,,,12.6,0.5,,False,2.546149492263794,77.9239501953125,0.41953182220458984,7.17706298828125,9.602088,7.559306999999999,17.161395,17.107314888693395,,,,,,,2.126617670059204,70.74688720703125,67.863534,42.963757,110.827291,33.267327833809304,7.17706298828125,,70.74688720703125,17.107314888693395,,33.267327833809304
single,python-3.12-alpine,serverless-base,baseline,control,2,oneshot,True,,True,True,True,True,recorded,True,True,10.07421875,,,,12.5,0.2,,False,2.5416109561920166,74.77728271484375,0.3983492851257324,7.3131103515625,7.259686,5.834213,13.093899,18.358537656856186,,,,,,,2.143261671066284,67.46417236328125,71.116823,44.287363,115.404186,31.477338149623822,7.3131103515625,,67.46417236328125,18.358537656856186,,31.477338149623822
single,python-3.12-alpine,serverless-base,baseline,control,3,oneshot,True,,True,True,True,True,recorded,True,True,10.078125,,,,12.5,0.4,,False,2.5614125728607178,78.51422119140625,0.40648770332336426,7.73504638671875,10.274449,7.519634,17.794083,19.02898002443498,,,,,,,2.1549248695373535,70.7791748046875,67.808054,42.216323,110.024377,32.84530973921298,7.73504638671875,,70.7791748046875,19.02898002443498,,32.84530973921298
single,python-3.12-alpine,serverless-base,baseline,control,4,oneshot,True,,True,True,True,True,recorded,True,True,10.11328125,,,,12.6,0.5,,False,2.633540153503418,77.4197998046875,0.4608476161956787,9.95068359375,9.636206,7.593975,17.230181,21.592134241451472,,,,,,,2.1726925373077393,67.4691162109375,71.216187,47.680542,118.89672900000001,31.053227758834616,9.95068359375,,67.4691162109375,21.592134241451472,,31.053227758834616
single,python-3.12-alpine,serverless-base,baseline,control,5,oneshot,True,,True,True,True,True,recorded,True,True,10.03515625,,,,12.5,0.1,,False,2.6780588626861572,80.39556884765625,0.37795424461364746,7.7943115234375,7.610271,5.6115580000000005,13.221829,20.622368010193945,,,,,,,2.3001046180725098,72.60125732421875,72.977779,45.916081,118.89385999999999,31.564328315230586,7.7943115234375,,72.60125732421875,20.622368010193945,,31.564328315230586
single,python-3.12-alpine,serverless-base,baseline,control,6,oneshot,True,,True,True,True,True,recorded,True,True,10.03515625,,,,12.6,0.2,,False,2.585956573486328,79.52978515625,0.4110281467437744,8.6278076171875,11.127596,8.707009,19.834605,20.99079512081658,,,,,,,2.1749284267425537,70.9019775390625,67.97852400000001,42.324354,110.302878,32.59968312854056,8.6278076171875,,70.9019775390625,20.99079512081658,,32.59968312854056
single,python-3.12-alpine,serverless-base,baseline,control,7,oneshot,True,,True,True,True,True,recorded,True,True,10.0234375,,,,12.6,0.4,,False,2.5793819427490234,78.4542236328125,0.4046061038970947,7.55084228515625,10.141575,7.198041000000001,17.339616,18.66220556839817,,,,,,,2.1747758388519287,70.90338134765625,67.904917,42.41609,110.321007,32.602615902283695,7.55084228515625,,70.90338134765625,18.66220556839817,,32.602615902283695
single,python-3.12-alpine,serverless-base,baseline,control,8,oneshot,True,,True,True,True,True,recorded,True,True,10.02734375,,,,12.5,0.2,,False,2.5576674938201904,78.34259033203125,0.4060819149017334,7.495849609375,9.964390999999999,7.16142,17.125811,18.45895947173343,,,,,,,2.151585578918457,70.84674072265625,67.83411600000001,42.947278,110.781394,32.927688964279525,7.495849609375,,70.84674072265625,18.45895947173343,,32.927688964279525
single,python-3.12-alpine,serverless-base,baseline,control,9,oneshot,True,,True,True,True,True,recorded,True,True,9.984375,,,,12.5,0.2,,False,2.6797657012939453,81.376708984375,0.41880106925964355,7.614013671875,10.039708000000001,7.375224999999999,17.414932999999998,18.180501987101064,,,,,,,2.2609646320343018,73.7626953125,70.840639,44.297128,115.137767,32.62443572420328,7.614013671875,,73.7626953125,18.180501987101064,,32.62443572420328
single,python-3.12-alpine,serverless-base,blafs,file-removal,0,oneshot,True,,True,True,True,True,recorded,True,True,10.0390625,,,,12.8,0.7,,False,2.6766197681427,81.023193359375,0.4306035041809082,7.3746337890625,9.783788999999999,7.065595,16.849384,17.126274443796017,,,,,,,2.246016263961792,73.6485595703125,70.663637,45.33692,116.00055699999999,32.790750784859576,7.3746337890625,,73.6485595703125,17.126274443796017,,32.790750784859576
single,python-3.12-alpine,serverless-base,blafs,file-removal,1,oneshot,True,,True,True,True,True,recorded,True,True,10.0078125,,,,12.6,0.2,,False,2.558429002761841,79.37542724609375,0.40101075172424316,8.34271240234375,8.254373,7.265789,15.520162,20.80421127481553,,,,,,,2.1574182510375977,71.03271484375,71.307495,44.386360999999994,115.693856,32.92486971851065,8.34271240234375,,71.03271484375,20.80421127481553,,32.92486971851065
single,python-3.12-alpine,serverless-base,blafs,file-removal,10,oneshot,True,,True,True,True,True,recorded,True,True,10.03515625,,,,12.7,0.2,,False,2.66245174407959,80.7230224609375,0.38734936714172363,7.61944580078125,7.455487000000001,5.575608000000001,13.031095,19.67073254051153,,,,,,,2.275102376937866,73.10357666015625,73.50414500000001,46.119511,119.62365600000001,32.1319943230637,7.61944580078125,,73.10357666015625,19.67073254051153,,32.1319943230637
single,python-3.12-alpine,serverless-base,blafs,file-removal,11,oneshot,True,,True,True,True,True,recorded,True,True,10.08203125,,,,12.4,0.3,,False,2.5831596851348877,77.619873046875,0.4291384220123291,7.50299072265625,9.879491000000002,7.112104,16.991595000000004,17.483847490217713,,,,,,,2.1540212631225586,70.11688232421875,67.282604,42.960034,110.242638,32.55162032271418,7.50299072265625,,70.11688232421875,17.483847490217713,,32.55162032271418
single,python-3.12-alpine,serverless-base,blafs,file-removal,12,oneshot,True,,True,True,True,True,recorded,True,True,10.05859375,,,,12.7,0.4,,False,2.7360854148864746,82.8563232421875,0.4376029968261719,9.6165771484375,9.57218,7.514202,17.086382,21.975574249226344,,,,,,,2.2984824180603027,73.23974609375,73.59356199999999,45.870305,119.463867,31.864392574104297,9.6165771484375,,73.23974609375,21.975574249226344,,31.864392574104297
single,python-3.12-alpine,serverless-base,blafs,file-removal,13,oneshot,True,,True,True,True,True,recorded,True,True,10.17578125,,,,12.5,0.3,,False,2.5530052185058594,79.09173583984375,0.3944828510284424,8.2413330078125,8.129618,7.388104,15.517722000000001,20.891486122468468,,,,,,,2.158522367477417,70.85040283203125,71.09985400000001,44.498849,115.598703,32.8235666674288,8.2413330078125,,70.85040283203125,20.891486122468468,,32.8235666674288
single,python-3.12-alpine,serverless-base,blafs,file-removal,14,oneshot,True,,True,True,True,True,recorded,True,True,10.046875,,,,12.4,0.2,,False,2.7892611026763916,81.4073486328125,0.4985191822052002,9.6893310546875,9.59574,7.481182,17.076922,19.436225125433957,,,,,,,2.2907419204711914,71.718017578125,71.85327099999999,45.140998,116.994269,31.30776842961561,9.6893310546875,,71.718017578125,19.436225125433957,,31.30776842961561
single,python-3.12-alpine,serverless-base,blafs,file-removal,15,oneshot,True,,True,True,True,True,recorded,True,True,10.109375,,,,12.5,0.3,,False,2.6964035034179688,80.10516357421875,0.44731569290161133,9.597412109375,9.531958,7.495403,17.027361,21.455567648698576,,,,,,,2.2490878105163574,70.50775146484375,70.768312,45.187872,115.956184,31.34948806140931,9.597412109375,,70.50775146484375,21.455567648698576,,31.34948806140931
single,python-3.12-alpine,serverless-base,blafs,file-removal,16,oneshot,True,,True,True,True,True,recorded,True,True,10.02734375,,,,12.6,0.2,,False,2.7218668460845947,80.14312744140625,0.41580986976623535,7.551513671875,9.891942,7.221173,17.113115,18.16097745856873,,,,,,,2.3060569763183594,72.59161376953125,73.095577,45.959599,119.055176,31.47867312689924,7.551513671875,,72.59161376953125,18.16097745856873,,31.47867312689924
single,python-3.12-alpine,serverless-base,blafs,file-removal,17,oneshot,True,,True,True,True,True,recorded,True,True,10.00390625,,,,12.5,0.3,,False,2.565256118774414,78.45050048828125,0.40537142753601074,7.5029296875,10.1937,7.38963,17.58333,18.50877782162751,,,,,,,2.1598846912384033,70.94757080078125,67.843576,44.898689,112.742265,32.84785113232242,7.5029296875,,70.94757080078125,18.50877782162751,,32.84785113232242
single,python-3.12-alpine,serverless-base,blafs,file-removal,18,oneshot,True,,True,True,True,True,recorded,True,True,10.14453125,,,,12.5,0.2,,False,2.5273914337158203,75.63861083984375,0.36840057373046875,8.02880859375,7.608745,6.207747999999999,13.816492999999998,21.793691883943918,,,,,,,2.1589908599853516,67.60980224609375,71.39514199999999,44.422799000000005,115.81794099999999,31.315464784576474,8.02880859375,,67.60980224609375,21.793691883943918,,31.315464784576474
single,python-3.12-alpine,serverless-base,blafs,file-removal,19,oneshot,True,,True,True,True,True,recorded,True,True,10.17578125,,,,12.5,0.4,,False,2.690199136734009,81.46636962890625,0.3961598873138428,7.90850830078125,7.817912000000001,6.752851,14.570763,19.96292041176807,,,,,,,2.294039249420166,73.557861328125,73.890863,46.415226,120.30608899999999,32.064778903289145,7.90850830078125,,73.557861328125,19.96292041176807,,32.064778903289145
single,python-3.12-alpine,serverless-base,blafs,file-removal,2,oneshot,True,,True,True,True,True,recorded,True,True,10.0546875,,,,12.5,0.4,,False,2.604776620864868,78.797119140625,0.4309546947479248,8.4329833984375,10.867098,9.071570999999999,19.938668999999997,19.568143707936965,,,,,,,2.1738219261169434,70.3641357421875,67.93226,42.524184,110.456444,32.36885914932214,8.4329833984375,,70.3641357421875,19.568143707936965,,32.36885914932214
single,python-3.12-alpine,serverless-base,blafs,file-removal,3,oneshot,True,,True,True,True,True,recorded,True,True,10.33984375,,,,12.6,0.3,,False,2.5992376804351807,78.02581787109375,0.41737985610961914,7.71453857421875,10.155918,7.4374199999999995,17.593338,18.48325562744128,,,,,,,2.1818578243255615,70.311279296875,67.381725,43.03413,110.415855,32.22541749190695,7.71453857421875,,70.311279296875,18.48325562744128,,32.22541749190695
single,python-3.12-alpine,serverless-base,blafs,file-removal,4,oneshot,True,,True,True,True,True,recorded,True,True,10.0,,,,12.6,0.3,,False,2.642544984817505,81.4996337890625,0.4069068431854248,7.52850341796875,10.043797,7.187176,17.230973,18.501786205001373,,,,,,,2.23563814163208,73.97113037109375,70.917543,44.291634,115.209177,33.087255488087486,7.52850341796875,,73.97113037109375,18.501786205001373,,33.087255488087486
single,python-3.12-alpine,serverless-base,blafs,file-removal,5,oneshot,True,,True,True,True,True,recorded,True,True,10.0390625,,,,12.5,0.3,,False,2.56683611869812,78.2137451171875,0.41413402557373047,7.59136962890625,10.084386,7.326823999999999,17.41121,18.33070735588404,,,,,,,2.1527020931243896,70.62237548828125,67.71827100000002,42.197097,109.91536800000002,32.806385850529516,7.59136962890625,,70.62237548828125,18.33070735588404,,32.806385850529516
single,python-3.12-alpine,serverless-base,blafs,file-removal,6,oneshot,True,,True,True,True,True,recorded,True,True,10.1640625,,,,12.7,0.2,,False,2.614694118499756,77.8858642578125,0.4101088047027588,7.3055419921875,9.866368999999999,7.538798999999999,17.405167999999996,17.81366775941925,,,,,,,2.204585313796997,70.580322265625,67.613047,42.271255,109.88430199999999,32.015237434410395,7.3055419921875,,70.580322265625,17.81366775941925,,32.015237434410395
single,python-3.12-alpine,serverless-base,blafs,file-removal,7,oneshot,True,,True,True,True,True,recorded,True,True,10.06640625,,,,12.6,0.3,,False,2.5903372764587402,77.858154296875,0.42247581481933594,7.2496337890625,9.587316000000001,7.395671999999999,16.982988,17.15987882563804,,,,,,,2.1678614616394043,70.6085205078125,67.812693,42.121961999999996,109.93465499999999,32.57058707728313,7.2496337890625,,70.6085205078125,17.15987882563804,,32.57058707728313
single,python-3.12-alpine,serverless-base,blafs,file-removal,8,oneshot,True,,True,True,True,True,recorded,True,True,10.12890625,,,,12.4,0.4,,False,2.6022191047668457,76.40179443359375,0.41349267959594727,7.248779296875,9.695409,7.5546679999999995,17.250076999999997,17.530610950496854,,,,,,,2.1887264251708984,69.15301513671875,66.80085400000002,41.907545999999996,108.70840000000001,31.595093083101602,7.248779296875,,69.15301513671875,17.530610950496854,,31.595093083101602
single,python-3.12-alpine,serverless-base,blafs,file-removal,9,oneshot,True,,True,True,True,True,recorded,True,True,10.0625,,,,12.6,0.2,,False,2.536095380783081,79.27294921875,0.36818957328796387,8.481201171875,8.217569000000001,6.328963,14.546532000000001,23.034876018180416,,,,,,,2.167905807495117,70.791748046875,71.198915,44.860175,116.05909,32.65443904533405,8.481201171875,,70.791748046875,23.034876018180416,,32.65443904533405
single,python-3.12-alpine,serverless-base,confine,syscall-restriction,0,oneshot,False,RuntimeError: no COLD/STEADY markers,,,,,none,False,False,,,,,,,,False,,,,,,,,,,,,,,,,,,,,,,,,,,
single,python-3.12-alpine,serverless-base,confine,syscall-restriction,1,oneshot,False,RuntimeError: no COLD/STEADY markers,,,,,none,False,False,,,,,,,,False,,,,,,,,,,,,,,,,,,,,,,,,,,
single,python-3.12-alpine,serverless-base,confine,syscall-restriction,10,oneshot,True,,True,True,True,True,recorded,True,True,10.16796875,,,,12.7,0.3,,False,2.588593006134033,78.1517333984375,0.4151420593261719,7.2525634765625,9.621496,7.538677,17.160173,17.470076359726907,,,,,,,2.1734509468078613,70.899169921875,68.046273,45.155767999999995,113.202041,32.62055213438533,7.2525634765625,,70.899169921875,17.470076359726907,,32.62055213438533
single,python-3.12-alpine,serverless-base,confine,syscall-restriction,11,oneshot,True,,True,True,True,True,recorded,True,True,10.05078125,,,,12.6,0.4,,False,2.5329513549804688,79.4923095703125,0.3782188892364502,8.40771484375,8.403482,6.792036,15.195518,22.229759229433327,,,,,,,2.1547324657440186,71.0845947265625,71.42791799999999,47.258363,118.686281,32.98998639351607,8.40771484375,,71.0845947265625,22.229759229433327,,32.98998639351607
single,python-3.12-alpine,serverless-base,confine,syscall-restriction,12,oneshot,True,,True,True,True,True,recorded,True,True,10.0625,,,,12.7,0.0,,False,2.5284948348999023,75.34661865234375,0.3669443130493164,7.88348388671875,7.780437,5.859420999999999,13.639858,21.484142433512055,,,,,,,2.161550521850586,67.463134765625,71.24231,44.526559000000006,115.76886900000001,31.210528777216474,7.88348388671875,,67.463134765625,21.484142433512055,,31.210528777216474
single,python-3.12-alpine,serverless-base,confine,syscall-restriction,13,oneshot,False,RuntimeError: no COLD/STEADY markers,,,,,none,False,False,,,,,,,,False,,,,,,,,,,,,,,,,,,,,,,,,,,
single,python-3.12-alpine,serverless-base,confine,syscall-restriction,14,oneshot,False,"DockerError: docker run failed for campaign/python-3.12-alpine:baseline: Command '['/usr/bin/docker', 'run', '-d', '--cpus=8.0', '--memory=32768m', '--cpuset-cpus=0-7', '--security-opt', 'seccomp=/home/syd335/ArshiaThesis/replication/debloat/confine_profiles/python-3.12-alpine.gl1.seccomp.json', '--",,,,,none,False,False,,,,,,,,False,,,,,,,,,,,,,,,,,,,,,,,,,,
single,python-3.12-alpine,serverless-base,confine,syscall-restriction,15,oneshot,False,RuntimeError: no COLD/STEADY markers,,,,,none,False,False,,,,,,,,False,,,,,,,,,,,,,,,,,,,,,,,,,,
single,python-3.12-alpine,serverless-base,confine,syscall-restriction,16,oneshot,False,RuntimeError: no COLD/STEADY markers,,,,,none,False,False,,,,,,,,False,,,,,,,,,,,,,,,,,,,,,,,,,,
single,python-3.12-alpine,serverless-base,confine,syscall-restriction,17,oneshot,False,RuntimeError: no COLD/STEADY markers,,,,,none,False,False,,,,,,,,False,,,,,,,,,,,,,,,,,,,,,,,,,,
single,python-3.12-alpine,serverless-base,confine,syscall-restriction,18,oneshot,False,RuntimeError: no COLD/STEADY markers,,,,,none,False,False,,,,,,,,False,,,,,,,,,,,,,,,,,,,,,,,,,,
single,python-3.12-alpine,serverless-base,confine,syscall-restriction,19,oneshot,False,RuntimeError: no COLD/STEADY markers,,,,,none,False,False,,,,,,,,False,,,,,,,,,,,,,,,,,,,,,,,,,,
single,python-3.12-alpine,serverless-base,confine,syscall-restriction,2,oneshot,True,,True,True,True,True,recorded,True,True,10.046875,,,,12.5,0.1,,False,2.7079787254333496,80.521240234375,0.39453744888305664,7.7431640625,7.744975999999999,5.854111,13.599086999999999,19.625929260761055,,,,,,,2.313441276550293,72.778076171875,72.861935,45.718267,118.580202,31.458795565538896,7.7431640625,,72.778076171875,19.625929260761055,,31.458795565538896
single,python-3.12-alpine,serverless-base,confine,syscall-restriction,3,oneshot,True,,True,True,True,True,recorded,True,True,10.0078125,,,,12.5,0.3,,False,2.6294891834259033,75.6878662109375,0.38955092430114746,7.27288818359375,7.224713,5.729233000000001,12.953946000000002,18.669929218217817,,,,,,,2.239938259124756,68.41497802734375,71.860839,44.974677,116.835516,30.54324276512717,7.27288818359375,,68.41497802734375,18.669929218217817,,30.54324276512717
single,python-3.12-alpine,serverless-base,confine,syscall-restriction,4,oneshot,True,,True,True,True,True,recorded,True,True,10.08984375,,,,12.5,0.4,,False,2.555130958557129,78.50689697265625,0.3878772258758545,7.6488037109375,7.602336,5.535448000000001,13.137784,19.71965147906262,,,,,,,2.1672537326812744,70.85809326171875,71.128907,44.270272,115.399179,32.69487655884889,7.6488037109375,,70.85809326171875,19.71965147906262,,32.69487655884889
single,python-3.12-alpine,serverless-base,confine,syscall-restriction,5,oneshot,False,"DockerError: docker run failed for campaign/python-3.12-alpine:baseline: Command '['/usr/bin/docker', 'run', '-d', '--cpus=8.0', '--memory=32768m', '--cpuset-cpus=0-7', '--security-opt', 'seccomp=/home/syd335/ArshiaThesis/replication/debloat/confine_profiles/python-3.12-alpine.gl1.seccomp.json', '--",,,,,none,False,False,,,,,,,,False,,,,,,,,,,,,,,,,,,,,,,,,,,
single,python-3.12-alpine,serverless-base,confine,syscall-restriction,6,oneshot,False,"DockerError: docker run failed for campaign/python-3.12-alpine:baseline: Command '['/usr/bin/docker', 'run', '-d', '--cpus=8.0', '--memory=32768m', '--cpuset-cpus=0-7', '--security-opt', 'seccomp=/home/syd335/ArshiaThesis/replication/debloat/confine_profiles/python-3.12-alpine.gl1.seccomp.json', '--",,,,,none,False,False,,,,,,,,False,,,,,,,,,,,,,,,,,,,,,,,,,,
single,python-3.12-alpine,serverless-base,confine,syscall-restriction,7,oneshot,True,,True,True,True,True,recorded,True,True,10.02734375,,,,12.4,0.1,,False,2.5217621326446533,75.18218994140625,0.3777647018432617,8.0474853515625,8.014323,6.336104000000001,14.350427,21.30290445956351,,,,,,,2.1439974308013916,67.13470458984375,70.734377,44.937507,115.67188399999999,31.312866156164134,8.0474853515625,,67.13470458984375,21.30290445956351,,31.312866156164134
single,python-3.12-alpine,serverless-base,confine,syscall-restriction,8,oneshot,False,"DockerError: docker run failed for campaign/python-3.12-alpine:baseline: Command '['/usr/bin/docker', 'run', '-d', '--cpus=8.0', '--memory=32768m', '--cpuset-cpus=0-7', '--security-opt', 'seccomp=/home/syd335/ArshiaThesis/replication/debloat/confine_profiles/python-3.12-alpine.gl1.seccomp.json', '--",,,,,none,False,False,,,,,,,,False,,,,,,,,,,,,,,,,,,,,,,,,,,
single,python-3.12-alpine,serverless-base,confine,syscall-restriction,9,oneshot,True,,True,True,True,True,recorded,True,True,10.0859375,,,,12.6,0.2,,False,2.6293773651123047,78.15081787109375,0.3793168067932129,7.286865234375,7.242108,5.814743999999999,13.056852,19.210499255171374,,,,,,,2.250060558319092,70.86395263671875,74.625847,46.467044,121.092891,31.494242399261324,7.286865234375,,70.86395263671875,19.210499255171374,,31.494242399261324
single,python-3.12-alpine,serverless-base,slim,file-removal,0,oneshot,False,RuntimeError: no COLD/STEADY markers,,,,,none,False,False,,,,,,,,False,,,,,,,,,,,,,,,,,,,,,,,,,,
single,python-3.12-alpine,serverless-base,slim,file-removal,1,oneshot,False,RuntimeError: no COLD/STEADY markers,,,,,none,False,False,,,,,,,,False,,,,,,,,,,,,,,,,,,,,,,,,,,
single,python-3.12-alpine,serverless-base,slim,file-removal,10,oneshot,False,RuntimeError: no COLD/STEADY markers,,,,,none,False,False,,,,,,,,False,,,,,,,,,,,,,,,,,,,,,,,,,,
single,python-3.12-alpine,serverless-base,slim,file-removal,11,oneshot,False,RuntimeError: no COLD/STEADY markers,,,,,none,False,False,,,,,,,,False,,,,,,,,,,,,,,,,,,,,,,,,,,
single,python-3.12-alpine,serverless-base,slim,file-removal,12,oneshot,False,RuntimeError: no COLD/STEADY markers,,,,,none,False,False,,,,,,,,False,,,,,,,,,,,,,,,,,,,,,,,,,,
single,python-3.12-alpine,serverless-base,slim,file-removal,13,oneshot,False,RuntimeError: no COLD/STEADY markers,,,,,none,False,False,,,,,,,,False,,,,,,,,,,,,,,,,,,,,,,,,,,
single,python-3.12-alpine,serverless-base,slim,file-removal,14,oneshot,False,RuntimeError: no COLD/STEADY markers,,,,,none,False,False,,,,,,,,False,,,,,,,,,,,,,,,,,,,,,,,,,,
single,python-3.12-alpine,serverless-base,slim,file-removal,15,oneshot,False,RuntimeError: no COLD/STEADY markers,,,,,none,False,False,,,,,,,,False,,,,,,,,,,,,,,,,,,,,,,,,,,
single,python-3.12-alpine,serverless-base,slim,file-removal,16,oneshot,False,RuntimeError: no COLD/STEADY markers,,,,,none,False,False,,,,,,,,False,,,,,,,,,,,,,,,,,,,,,,,,,,
single,python-3.12-alpine,serverless-base,slim,file-removal,17,oneshot,False,RuntimeError: no COLD/STEADY markers,,,,,none,False,False,,,,,,,,False,,,,,,,,,,,,,,,,,,,,,,,,,,
single,python-3.12-alpine,serverless-base,slim,file-removal,18,oneshot,False,RuntimeError: no COLD/STEADY markers,,,,,none,False,False,,,,,,,,False,,,,,,,,,,,,,,,,,,,,,,,,,,
single,python-3.12-alpine,serverless-base,slim,file-removal,19,oneshot,False,RuntimeError: no COLD/STEADY markers,,,,,none,False,False,,,,,,,,False,,,,,,,,,,,,,,,,,,,,,,,,,,
single,python-3.12-alpine,serverless-base,slim,file-removal,2,oneshot,False,RuntimeError: no COLD/STEADY markers,,,,,none,False,False,,,,,,,,False,,,,,,,,,,,,,,,,,,,,,,,,,,
single,python-3.12-alpine,serverless-base,slim,file-removal,3,oneshot,False,RuntimeError: no COLD/STEADY markers,,,,,none,False,False,,,,,,,,False,,,,,,,,,,,,,,,,,,,,,,,,,,
single,python-3.12-alpine,serverless-base,slim,file-removal,4,oneshot,False,RuntimeError: no COLD/STEADY markers,,,,,none,False,False,,,,,,,,False,,,,,,,,,,,,,,,,,,,,,,,,,,
single,python-3.12-alpine,serverless-base,slim,file-removal,5,oneshot,False,RuntimeError: no COLD/STEADY markers,,,,,none,False,False,,,,,,,,False,,,,,,,,,,,,,,,,,,,,,,,,,,
single,python-3.12-alpine,serverless-base,slim,file-removal,6,oneshot,False,RuntimeError: no COLD/STEADY markers,,,,,none,False,False,,,,,,,,False,,,,,,,,,,,,,,,,,,,,,,,,,,
single,python-3.12-alpine,serverless-base,slim,file-removal,7,oneshot,False,RuntimeError: no COLD/STEADY markers,,,,,none,False,False,,,,,,,,False,,,,,,,,,,,,,,,,,,,,,,,,,,
single,python-3.12-alpine,serverless-base,slim,file-removal,8,oneshot,False,RuntimeError: no COLD/STEADY markers,,,,,none,False,False,,,,,,,,False,,,,,,,,,,,,,,,,,,,,,,,,,,
single,python-3.12-alpine,serverless-base,slim,file-removal,9,oneshot,False,RuntimeError: no COLD/STEADY markers,,,,,none,False,False,,,,,,,,False,,,,,,,,,,,,,,,,,,,,,,,,,,
single,pytorch,ml,baseline,control,0,oneshot,True,,True,True,True,True,recorded,True,True,173.36328125,,,,12.5,0.0,,True,1.5880203247070312,42.5791015625,1.5138137340545654,42.5791015625,45.716863000000004,30.15245,75.869313,28.127041395282543,,,,,,,0.07420659065246582,0.0,,,,0.0,42.5791015625,,0.0,28.127041395282543,,0.0
single,pytorch,ml,baseline,control,1,oneshot,True,,True,True,True,True,recorded,True,True,173.4765625,,,,12.5,0.0,,True,1.582153081893921,42.11090087890625,1.5092687606811523,42.11090087890625,41.981765,27.78539,69.767155,27.901525543999902,,,,,,,0.07288432121276855,0.0,,,,0.0,42.11090087890625,,0.0,27.901525543999902,,0.0
single,pytorch,ml,baseline,control,10,oneshot,True,,True,True,True,True,recorded,True,True,173.52734375,,,,15.5,0.0,,True,1.6692376136779785,43.657470703125,1.5967867374420166,43.657470703125,43.462108,29.008409,72.470517,27.340827475222135,,,,,,,0.07245087623596191,0.0,,,,0.0,43.657470703125,,0.0,27.340827475222135,,0.0
single,pytorch,ml,baseline,control,11,oneshot,True,,True,True,True,True,recorded,True,True,173.3984375,,,,14.9,0.0,,True,1.5561177730560303,43.03497314453125,1.4822959899902344,43.03497314453125,42.99281,28.530201,71.523011,29.03264492054301,,,,,,,0.0738217830657959,0.0,,,,0.0,43.03497314453125,,0.0,29.03264492054301,,0.0
single,pytorch,ml,baseline,control,12,oneshot,True,,True,True,True,True,recorded,True,True,173.3671875,,,,12.5,0.6,,True,1.559260368347168,43.60699462890625,1.4839062690734863,43.60699462890625,43.559031,29.52916,73.088191,29.386623358720197,,,,,,,0.07535409927368164,0.0,,,,0.0,43.60699462890625,,0.0,29.386623358720197,,0.0
single,pytorch,ml,baseline,control,13,oneshot,True,,True,True,True,True,recorded,True,True,173.41015625,,,,12.5,0.0,,True,1.5857551097869873,42.744384765625,1.5086913108825684,42.744384765625,42.647656,28.145558,70.793214,28.332094483012558,,,,,,,0.07706379890441895,0.0,,,,0.0,42.744384765625,,0.0,28.332094483012558,,0.0
single,pytorch,ml,baseline,control,14,oneshot,True,,True,True,True,True,recorded,True,True,173.578125,,,,15.1,0.0,,True,1.6674959659576416,44.5289306640625,1.5947721004486084,44.5289306640625,44.320138,29.508103,73.82824099999999,27.92181444078219,,,,,,,0.0727238655090332,0.0,,,,0.0,44.5289306640625,,0.0,27.92181444078219,,0.0
single,pytorch,ml,baseline,control,15,oneshot,True,,True,True,True,True,recorded,True,True,173.40625,,,,13.1,0.0,,True,1.5458474159240723,42.946533203125,1.469757080078125,42.946533203125,42.764173,28.129262,70.893435,29.22015738875854,,,,,,,0.07609033584594727,0.0,,,,0.0,42.946533203125,,0.0,29.22015738875854,,0.0
single,pytorch,ml,baseline,control,16,oneshot,True,,True,True,True,True,recorded,True,True,173.53515625,,,,,,,True,1.529500961303711,43.10308837890625,1.456784963607788,43.10308837890625,42.827588,28.847888,71.675476,29.587818007236752,,,,,,,0.07271599769592285,,,,,,43.10308837890625,,,29.587818007236752,,
single,pytorch,ml,baseline,control,17,oneshot,True,,True,True,True,True,recorded,True,True,173.37890625,,,,12.5,0.6,,True,1.5392036437988281,43.62750244140625,1.4614174365997314,43.62750244140625,40.952776,27.014336000000004,67.967112,29.852868419932104,,,,,,,0.07778620719909668,0.0,,,,0.0,43.62750244140625,,0.0,29.852868419932104,,0.0
single,pytorch,ml,baseline,control,18,oneshot,True,,True,True,True,True,recorded,True,True,173.5546875,,,,15.6,0.0,,True,1.4885404109954834,41.006591796875,1.4150874614715576,41.006591796875,43.961617999999994,28.75841,72.720028,28.978132386412362,,,,,,,0.07345294952392578,0.0,,,,0.0,41.006591796875,,0.0,28.978132386412362,,0.0
single,pytorch,ml,baseline,control,19,oneshot,True,,True,True,True,True,recorded,True,True,173.4921875,,,,12.5,0.6,,True,1.5504999160766602,42.50030517578125,1.472501516342163,42.50030517578125,42.340163000000004,28.29906,70.639223,28.862656305683227,,,,,,,0.07799839973449707,0.0,,,,0.0,42.50030517578125,,0.0,28.862656305683227,,0.0
single,pytorch,ml,baseline,control,2,oneshot,True,,True,True,True,True,recorded,True,True,173.55078125,,,,12.5,0.0,,True,1.5345900058746338,43.483154296875,1.459545612335205,43.483154296875,43.359996,29.225450000000002,72.585446,29.792254472475154,,,,,,,0.07504439353942871,0.0,,,,0.0,43.483154296875,,0.0,29.792254472475154,,0.0
single,pytorch,ml,baseline,control,3,oneshot,True,,True,True,True,True,recorded,True,True,173.38671875,,,,12.5,0.0,,True,1.5512194633483887,43.16265869140625,1.4753923416137695,43.16265869140625,42.908947999999995,28.429859,71.338807,29.255037778083736,,,,,,,0.07582712173461914,0.0,,,,0.0,43.16265869140625,,0.0,29.255037778083736,,0.0
single,pytorch,ml,baseline,control,4,oneshot,True,,True,True,True,True,recorded,True,True,173.40234375,,,,,,,True,1.5130939483642578,43.92205810546875,1.441364049911499,43.92205810546875,43.779795,29.594711999999998,73.374507,30.472563894018034,,,,,,,0.07172989845275879,,,,,,43.92205810546875,,,30.472563894018034,,
single,pytorch,ml,baseline,control,5,oneshot,True,,True,True,True,True,recorded,True,True,173.5546875,,,,12.5,0.0,,True,1.5408422946929932,42.86212158203125,1.4636280536651611,42.86212158203125,42.70069599999999,28.478382,71.17907799999999,29.284845609987848,,,,,,,0.07721424102783203,0.0,,,,0.0,42.86212158203125,,0.0,29.284845609987848,,0.0
single,pytorch,ml,baseline,control,6,oneshot,True,,True,True,True,True,recorded,True,True,173.43359375,,,,12.5,0.0,,True,1.5521068572998047,43.08697509765625,1.480187177658081,43.08697509765625,42.928906,28.161793,71.090699,29.109139538573423,,,,,,,0.07191967964172363,0.0,,,,0.0,43.08697509765625,,0.0,29.109139538573423,,0.0
single,pytorch,ml,baseline,control,7,oneshot,True,,True,True,True,True,recorded,True,True,173.44921875,,,,,,,True,1.5474779605865479,43.275390625,1.473438024520874,43.275390625,40.24886,26.574517,66.823377,29.37035009604296,,,,,,,0.07403993606567383,,,,,,43.275390625,,,29.37035009604296,,
single,pytorch,ml,baseline,control,8,oneshot,True,,True,True,True,True,recorded,True,True,173.515625,,,,,,,True,1.5287275314331055,43.2410888671875,1.4561870098114014,43.2410888671875,43.124645,28.543628,71.668273,29.6947360303591,,,,,,,0.0725405216217041,,,,,,43.2410888671875,,,29.6947360303591,,
single,pytorch,ml,baseline,control,9,oneshot,True,,True,True,True,True,recorded,True,True,173.35546875,,,,25.0,0.6,,True,1.6185495853424072,51.75860595703125,1.5353913307189941,51.75860595703125,55.63840700000001,33.510290000000005,89.14869700000001,33.71036746234179,,,,,,,0.08315825462341309,0.0,,,,0.0,51.75860595703125,,0.0,33.71036746234179,,0.0
single,pytorch,ml,blafs,file-removal,0,oneshot,True,,True,True,True,True,recorded,True,True,173.40234375,,,,,,,True,1.5150947570800781,45.49945068359375,1.4374935626983643,45.49945068359375,45.48908,31.396465000000003,76.88554500000001,31.651933521138908,,,,,,,0.07760119438171387,,,,,,45.49945068359375,,,31.651933521138908,,
single,pytorch,ml,blafs,file-removal,1,oneshot,True,,True,True,True,True,recorded,True,True,173.55078125,,,,,,,True,1.624370813369751,45.52691650390625,1.5465426445007324,45.52691650390625,45.226508,30.183151,75.409659,29.43786688701599,,,,,,,0.07782816886901855,,,,,,45.52691650390625,,,29.43786688701599,,
single,pytorch,ml,blafs,file-removal,10,oneshot,True,,True,True,True,True,recorded,True,True,173.5234375,,,,15.6,0.0,,True,1.5351533889770508,40.36419677734375,1.4611570835113525,40.36419677734375,43.345165,28.659777000000002,72.004942,27.624816820066517,,,,,,,0.07399630546569824,0.0,,,,0.0,40.36419677734375,,0.0,27.624816820066517,,0.0
single,pytorch,ml,blafs,file-removal,11,oneshot,True,,True,True,True,True,recorded,True,True,173.3984375,,,,12.5,0.0,,True,1.5388410091400146,43.21240234375,1.4637937545776367,43.21240234375,43.013196,28.334766000000002,71.347962,29.520827103281714,,,,,,,0.07504725456237793,0.0,,,,0.0,43.21240234375,,0.0,29.520827103281714,,0.0
single,pytorch,ml,blafs,file-removal,12,oneshot,True,,True,True,True,True,recorded,True,True,173.53125,,,,,,,True,1.5303468704223633,43.83966064453125,1.4574964046478271,43.83966064453125,43.531259999999996,28.804614,72.33587399999999,30.07874359396733,,,,,,,0.07285046577453613,,,,,,43.83966064453125,,,30.07874359396733,,
single,pytorch,ml,blafs,file-removal,13,oneshot,True,,True,True,True,True,recorded,True,True,173.58984375,,,,,,,True,1.5143945217132568,44.28411865234375,1.4414567947387695,44.28411865234375,44.104440999999994,30.9315,75.035941,30.721780086630496,,,,,,,0.0729377269744873,,,,,,44.28411865234375,,,30.721780086630496,,
single,pytorch,ml,blafs,file-removal,14,oneshot,True,,True,True,True,True,recorded,True,True,173.38671875,,,,12.5,0.0,,True,1.5712063312530518,42.44903564453125,1.4987866878509521,42.44903564453125,42.326125,28.90349,71.229615,28.322266262851024,,,,,,,0.07241964340209961,0.0,,,,0.0,42.44903564453125,,0.0,28.322266262851024,,0.0
single,pytorch,ml,blafs,file-removal,15,oneshot,True,,True,True,True,True,recorded,True,True,173.3671875,,,,12.5,0.0,,True,1.5700392723083496,42.928955078125,1.4954454898834229,42.928955078125,42.537305,27.787039,70.324344,28.70646597855701,,,,,,,0.07459378242492676,0.0,,,,0.0,42.928955078125,,0.0,28.70646597855701,,0.0
single,pytorch,ml,blafs,file-removal,16,oneshot,True,,True,True,True,True,recorded,True,True,173.4453125,,,,12.5,0.0,,True,1.5492677688598633,42.57830810546875,1.4768874645233154,42.57830810546875,42.480726,28.737475,71.218201,28.829757939079975,,,,,,,0.07238030433654785,0.0,,,,0.0,42.57830810546875,,0.0,28.829757939079975,,0.0
single,pytorch,ml,blafs,file-removal,17,oneshot,True,,True,True,True,True,recorded,True,True,173.46875,,,,12.5,0.0,,True,1.5438086986541748,43.9210205078125,1.4682848453521729,43.9210205078125,43.733164,29.504319,73.237483,29.91314706192306,,,,,,,0.07552385330200195,0.0,,,,0.0,43.9210205078125,,0.0,29.91314706192306,,0.0
single,pytorch,ml,blafs,file-removal,18,oneshot,True,,True,True,True,True,recorded,True,True,173.4609375,,,,12.5,0.0,,True,1.5625896453857422,42.96533203125,1.4875538349151611,42.96533203125,42.843641,28.056081,70.899722,28.8832114998382,,,,,,,0.07503581047058105,0.0,,,,0.0,42.96533203125,,0.0,28.8832114998382,,0.0
single,pytorch,ml,blafs,file-removal,19,oneshot,True,,True,True,True,True,recorded,True,True,173.43359375,,,,12.5,0.0,,True,1.5467758178710938,43.3480224609375,1.466836929321289,43.3480224609375,43.160778,28.531421,71.692199,29.55203921747102,,,,,,,0.07993888854980469,0.0,,,,0.0,43.3480224609375,,0.0,29.55203921747102,,0.0
single,pytorch,ml,blafs,file-removal,2,oneshot,True,,True,True,True,True,recorded,True,True,173.41015625,,,,12.5,0.0,,True,1.569523572921753,42.29876708984375,1.4965250492095947,42.29876708984375,42.149856,28.554309,70.704165,28.26465692116833,,,,,,,0.0729985237121582,0.0,,,,0.0,42.29876708984375,,0.0,28.26465692116833,,0.0
single,pytorch,ml,blafs,file-removal,3,oneshot,True,,,,True,True,posthoc,True,True,173.73828125,,,,12.5,1.2,,True,1.549717664718628,43.40570068359375,1.4738621711730957,43.40570068359375,43.335216,29.107286,72.442502,29.450311930487853,,,,,,,0.07585549354553223,0.0,,,,0.0,43.40570068359375,,0.0,29.450311930487853,,0.0
single,pytorch,ml,blafs,file-removal,4,oneshot,True,,True,True,True,True,recorded,True,True,173.5625,,,,,,,True,1.5226314067840576,44.83013916015625,1.448070764541626,44.83013916015625,44.81269,29.684311,74.49700100000001,30.95852789649188,,,,,,,0.07456064224243164,,,,,,44.83013916015625,,,30.95852789649188,,
single,pytorch,ml,blafs,file-removal,5,oneshot,True,,True,True,True,True,recorded,True,True,173.37890625,,,,14.3,0.0,,True,1.525256872177124,40.55865478515625,1.4500112533569336,40.55865478515625,43.519664,28.788377999999998,72.308042,27.97126897550523,,,,,,,0.07524561882019043,0.0,,,,0.0,40.55865478515625,,0.0,27.97126897550523,,0.0
single,pytorch,ml,blafs,file-removal,6,oneshot,True,,True,True,True,True,recorded,True,True,173.4453125,,,,12.5,0.6,,True,1.5602030754089355,43.051513671875,1.4846603870391846,43.051513671875,43.013256,28.399891,71.413147,28.997549909532776,,,,,,,0.07554268836975098,0.0,,,,0.0,43.051513671875,,0.0,28.997549909532776,,0.0
single,pytorch,ml,blafs,file-removal,7,oneshot,True,,True,True,True,True,recorded,True,True,173.63671875,,,,,,,True,1.5274558067321777,44.84814453125,1.447317361831665,44.84814453125,44.744209,30.461104,75.20531299999999,30.987083907078986,,,,,,,0.0801384449005127,,,,,,44.84814453125,,,30.987083907078986,,
single,pytorch,ml,blafs,file-removal,8,oneshot,True,,True,True,True,True,recorded,True,True,173.484375,,,,12.5,0.6,,True,1.5550806522369385,42.80194091796875,1.479083776473999,42.80194091796875,42.620801,28.073658,70.694459,28.938145086010394,,,,,,,0.07599687576293945,0.0,,,,0.0,42.80194091796875,,0.0,28.938145086010394,,0.0
single,pytorch,ml,blafs,file-removal,9,oneshot,True,,True,True,True,True,recorded,True,True,173.375,,,,12.5,0.0,,True,1.542189359664917,43.5950927734375,1.4661288261413574,43.5950927734375,43.511973,29.920882999999996,73.43285599999999,29.734830934450407,,,,,,,0.07606053352355957,0.0,,,,0.0,43.5950927734375,,0.0,29.734830934450407,,0.0
single,pytorch,ml,confine,syscall-restriction,0,oneshot,True,,True,True,True,True,recorded,True,True,174.5390625,,,,15.0,0.0,,True,1.5030796527862549,40.52337646484375,1.425661325454712,40.52337646484375,43.702159,28.420398,72.122557,28.424265806550444,,,,,,,0.07741832733154297,0.0,,,,0.0,40.52337646484375,,0.0,28.424265806550444,,0.0
single,pytorch,ml,confine,syscall-restriction,1,oneshot,True,,True,True,True,True,recorded,True,True,174.51171875,,,,14.9,0.0,,True,1.4969124794006348,40.9075927734375,1.421978235244751,40.9075927734375,44.11622,29.075853,73.192073,28.76808643023744,,,,,,,0.07493424415588379,0.0,,,,0.0,40.9075927734375,,0.0,28.76808643023744,,0.0
single,pytorch,ml,confine,syscall-restriction,10,oneshot,True,,True,True,True,True,recorded,True,True,174.6953125,,,,14.9,0.0,,True,1.4977529048919678,40.53125,1.4240827560424805,40.53125,43.566112000000004,28.750537,72.31664900000001,28.461302426437744,,,,,,,0.0736701488494873,0.0,,,,0.0,40.53125,,0.0,28.461302426437744,,0.0
single,pytorch,ml,confine,syscall-restriction,11,oneshot,True,,True,True,True,True,recorded,True,True,175.0,,,,13.7,0.0,,True,1.5377967357635498,43.14703369140625,1.4606959819793701,43.14703369140625,43.072277,28.527576,71.599853,29.53868171317776,,,,,,,0.07710075378417969,0.0,,,,0.0,43.14703369140625,,0.0,29.53868171317776,,0.0
single,pytorch,ml,confine,syscall-restriction,12,oneshot,True,,True,True,True,True,recorded,True,True,174.7421875,,,,,,,True,1.5102126598358154,43.57110595703125,1.4368150234222412,43.57110595703125,43.367931,28.561756,71.929687,30.324784503750887,,,,,,,0.07339763641357422,,,,,,43.57110595703125,,,30.324784503750887,,
single,pytorch,ml,confine,syscall-restriction,13,oneshot,True,,True,True,True,True,recorded,True,True,174.72265625,,,,,,,True,1.5183613300323486,43.859130859375,1.4405922889709473,43.859130859375,43.783884,29.111925,72.895809,30.44520729088778,,,,,,,0.07776904106140137,,,,,,43.859130859375,,,30.44520729088778,,
single,pytorch,ml,confine,syscall-restriction,14,oneshot,True,,True,True,True,True,recorded,True,True,174.328125,,,,12.5,0.0,,True,1.595893383026123,42.1673583984375,1.5204119682312012,42.1673583984375,45.444219,31.250896,76.695115,27.73416631776035,,,,,,,0.07548141479492188,0.0,,,,0.0,42.1673583984375,,0.0,27.73416631776035,,0.0
single,pytorch,ml,confine,syscall-restriction,15,oneshot,True,,True,True,True,True,recorded,True,True,174.79296875,,,,12.5,0.0,,True,1.534905195236206,43.34613037109375,1.4571125507354736,43.34613037109375,43.326305,28.625293,71.95159799999999,29.74796308577186,,,,,,,0.07779264450073242,0.0,,,,0.0,43.34613037109375,,0.0,29.74796308577186,,0.0
single,pytorch,ml,confine,syscall-restriction,16,oneshot,True,,True,True,True,True,recorded,True,True,174.09765625,,,,,,,True,1.534862995147705,43.014404296875,1.4620506763458252,43.014404296875,42.858166000000004,28.014760000000003,70.872926,29.420597379280316,,,,,,,0.07281231880187988,,,,,,43.014404296875,,,29.420597379280316,,
single,pytorch,ml,confine,syscall-restriction,17,oneshot,True,,True,True,True,True,recorded,True,True,174.72265625,,,,13.7,0.0,,True,1.5090198516845703,40.95562744140625,1.4339358806610107,40.95562744140625,44.132943999999995,29.632126,73.76507,28.561686748870994,,,,,,,0.07508397102355957,0.0,,,,0.0,40.95562744140625,,0.0,28.561686748870994,,0.0
single,pytorch,ml,confine,syscall-restriction,18,oneshot,True,,True,True,True,True,recorded,True,True,174.78515625,,,,16.8,0.0,,True,1.4831807613372803,40.6563720703125,1.4087152481079102,40.6563720703125,40.549456,27.484854,68.03431,28.86060339370881,,,,,,,0.07446551322937012,0.0,,,,0.0,40.6563720703125,,0.0,28.86060339370881,,0.0
single,pytorch,ml,confine,syscall-restriction,19,oneshot,True,,True,True,True,True,recorded,True,True,174.73828125,,,,15.0,0.0,,True,1.5043787956237793,40.16668701171875,1.428351879119873,40.16668701171875,43.42683,29.557603,72.984433,28.121002673703067,,,,,,,0.07602691650390625,0.0,,,,0.0,40.16668701171875,,0.0,28.121002673703067,,0.0
single,pytorch,ml,confine,syscall-restriction,2,oneshot,True,,True,True,True,True,recorded,True,True,174.984375,,,,14.3,0.0,,True,1.4884486198425293,40.4854736328125,1.4133741855621338,40.4854736328125,43.752269,28.475452,72.227721,28.64455431999448,,,,,,,0.07507443428039551,0.0,,,,0.0,40.4854736328125,,0.0,28.64455431999448,,0.0
single,pytorch,ml,confine,syscall-restriction,3,oneshot,True,,True,True,True,True,recorded,True,True,174.59375,,,,,,,True,1.5288255214691162,42.71026611328125,1.4547066688537598,42.71026611328125,42.461501,28.063344,70.524845,29.360053836100803,,,,,,,0.07411885261535645,,,,,,42.71026611328125,,,29.360053836100803,,
single,pytorch,ml,confine,syscall-restriction,4,oneshot,True,,True,True,True,True,recorded,True,True,174.89453125,,,,15.6,0.0,,True,1.486436128616333,40.2225341796875,1.4079475402832031,40.2225341796875,40.017903000000004,26.331719999999997,66.34962300000001,28.568205155993876,,,,,,,0.07848858833312988,0.0,,,,0.0,40.2225341796875,,0.0,28.568205155993876,,0.0
single,pytorch,ml,confine,syscall-restriction,5,oneshot,True,,True,True,True,True,recorded,True,True,173.7421875,,,,,,,True,1.5258703231811523,42.927978515625,1.4500844478607178,42.927978515625,42.773389,28.483081,71.25647000000001,29.60377830336422,,,,,,,0.07578587532043457,,,,,,42.927978515625,,,29.60377830336422,,
single,pytorch,ml,confine,syscall-restriction,6,oneshot,True,,True,True,True,True,recorded,True,True,175.07421875,,,,12.5,0.0,,True,1.5288407802581787,43.85369873046875,1.4544568061828613,43.85369873046875,41.239397000000004,27.430166999999997,68.66956400000001,30.151255468053584,,,,,,,0.07438397407531738,0.0,,,,0.0,43.85369873046875,,0.0,30.151255468053584,,0.0
single,pytorch,ml,confine,syscall-restriction,7,oneshot,True,,True,True,True,True,recorded,True,True,174.53125,,,,,,,True,1.5192644596099854,43.0701904296875,1.442143201828003,43.0701904296875,42.743543,28.907456999999997,71.651,29.865404749745693,,,,,,,0.07712125778198242,,,,,,43.0701904296875,,,29.865404749745693,,
single,pytorch,ml,confine,syscall-restriction,8,oneshot,True,,True,True,True,True,recorded,True,True,174.01171875,,,,15.6,0.0,,True,1.455444574356079,41.136474609375,1.3809077739715576,41.136474609375,40.836138000000005,27.337149,68.173287,29.789443860587813,,,,,,,0.07453680038452148,0.0,,,,0.0,41.136474609375,,0.0,29.789443860587813,,0.0
single,pytorch,ml,confine,syscall-restriction,9,oneshot,True,,True,True,True,True,recorded,True,True,174.1640625,,,,15.6,0.6,,True,1.492194414138794,40.52874755859375,1.4166193008422852,40.52874755859375,43.653331,29.080918999999998,72.73425,28.609484237929276,,,,,,,0.07557511329650879,0.0,,,,0.0,40.52874755859375,,0.0,28.609484237929276,,0.0
single,pytorch,ml,slim,file-removal,0,oneshot,False,RuntimeError: no COLD/STEADY markers,,,,,none,False,False,,,,,,,,False,,,,,,,,,,,,,,,,,,,,,,,,,,
single,pytorch,ml,slim,file-removal,1,oneshot,False,RuntimeError: no COLD/STEADY markers,,,,,none,False,False,,,,,,,,False,,,,,,,,,,,,,,,,,,,,,,,,,,
single,pytorch,ml,slim,file-removal,10,oneshot,False,RuntimeError: no COLD/STEADY markers,,,,,none,False,False,,,,,,,,False,,,,,,,,,,,,,,,,,,,,,,,,,,
single,pytorch,ml,slim,file-removal,11,oneshot,False,RuntimeError: no COLD/STEADY markers,,,,,none,False,False,,,,,,,,False,,,,,,,,,,,,,,,,,,,,,,,,,,
single,pytorch,ml,slim,file-removal,12,oneshot,False,RuntimeError: no COLD/STEADY markers,,,,,none,False,False,,,,,,,,False,,,,,,,,,,,,,,,,,,,,,,,,,,
single,pytorch,ml,slim,file-removal,13,oneshot,False,RuntimeError: no COLD/STEADY markers,,,,,none,False,False,,,,,,,,False,,,,,,,,,,,,,,,,,,,,,,,,,,
single,pytorch,ml,slim,file-removal,14,oneshot,False,RuntimeError: no COLD/STEADY markers,,,,,none,False,False,,,,,,,,False,,,,,,,,,,,,,,,,,,,,,,,,,,
single,pytorch,ml,slim,file-removal,15,oneshot,False,RuntimeError: no COLD/STEADY markers,,,,,none,False,False,,,,,,,,False,,,,,,,,,,,,,,,,,,,,,,,,,,
single,pytorch,ml,slim,file-removal,16,oneshot,False,RuntimeError: no COLD/STEADY markers,,,,,none,False,False,,,,,,,,False,,,,,,,,,,,,,,,,,,,,,,,,,,
single,pytorch,ml,slim,file-removal,17,oneshot,False,RuntimeError: no COLD/STEADY markers,,,,,none,False,False,,,,,,,,False,,,,,,,,,,,,,,,,,,,,,,,,,,
single,pytorch,ml,slim,file-removal,18,oneshot,False,RuntimeError: no COLD/STEADY markers,,,,,none,False,False,,,,,,,,False,,,,,,,,,,,,,,,,,,,,,,,,,,
single,pytorch,ml,slim,file-removal,19,oneshot,False,RuntimeError: no COLD/STEADY markers,,,,,none,False,False,,,,,,,,False,,,,,,,,,,,,,,,,,,,,,,,,,,
single,pytorch,ml,slim,file-removal,2,oneshot,False,RuntimeError: no COLD/STEADY markers,,,,,none,False,False,,,,,,,,False,,,,,,,,,,,,,,,,,,,,,,,,,,
single,pytorch,ml,slim,file-removal,3,oneshot,False,RuntimeError: no COLD/STEADY markers,,,,,none,False,False,,,,,,,,False,,,,,,,,,,,,,,,,,,,,,,,,,,
single,pytorch,ml,slim,file-removal,4,oneshot,False,RuntimeError: no COLD/STEADY markers,,,,,none,False,False,,,,,,,,False,,,,,,,,,,,,,,,,,,,,,,,,,,
single,pytorch,ml,slim,file-removal,5,oneshot,False,RuntimeError: no COLD/STEADY markers,,,,,none,False,False,,,,,,,,False,,,,,,,,,,,,,,,,,,,,,,,,,,
single,pytorch,ml,slim,file-removal,6,oneshot,False,RuntimeError: no COLD/STEADY markers,,,,,none,False,False,,,,,,,,False,,,,,,,,,,,,,,,,,,,,,,,,,,
single,pytorch,ml,slim,file-removal,7,oneshot,False,RuntimeError: no COLD/STEADY markers,,,,,none,False,False,,,,,,,,False,,,,,,,,,,,,,,,,,,,,,,,,,,
single,pytorch,ml,slim,file-removal,8,oneshot,False,RuntimeError: no COLD/STEADY markers,,,,,none,False,False,,,,,,,,False,,,,,,,,,,,,,,,,,,,,,,,,,,
single,pytorch,ml,slim,file-removal,9,oneshot,False,RuntimeError: no COLD/STEADY markers,,,,,none,False,False,,,,,,,,False,,,,,,,,,,,,,,,,,,,,,,,,,,
single,r-base,ml,baseline,control,0,oneshot,True,,True,True,True,True,recorded,True,True,62.4921875,,,,31.2,1.0,,True,0.8011691570281982,18.1434326171875,0.4914669990539551,11.65802001953125,11.579377000000001,7.153973,18.73335,23.720860285578176,,,,,,,0.30970215797424316,6.48541259765625,6.459821999999999,4.176625,10.636446999999999,20.94080532107761,11.65802001953125,,6.48541259765625,23.720860285578176,,20.94080532107761
single,r-base,ml,baseline,control,1,oneshot,True,,True,True,True,True,recorded,True,True,62.55078125,,,,31.2,0.8,,True,0.778881311416626,18.56097412109375,0.46615171432495117,12.0816650390625,11.775604,7.2723819999999995,19.047985999999998,25.91788181356007,,,,,,,0.3127295970916748,6.47930908203125,6.513594000000001,4.499195,11.012789000000001,20.71856690984026,12.0816650390625,,6.47930908203125,25.91788181356007,,20.71856690984026
single,r-base,ml,baseline,control,10,oneshot,True,,True,True,True,True,recorded,True,True,62.58984375,,,,31.2,0.2,,True,0.7953982353210449,18.3199462890625,0.4843626022338867,11.85467529296875,11.650483,7.29649,18.946973,24.474794788645596,,,,,,,0.3110356330871582,6.46527099609375,6.3934169999999995,4.1337779999999995,10.527194999999999,20.786271116023727,11.85467529296875,,6.46527099609375,24.474794788645596,,20.786271116023727
single,r-base,ml,baseline,control,11,oneshot,True,,True,True,True,True,recorded,True,True,62.609375,,,,31.4,1.0,,True,0.7691609859466553,18.95147705078125,0.45444297790527344,12.4554443359375,12.160247000000002,7.439007,19.599254000000002,27.408156669842484,,,,,,,0.31471800804138184,6.49603271484375,6.5364819999999995,4.406238999999999,10.942720999999999,20.640803985991152,12.4554443359375,,6.49603271484375,27.408156669842484,,20.640803985991152
single,r-base,ml,baseline,control,12,oneshot,True,,True,True,True,True,recorded,True,True,62.98828125,,,,31.2,1.2,,True,0.805610179901123,17.8935546875,0.49539947509765625,11.4127197265625,11.309419000000002,7.4785580000000005,18.787977,23.03740778956771,,,,,,,0.3102107048034668,6.4808349609375,6.480330000000002,4.172535999999999,10.652866000000001,20.891719275269423,11.4127197265625,,6.4808349609375,23.03740778956771,,20.891719275269423
single,r-base,ml,baseline,control,13,oneshot,True,,True,True,True,True,recorded,True,True,62.71875,,,,31.0,0.4,,True,0.813941478729248,18.23248291015625,0.5022304058074951,11.70068359375,11.336458,7.495952000000001,18.832410000000003,23.29744168901409,,,,,,,0.31171107292175293,6.53179931640625,9.837926,6.336714999999998,16.174640999999998,20.95465924640377,11.70068359375,,6.53179931640625,23.29744168901409,,20.95465924640377
single,r-base,ml,baseline,control,14,oneshot,True,,True,True,True,True,recorded,True,True,62.60546875,,,,30.7,0.2,,True,0.7695305347442627,19.4803466796875,0.4588141441345215,12.91070556640625,12.58438,8.008402,20.592782,28.13929285192418,,,,,,,0.3107163906097412,6.56964111328125,6.572126999999998,4.228322,10.800448999999999,21.14352931427006,12.91070556640625,,6.56964111328125,28.13929285192418,,21.14352931427006
single,r-base,ml,baseline,control,15,oneshot,True,,True,True,True,True,recorded,True,True,62.65234375,,,,31.5,0.6,,True,0.7739863395690918,19.4326171875,0.4604208469390869,12.71575927734375,12.601714,8.953102,21.554816,27.61768795196632,,,,,,,0.3135654926300049,6.71685791015625,6.757917000000003,4.363697000000002,11.121614000000005,21.42090908607052,12.71575927734375,,6.71685791015625,27.61768795196632,,21.42090908607052
single,r-base,ml,baseline,control,16,oneshot,True,,True,True,True,True,recorded,True,True,62.7109375,,,,12.5,0.2,,True,0.8642566204071045,20.54388427734375,0.5413100719451904,14.03704833984375,14.018214,8.900551,22.918765,25.93162231288586,,,,,,,0.32294654846191406,6.5068359375,6.451093999999998,4.135914,10.587007999999997,20.148337142755896,14.03704833984375,,6.5068359375,25.93162231288586,,20.148337142755896
single,r-base,ml,baseline,control,17,oneshot,True,,True,True,True,True,recorded,True,True,62.6328125,,,,31.0,1.2,,True,0.7714076042175293,18.728515625,0.46076464653015137,12.22869873046875,11.931365000000001,7.440531999999999,19.371897,26.54001087661254,,,,,,,0.31064295768737793,6.49981689453125,6.532332,4.2306409999999985,10.762972999999999,20.923754212617553,12.22869873046875,,6.49981689453125,26.54001087661254,,20.923754212617553
single,r-base,ml,baseline,control,18,oneshot,True,,True,True,True,True,recorded,True,True,62.5625,,,,26.3,0.5,,True,0.8318173885345459,21.8551025390625,0.5212447643280029,11.9893798828125,14.896018999999999,9.11692,24.012939,23.00143944518925,,,,,,,0.31057262420654297,9.86572265625,6.609663000000001,4.2190439999999985,10.828707,31.76623400550883,11.9893798828125,,9.86572265625,23.00143944518925,,31.76623400550883
single,r-base,ml,baseline,control,19,oneshot,True,,True,True,True,True,recorded,True,True,62.484375,,,,30.3,0.0,,True,0.7485315799713135,19.8861083984375,0.4388883113861084,13.3638916015625,13.163113,9.55625,22.719363,30.44941333560767,,,,,,,0.3096432685852051,6.522216796875,6.557357,4.227833,10.78519,21.063647941309178,13.3638916015625,,6.522216796875,30.44941333560767,,21.063647941309178
single,r-base,ml,baseline,control,2,oneshot,True,,True,True,True,True,recorded,True,True,62.49609375,,,,31.2,0.2,,True,0.7743213176727295,18.68658447265625,0.46422576904296875,12.1697998046875,11.964813,8.042643,20.007455999999998,26.215261228984172,,,,,,,0.31009554862976074,6.51678466796875,6.580732000000001,4.204883999999998,10.785616,21.015408627324344,12.1697998046875,,6.51678466796875,26.215261228984172,,21.015408627324344
single,r-base,ml,baseline,control,3,oneshot,True,,True,True,True,True,recorded,True,True,62.40625,,,,31.5,1.0,,True,0.8182525634765625,18.65362548828125,0.4979405403137207,12.189208984375,12.086761,7.768718,19.855479,24.479246009363596,,,,,,,0.3203120231628418,6.46441650390625,9.664404000000001,6.349166,16.01357,20.181623031427197,12.189208984375,,6.46441650390625,24.479246009363596,,20.181623031427197
single,r-base,ml,baseline,control,4,oneshot,True,,True,True,True,True,recorded,True,True,62.36328125,,,,31.1,0.4,,True,0.7778043746948242,18.4658203125,0.463212251663208,11.98638916015625,11.695405000000001,7.201703,18.897108000000003,25.876666942892747,,,,,,,0.3145921230316162,6.47943115234375,6.513410999999998,4.220631000000001,10.734041999999999,20.596291763136655,11.98638916015625,,6.47943115234375,25.876666942892747,,20.596291763136655
single,r-base,ml,baseline,control,5,oneshot,True,,True,True,True,True,recorded,True,True,62.515625,,,,31.1,0.8,,True,0.7837259769439697,18.5421142578125,0.4747130870819092,12.0245361328125,11.825349,7.429912999999999,19.255262,25.33011298830641,,,,,,,0.30901288986206055,6.517578125,6.552046000000001,4.231801000000001,10.783847000000002,21.091606010057912,12.0245361328125,,6.517578125,25.33011298830641,,21.091606010057912
single,r-base,ml,baseline,control,6,oneshot,True,,True,True,True,True,recorded,True,True,62.4140625,,,,42.1,2.1,,True,0.7443795204162598,16.29168701171875,0.4316294193267822,9.7037353515625,12.581267,8.316202,20.897469,22.481635674179802,,,,,,,0.31275010108947754,6.58795166015625,6.563948,4.380055000000002,10.944003000000002,21.06458682893101,9.7037353515625,,6.58795166015625,22.481635674179802,,21.06458682893101
single,r-base,ml,baseline,control,7,oneshot,True,,True,True,True,True,recorded,True,True,62.609375,,,,31.5,0.6,,True,0.8097748756408691,18.67083740234375,0.49650096893310547,12.19512939453125,11.847503,7.765054999999999,19.612558,24.562146214410156,,,,,,,0.31327390670776367,6.4757080078125,9.790441999999999,6.663679000000002,16.454121,20.671073680749732,12.19512939453125,,6.4757080078125,24.562146214410156,,20.671073680749732
single,r-base,ml,baseline,control,8,oneshot,True,,True,True,True,True,recorded,True,True,62.671875,,,,30.8,0.8,,True,0.7570676803588867,19.087158203125,0.4442117214202881,12.5587158203125,12.283843000000001,7.5422780000000005,19.826121,28.27191452796031,,,,,,,0.31285595893859863,6.5284423828125,6.557051000000001,4.235401999999999,10.792453,20.867246399784182,12.5587158203125,,6.5284423828125,28.27191452796031,,20.867246399784182
single,r-base,ml,baseline,control,9,oneshot,True,,True,True,True,True,recorded,True,True,62.703125,,,,31.3,0.6,,True,0.7740099430084229,18.26068115234375,0.464491605758667,11.760009765625,11.516389,7.479838999999999,18.996228,25.31802430835548,,,,,,,0.30951833724975586,6.50067138671875,6.530927999999999,4.2318,10.762728,21.002540413213847,11.760009765625,,6.50067138671875,25.31802430835548,,21.002540413213847
single,r-base,ml,blafs,file-removal,0,oneshot,True,,True,True,True,True,recorded,True,True,62.44140625,,,,30.8,0.4,,True,0.754857063293457,19.345947265625,0.44515347480773926,12.83917236328125,12.568877,8.737831,21.306708,28.842125446345126,,,,,,,0.3097035884857178,6.50677490234375,6.569807999999998,4.417591,10.987398999999998,21.009685209520313,12.83917236328125,,6.50677490234375,28.842125446345126,,21.009685209520313
single,r-base,ml,blafs,file-removal,1,oneshot,True,,True,True,True,True,recorded,True,True,62.32421875,,,,31.9,0.4,,True,0.8214492797851562,18.8048095703125,0.4861109256744385,12.61419677734375,12.601775,9.221657,21.823432,25.949214697946978,,,,,,,0.3353383541107178,6.19061279296875,9.342384,6.119063999999998,15.461447999999997,18.460795543013884,12.61419677734375,,6.19061279296875,25.949214697946978,,18.460795543013884
single,r-base,ml,blafs,file-removal,10,oneshot,True,,True,True,True,True,recorded,True,True,62.55859375,,,,31.4,1.4,,True,0.7854170799255371,18.571533203125,0.47505664825439453,12.0716552734375,11.998625999999998,7.657207,19.655832999999998,25.410980601566248,,,,,,,0.3103604316711426,6.4998779296875,6.536909000000001,4.270496999999999,10.807406,20.94299809640283,12.0716552734375,,6.4998779296875,25.410980601566248,,20.94299809640283
single,r-base,ml,blafs,file-removal,11,oneshot,True,,True,True,True,True,recorded,True,True,62.3828125,,,,31.4,0.4,,True,0.7724580764770508,18.50164794921875,0.4589860439300537,12.0296630859375,11.718659,7.356731999999999,19.075391,26.20921321034924,,,,,,,0.31347203254699707,6.47198486328125,6.502241999999999,4.371021999999998,10.873263999999997,20.646131684206765,12.0296630859375,,6.47198486328125,26.20921321034924,,20.646131684206765
single,r-base,ml,blafs,file-removal,12,oneshot,True,,,,True,True,posthoc,True,True,62.57421875,,,,30.8,0.8,,True,0.8375048637390137,17.65667724609375,0.51662278175354,11.40667724609375,13.755091,9.178016,22.933107,22.07931521598174,,,,,,,0.32088208198547363,6.25,6.489303,4.203175000000002,10.692478000000001,19.47755998505064,11.40667724609375,,6.25,22.07931521598174,,19.47755998505064
single,r-base,ml,blafs,file-removal,13,oneshot,True,,True,True,True,True,recorded,True,True,62.34375,,,,31.1,0.8,,True,0.8005030155181885,18.68511962890625,0.48924779891967773,12.2030029296875,12.13742,7.788249,19.925669,24.94237676006577,,,,,,,0.31125521659851074,6.48211669921875,6.448836,4.160695000000002,10.609531000000002,20.82572870603501,12.2030029296875,,6.48211669921875,24.94237676006577,,20.82572870603501
single,r-base,ml,blafs,file-removal,14,oneshot,True,,True,True,True,True,recorded,True,True,62.4453125,,,,31.3,0.2,,True,0.7977697849273682,18.19329833984375,0.4842836856842041,11.7054443359375,11.625947,7.208111,18.834058,24.170635274239835,,,,,,,0.31348609924316406,6.48785400390625,6.426925000000001,4.1229140000000015,10.549839000000002,20.695826767341824,11.7054443359375,,6.48785400390625,24.170635274239835,,20.695826767341824
single,r-base,ml,blafs,file-removal,15,oneshot,True,,True,True,True,True,recorded,True,True,62.765625,,,,30.6,0.4,,True,0.7893695831298828,19.4622802734375,0.4748575687408447,12.92547607421875,12.788236,9.058632,21.846868,27.219690545298807,,,,,,,0.3145120143890381,6.53680419921875,6.532209999999999,4.148365000000002,10.680575000000001,20.78395705142443,12.92547607421875,,6.53680419921875,27.219690545298807,,20.78395705142443
single,r-base,ml,blafs,file-removal,16,oneshot,True,,True,True,True,True,recorded,True,True,62.59375,,,,29.6,0.0,,True,0.7688562870025635,19.31878662109375,0.4585237503051758,12.71832275390625,12.375274,8.10557,20.480843999999998,27.73754411945166,,,,,,,0.3103325366973877,6.6004638671875,6.635968999999999,4.267017999999998,10.902986999999998,21.26900368691847,12.71832275390625,,6.6004638671875,27.73754411945166,,21.26900368691847
single,r-base,ml,blafs,file-removal,17,oneshot,True,,True,True,True,True,recorded,True,True,62.609375,,,,31.2,1.0,,True,0.7897803783416748,18.24151611328125,0.4804990291595459,11.702880859375,11.515533999999999,7.567607,19.083140999999998,24.355680551207005,,,,,,,0.3092813491821289,6.53863525390625,6.579022999999999,4.248829000000001,10.827852,21.1413823406978,11.702880859375,,6.53863525390625,24.355680551207005,,21.1413823406978
single,r-base,ml,blafs,file-removal,18,oneshot,True,,True,True,True,True,recorded,True,True,62.66015625,,,,43.8,0.0,,True,0.7320146560668945,16.73175048828125,0.41809773445129395,10.21661376953125,13.241909,8.681924,21.923833000000002,24.435946257731825,,,,,,,0.3139169216156006,6.51513671875,6.500288000000001,4.365893999999999,10.866182,20.7543342525764,10.21661376953125,,6.51513671875,24.435946257731825,,20.7543342525764
single,r-base,ml,blafs,file-removal,19,oneshot,True,,True,True,True,True,recorded,True,True,62.6328125,,,,31.1,1.0,,True,0.8094625473022461,18.14129638671875,0.49899840354919434,11.63677978515625,11.514985,7.149030000000001,18.664015,23.320274578812406,,,,,,,0.31046414375305176,6.5045166015625,9.813268,6.590682000000001,16.403950000000002,20.95094307166208,11.63677978515625,,6.5045166015625,23.320274578812406,,20.95094307166208
single,r-base,ml,blafs,file-removal,2,oneshot,True,,True,True,True,True,recorded,True,True,62.609375,,,,31.8,1.4,,True,0.8140556812286377,18.4776611328125,0.5012235641479492,11.9893798828125,11.758576,8.333047,20.091623,23.92022390885342,,,,,,,0.3128321170806885,6.48828125,9.845555999999998,6.423445000000001,16.269001,20.740457567297938,11.9893798828125,,6.48828125,23.92022390885342,,20.740457567297938
single,r-base,ml,blafs,file-removal,3,oneshot,True,,True,True,True,True,recorded,True,True,62.625,,,,31.8,0.6,,True,0.8171486854553223,17.672119140625,0.49367594718933105,11.386962890625,11.267733,7.469097,18.736829999999998,23.065662719553064,,,,,,,0.3234727382659912,6.28515625,9.336645999999998,6.026718000000001,15.363363999999999,19.430250238991466,11.386962890625,,6.28515625,23.065662719553064,,19.430250238991466
single,r-base,ml,blafs,file-removal,4,oneshot,True,,True,True,True,True,recorded,True,True,62.640625,,,,31.2,1.0,,True,0.7870891094207764,18.065673828125,0.4764268398284912,11.56536865234375,11.391877000000001,7.409038,18.800915,24.275224830967048,,,,,,,0.31066226959228516,6.50030517578125,6.52458,4.3458760000000005,10.870456,20.924025258401304,11.56536865234375,,6.50030517578125,24.275224830967048,,20.924025258401304
single,r-base,ml,blafs,file-removal,5,oneshot,True,,True,True,True,True,recorded,True,True,62.4140625,,,,31.3,1.0,,True,0.7667980194091797,19.20037841796875,0.4539520740509033,12.5531005859375,12.287749000000002,7.752727,20.040476,27.652920436992815,,,,,,,0.31284594535827637,6.64727783203125,6.676924,4.380238,11.057162,21.247767249847772,12.5531005859375,,6.64727783203125,27.652920436992815,,21.247767249847772
single,r-base,ml,blafs,file-removal,6,oneshot,True,,True,True,True,True,recorded,True,True,62.2421875,,,,30.9,0.4,,True,0.7955126762390137,18.388427734375,0.48081016540527344,11.89398193359375,11.793976,7.55064,19.344616000000002,24.737376181654454,,,,,,,0.31470251083374023,6.49444580078125,6.528669999999998,4.2172740000000015,10.745944,20.636777836870568,11.89398193359375,,6.49444580078125,24.737376181654454,,20.636777836870568
single,r-base,ml,blafs,file-removal,7,oneshot,True,,True,True,True,True,recorded,True,True,62.42578125,,,,31.4,0.6,,True,0.7812545299530029,18.6124267578125,0.47170138359069824,12.1077880859375,11.821747000000002,7.473980000000001,19.295727000000003,25.66833277818747,,,,,,,0.3095531463623047,6.504638671875,6.542096999999998,4.207080999999999,10.749177999999997,21.012994855047907,12.1077880859375,,6.504638671875,25.66833277818747,,21.012994855047907
single,r-base,ml,blafs,file-removal,8,oneshot,True,,True,True,True,True,recorded,True,True,62.3828125,,,,31.1,0.4,,True,0.7704885005950928,18.81683349609375,0.4580066204071045,12.3240966796875,12.085968000000001,7.595744,19.681712,26.908119076386022,,,,,,,0.3124818801879883,6.49273681640625,6.525679999999998,4.262806999999999,10.788486999999996,20.777962589383538,12.3240966796875,,6.49273681640625,26.908119076386022,,20.777962589383538
single,r-base,ml,blafs,file-removal,9,oneshot,True,,True,True,True,True,recorded,True,True,62.41796875,,,,30.9,0.8,,True,0.7763135433197021,19.10247802734375,0.4647104740142822,12.56231689453125,9.550329000000001,5.5930029999999995,15.143332000000001,27.032566720553763,,,,,,,0.3116030693054199,6.5401611328125,6.572614999999999,4.239369,10.811983999999999,20.988757098544866,12.56231689453125,,6.5401611328125,27.032566720553763,,20.988757098544866
single,r-base,ml,confine,syscall-restriction,0,oneshot,True,,True,True,True,True,recorded,True,True,62.41796875,,,,29.2,0.0,,True,0.7408890724182129,19.03643798828125,0.4316282272338867,12.53997802734375,12.341460000000001,7.635967000000001,19.977427000000002,29.052729261260065,,,,,,,0.30926084518432617,6.4964599609375,6.521956000000003,4.238576,10.760532000000003,21.00640951513105,12.53997802734375,,6.4964599609375,29.052729261260065,,21.00640951513105
single,r-base,ml,confine,syscall-restriction,1,oneshot,True,,True,True,True,True,recorded,True,True,62.55078125,,,,36.3,0.0,,True,0.7217209339141846,19.78662109375,0.4114084243774414,9.912109375,12.955472,9.078285,22.033757,24.09311231290262,,,,,,,0.31031250953674316,9.87451171875,6.634015999999999,4.292408999999999,10.926424999999998,31.821184822653077,9.912109375,,9.87451171875,24.09311231290262,,31.821184822653077
single,r-base,ml,confine,syscall-restriction,10,oneshot,True,,True,True,True,True,recorded,True,True,62.75390625,,,,29.8,0.4,,True,0.7533411979675293,19.03497314453125,0.4421060085296631,12.543212890625,12.171842999999999,7.275066999999999,19.44691,28.371505133668443,,,,,,,0.3112351894378662,6.49176025390625,6.552657,4.4895520000000015,11.042209000000001,20.85805356917149,12.543212890625,,6.49176025390625,28.371505133668443,,20.85805356917149
single,r-base,ml,confine,syscall-restriction,11,oneshot,True,,True,True,True,True,recorded,True,True,62.796875,,,,40.6,0.0,,True,0.7184047698974609,16.18890380859375,0.40894508361816406,9.65570068359375,12.625639,7.899272,20.524911,23.611240409505374,,,,,,,0.3094596862792969,6.533203125,6.583905999999999,4.2719010000000015,10.855807,21.111645279390554,9.65570068359375,,6.533203125,23.611240409505374,,21.111645279390554
single,r-base,ml,confine,syscall-restriction,12,oneshot,True,,True,True,True,True,recorded,True,True,62.6015625,,,,29.5,0.0,,True,0.7548325061798096,18.45452880859375,0.44153857231140137,11.9320068359375,11.716096,7.187116,18.903212,27.023702082187018,,,,,,,0.3132939338684082,6.52252197265625,6.555646999999997,4.360949999999999,10.916596999999996,20.819177352459953,11.9320068359375,,6.52252197265625,27.023702082187018,,20.819177352459953
single,r-base,ml,confine,syscall-restriction,13,oneshot,True,,True,True,True,True,recorded,True,True,62.48828125,,,,26.8,0.6,,True,0.8362936973571777,22.0142822265625,0.509512186050415,12.40472412109375,15.261678999999999,9.546302,24.807980999999998,24.346275635233447,,,,,,,0.3267815113067627,9.60955810546875,6.593917000000001,4.222828000000002,10.816745000000003,29.406676243834,12.40472412109375,,9.60955810546875,24.346275635233447,,29.406676243834
single,r-base,ml,confine,syscall-restriction,14,oneshot,True,,True,True,True,True,recorded,True,True,62.671875,,,,31.0,0.8,,True,0.7887611389160156,19.62744140625,0.47545909881591797,13.1024169921875,12.804838000000002,8.381264999999999,21.186103000000003,27.55740088856796,,,,,,,0.31330204010009766,6.5250244140625,6.572004999999997,4.292652999999998,10.864657999999995,20.826625999555585,13.1024169921875,,6.5250244140625,27.55740088856796,,20.826625999555585
single,r-base,ml,confine,syscall-restriction,15,oneshot,True,,True,True,True,True,recorded,True,True,62.68359375,,,,32.0,0.0,,True,0.743919849395752,19.591552734375,0.4292469024658203,9.76458740234375,12.363982,7.855937000000001,20.219919,22.74818372887682,,,,,,,0.31467294692993164,9.82696533203125,6.573468999999999,4.230336000000001,10.803805,31.229139422078838,9.76458740234375,,9.82696533203125,22.74818372887682,,31.229139422078838
single,r-base,ml,confine,syscall-restriction,16,oneshot,True,,True,True,True,True,recorded,True,True,63.02734375,,,,30.4,0.2,,True,0.762620210647583,18.475341796875,0.45141005516052246,12.01983642578125,11.834565000000001,7.577923,19.412488000000003,26.627312104306068,,,,,,,0.31121015548706055,6.45550537109375,6.492781000000001,4.563953,11.056734,20.743234940358995,12.01983642578125,,6.45550537109375,26.627312104306068,,20.743234940358995
single,r-base,ml,confine,syscall-restriction,17,oneshot,True,,True,True,True,True,recorded,True,True,62.53515625,,,,28.6,0.2,,True,0.7550327777862549,18.7532958984375,0.4416937828063965,12.3048095703125,11.90445,7.315716000000001,19.220166000000003,27.858235839615503,,,,,,,0.3133389949798584,6.448486328125,6.517074000000001,4.221058999999999,10.738133,20.579903655271224,12.3048095703125,,6.448486328125,27.858235839615503,,20.579903655271224
single,r-base,ml,confine,syscall-restriction,18,oneshot,True,,True,True,True,True,recorded,True,True,62.5625,,,,27.8,0.0,,True,0.7600841522216797,18.47491455078125,0.44832897186279297,11.9134521484375,11.772979999999999,7.566875,19.339855,26.5730142286756,,,,,,,0.3117551803588867,6.56146240234375,6.594770999999998,4.216908000000002,10.811679,21.04684321457086,11.9134521484375,,6.56146240234375,26.5730142286756,,21.04684321457086
single,r-base,ml,confine,syscall-restriction,19,oneshot,True,,True,True,True,True,recorded,True,True,62.69140625,,,,31.2,0.4,,True,0.7947256565093994,17.8228759765625,0.48401904106140137,11.3323974609375,11.228365,7.554546,18.782911,23.413123244256628,,,,,,,0.31070661544799805,6.490478515625,6.563948,4.236988,10.800936,20.88941204636594,11.3323974609375,,6.490478515625,23.413123244256628,,20.88941204636594
single,r-base,ml,confine,syscall-restriction,2,oneshot,True,,True,True,True,True,recorded,True,True,62.44140625,,,,28.9,0.0,,True,0.7596673965454102,18.53924560546875,0.44890737533569336,12.0439453125,11.944061000000001,8.245035,20.189096,26.8294663314309,,,,,,,0.3107600212097168,6.49530029296875,6.532149,4.222829000000001,10.754978000000001,20.901338169832947,12.0439453125,,6.49530029296875,26.8294663314309,,20.901338169832947
single,r-base,ml,confine,syscall-restriction,3,oneshot,True,,True,True,True,True,recorded,True,True,62.47265625,,,,31.3,0.6,,True,0.763714075088501,18.32177734375,0.45366787910461426,11.80828857421875,11.567353,7.596477,19.16383,26.02848717772192,,,,,,,0.3100461959838867,6.51348876953125,6.548201000000002,4.237904,10.786105000000003,21.0081234793468,11.80828857421875,,6.51348876953125,26.02848717772192,,21.0081234793468
single,r-base,ml,confine,syscall-restriction,4,oneshot,True,,True,True,True,True,recorded,True,True,62.5859375,,,,25.2,0.0,,True,0.7918636798858643,18.9957275390625,0.45615386962890625,12.608642578125,12.751736999999999,8.457559,21.209296,27.64120490391209,,,,,,,0.335709810256958,6.3870849609375,6.168196999999999,3.9252219999999998,10.093418999999999,19.0256130914039,12.608642578125,,6.3870849609375,27.64120490391209,,19.0256130914039
single,r-base,ml,confine,syscall-restriction,5,oneshot,True,,True,True,True,True,recorded,True,True,62.40234375,,,,36.1,0.3,,True,0.7492179870605469,19.0775146484375,0.43645644187927246,9.341064453125,12.215057000000002,7.484722,19.699779,21.40205426434929,,,,,,,0.3127615451812744,9.7364501953125,6.51219,4.258656000000002,10.770846000000002,31.130586049731022,9.341064453125,,9.7364501953125,21.40205426434929,,31.130586049731022
single,r-base,ml,confine,syscall-restriction,6,oneshot,True,,True,True,True,True,recorded,True,True,62.7265625,,,,38.1,0.0,,True,0.7110629081726074,17.08331298828125,0.40245890617370605,10.4490966796875,10.11826,7.628764,17.747024,25.96313938988232,,,,,,,0.30860400199890137,6.63421630859375,10.061986000000001,6.593733,16.655719,21.497505753724372,10.4490966796875,,6.63421630859375,25.96313938988232,,21.497505753724372
single,r-base,ml,confine,syscall-restriction,7,oneshot,True,,True,True,True,True,recorded,True,True,63.05078125,,,,26.0,0.4,,True,0.7437019348144531,19.18927001953125,0.4292576313018799,12.697265625,12.558378999999999,8.994299999999999,21.552678999999998,29.57959206570405,,,,,,,0.31444430351257324,6.49200439453125,6.520978999999997,4.258473,10.779451999999997,20.645959624680124,12.697265625,,6.49200439453125,29.57959206570405,,20.645959624680124
single,r-base,ml,confine,syscall-restriction,8,oneshot,True,,True,True,True,True,recorded,True,True,62.61328125,,,,30.5,0.4,,True,0.7698671817779541,18.62969970703125,0.4564027786254883,12.164794921875,11.788238999999999,7.305401,19.09364,26.65363904775238,,,,,,,0.3134644031524658,6.46490478515625,6.488875,4.229602999999999,10.718478,20.624047643495224,12.164794921875,,6.46490478515625,26.65363904775238,,20.624047643495224
single,r-base,ml,confine,syscall-restriction,9,oneshot,True,,True,True,True,True,recorded,True,True,62.7578125,,,,34.3,0.3,,True,0.7559788227081299,18.95843505859375,0.4450681209564209,9.21759033203125,11.771454000000002,7.214276000000001,18.985730000000004,20.710515757055976,,,,,,,0.310910701751709,9.7408447265625,6.5173179999999995,4.548632999999999,11.065950999999998,31.330040013680414,9.21759033203125,,9.7408447265625,20.710515757055976,,31.330040013680414
single,r-base,ml,slim,file-removal,0,oneshot,False,RuntimeError: no COLD/STEADY markers,,,,,none,False,False,,,,,,,,False,,,,,,,,,,,,,,,,,,,,,,,,,,
single,r-base,ml,slim,file-removal,1,oneshot,False,RuntimeError: no COLD/STEADY markers,,,,,none,False,False,,,,,,,,False,,,,,,,,,,,,,,,,,,,,,,,,,,
single,r-base,ml,slim,file-removal,10,oneshot,False,RuntimeError: no COLD/STEADY markers,,,,,none,False,False,,,,,,,,False,,,,,,,,,,,,,,,,,,,,,,,,,,
single,r-base,ml,slim,file-removal,11,oneshot,False,RuntimeError: no COLD/STEADY markers,,,,,none,False,False,,,,,,,,False,,,,,,,,,,,,,,,,,,,,,,,,,,
single,r-base,ml,slim,file-removal,12,oneshot,False,RuntimeError: no COLD/STEADY markers,,,,,none,False,False,,,,,,,,False,,,,,,,,,,,,,,,,,,,,,,,,,,
single,r-base,ml,slim,file-removal,13,oneshot,False,RuntimeError: no COLD/STEADY markers,,,,,none,False,False,,,,,,,,False,,,,,,,,,,,,,,,,,,,,,,,,,,
single,r-base,ml,slim,file-removal,14,oneshot,False,RuntimeError: no COLD/STEADY markers,,,,,none,False,False,,,,,,,,False,,,,,,,,,,,,,,,,,,,,,,,,,,
single,r-base,ml,slim,file-removal,15,oneshot,False,RuntimeError: no COLD/STEADY markers,,,,,none,False,False,,,,,,,,False,,,,,,,,,,,,,,,,,,,,,,,,,,
single,r-base,ml,slim,file-removal,16,oneshot,False,RuntimeError: no COLD/STEADY markers,,,,,none,False,False,,,,,,,,False,,,,,,,,,,,,,,,,,,,,,,,,,,
single,r-base,ml,slim,file-removal,17,oneshot,False,RuntimeError: no COLD/STEADY markers,,,,,none,False,False,,,,,,,,False,,,,,,,,,,,,,,,,,,,,,,,,,,
single,r-base,ml,slim,file-removal,18,oneshot,False,RuntimeError: no COLD/STEADY markers,,,,,none,False,False,,,,,,,,False,,,,,,,,,,,,,,,,,,,,,,,,,,
single,r-base,ml,slim,file-removal,19,oneshot,False,RuntimeError: no COLD/STEADY markers,,,,,none,False,False,,,,,,,,False,,,,,,,,,,,,,,,,,,,,,,,,,,
single,r-base,ml,slim,file-removal,2,oneshot,False,RuntimeError: no COLD/STEADY markers,,,,,none,False,False,,,,,,,,False,,,,,,,,,,,,,,,,,,,,,,,,,,
single,r-base,ml,slim,file-removal,3,oneshot,False,RuntimeError: no COLD/STEADY markers,,,,,none,False,False,,,,,,,,False,,,,,,,,,,,,,,,,,,,,,,,,,,
single,r-base,ml,slim,file-removal,4,oneshot,False,RuntimeError: no COLD/STEADY markers,,,,,none,False,False,,,,,,,,False,,,,,,,,,,,,,,,,,,,,,,,,,,
single,r-base,ml,slim,file-removal,5,oneshot,False,RuntimeError: no COLD/STEADY markers,,,,,none,False,False,,,,,,,,False,,,,,,,,,,,,,,,,,,,,,,,,,,
single,r-base,ml,slim,file-removal,6,oneshot,False,RuntimeError: no COLD/STEADY markers,,,,,none,False,False,,,,,,,,False,,,,,,,,,,,,,,,,,,,,,,,,,,
single,r-base,ml,slim,file-removal,7,oneshot,False,RuntimeError: no COLD/STEADY markers,,,,,none,False,False,,,,,,,,False,,,,,,,,,,,,,,,,,,,,,,,,,,
single,r-base,ml,slim,file-removal,8,oneshot,False,RuntimeError: no COLD/STEADY markers,,,,,none,False,False,,,,,,,,False,,,,,,,,,,,,,,,,,,,,,,,,,,
single,r-base,ml,slim,file-removal,9,oneshot,False,RuntimeError: no COLD/STEADY markers,,,,,none,False,False,,,,,,,,False,,,,,,,,,,,,,,,,,,,,,,,,,,
single,rocker-r-ver,ml,baseline,control,0,oneshot,True,,True,True,True,True,recorded,True,True,62.59375,,,,31.2,0.2,,True,0.7711384296417236,19.0484619140625,0.45702219009399414,12.5360107421875,12.135162000000001,7.489422,19.624584000000002,27.429763836213866,,,,,,,0.3141162395477295,6.512451171875,6.5821369999999995,4.226735,10.808872,20.7326153568238,12.5360107421875,,6.512451171875,27.429763836213866,,20.7326153568238
single,rocker-r-ver,ml,baseline,control,1,oneshot,True,,True,True,True,True,recorded,True,True,62.18359375,,,,32.1,1.8,,True,0.7821030616760254,19.06494140625,0.46439456939697266,12.54595947265625,12.336517,7.173138999999999,19.509656,27.01573252449415,,,,,,,0.31770849227905273,6.51898193359375,6.587691000000003,4.390490999999999,10.978182000000002,20.51875254208797,12.54595947265625,,6.51898193359375,27.01573252449415,,20.51875254208797
single,rocker-r-ver,ml,baseline,control,10,oneshot,True,,True,True,True,True,recorded,True,True,62.42578125,,,,31.0,0.2,,True,0.7626972198486328,19.6695556640625,0.44757795333862305,13.0745849609375,12.813932000000001,7.808024,20.621956,29.211861003005414,,,,,,,0.31511926651000977,6.594970703125,6.630414999999999,4.325489000000001,10.955904,20.9284909049365,13.0745849609375,,6.594970703125,29.211861003005414,,20.9284909049365
single,rocker-r-ver,ml,baseline,control,11,oneshot,True,,True,True,True,True,recorded,True,True,62.41015625,,,,31.5,0.2,,True,0.7978549003601074,19.39239501953125,0.47166895866394043,12.97369384765625,12.953396999999999,8.455484,21.408881,27.505931033506663,,,,,,,0.326185941696167,6.418701171875,6.346907000000002,4.0676770000000015,10.414584000000003,19.678043567720152,12.97369384765625,,6.418701171875,27.505931033506663,,19.678043567720152
single,rocker-r-ver,ml,baseline,control,12,oneshot,True,,True,True,True,True,recorded,True,True,62.609375,,,,31.8,1.6,,True,0.8101778030395508,19.73162841796875,0.49722814559936523,13.19561767578125,12.471953,7.797893,20.269846,26.538356270792118,,,,,,,0.31294965744018555,6.5360107421875,9.841405000000002,6.676495999999998,16.517901000000002,20.885182606204754,13.19561767578125,,6.5360107421875,26.538356270792118,,20.885182606204754
single,rocker-r-ver,ml,baseline,control,13,oneshot,True,,True,True,True,True,recorded,True,True,62.32421875,,,,30.4,0.4,,True,0.766089916229248,19.126708984375,0.45174717903137207,12.62286376953125,12.40219,7.750469000000001,20.152659,27.94231896831533,,,,,,,0.314342737197876,6.50384521484375,6.536664999999999,4.254932999999999,10.791597999999999,20.690298980089484,12.62286376953125,,6.50384521484375,27.94231896831533,,20.690298980089484
single,rocker-r-ver,ml,baseline,control,14,oneshot,True,,True,True,True,True,recorded,True,True,62.28125,,,,38.2,0.0,,True,0.7258355617523193,20.04449462890625,0.4080626964569092,10.26434326171875,13.855677,8.223855,22.079532,25.15383873811815,,,,,,,0.31777286529541016,9.7801513671875,6.544538999999997,4.300954000000001,10.845492999999998,30.777175886605704,10.26434326171875,,9.7801513671875,25.15383873811815,,30.777175886605704
single,rocker-r-ver,ml,baseline,control,15,oneshot,True,,True,True,True,True,recorded,True,True,62.58984375,,,,31.2,1.2,,True,0.7833333015441895,18.9794921875,0.46840929985046387,12.46661376953125,12.122406000000002,7.6088059999999995,19.731212,26.61478705378207,,,,,,,0.3149240016937256,6.51287841796875,6.5497879999999995,4.533619000000002,11.083407000000001,20.68079404218529,12.46661376953125,,6.51287841796875,26.61478705378207,,20.68079404218529
single,rocker-r-ver,ml,baseline,control,16,oneshot,True,,True,True,True,True,recorded,True,True,62.65625,,,,31.3,0.2,,True,0.7804055213928223,19.5634765625,0.46610188484191895,13.07745361328125,12.504607000000002,7.278058,19.782665,28.057070864917318,,,,,,,0.3143036365509033,6.48602294921875,6.524884999999998,4.545093000000001,11.069977999999999,20.636168961946773,13.07745361328125,,6.48602294921875,28.057070864917318,,20.636168961946773
single,rocker-r-ver,ml,baseline,control,17,oneshot,True,,True,True,True,True,recorded,True,True,62.4765625,,,,30.0,0.2,,True,0.7685410976409912,19.30255126953125,0.45290303230285645,12.7763671875,12.534696999999998,7.257854999999999,19.792551999999997,28.20993960348766,,,,,,,0.31563806533813477,6.52618408203125,6.557478,4.232778,10.790256,20.676162981292894,12.7763671875,,6.52618408203125,28.20993960348766,,20.676162981292894
single,rocker-r-ver,ml,baseline,control,18,oneshot,True,,True,True,True,True,recorded,True,True,62.3515625,,,,31.3,0.6,,True,0.7863101959228516,18.4764404296875,0.47255897521972656,11.97723388671875,11.815765000000003,7.492107000000001,19.307872000000003,25.34547964336023,,,,,,,0.313751220703125,6.49920654296875,6.538252999999997,4.402393,10.940645999999997,20.71452193366404,11.97723388671875,,6.49920654296875,25.34547964336023,,20.71452193366404
single,rocker-r-ver,ml,baseline,control,19,oneshot,True,,True,True,True,True,recorded,True,True,62.30078125,,,,32.1,0.6,,True,0.7876300811767578,19.0413818359375,0.47421741485595703,12.53033447265625,12.265227,7.09123,19.356457,26.42318497827062,,,,,,,0.3134126663208008,6.51104736328125,6.548933999999999,4.403248000000001,10.952182,20.774678444606053,12.53033447265625,,6.51104736328125,26.42318497827062,,20.774678444606053
single,rocker-r-ver,ml,baseline,control,2,oneshot,True,,True,True,True,True,recorded,True,True,62.28125,,,,31.2,1.0,,True,0.7782413959503174,19.0927734375,0.4604513645172119,12.61102294921875,12.349272,7.388104,19.737375999999998,27.38839304438057,,,,,,,0.31779003143310547,6.48175048828125,6.511824000000001,4.384815,10.896639,20.39633042940698,12.61102294921875,,6.48175048828125,27.38839304438057,,20.39633042940698
single,rocker-r-ver,ml,baseline,control,3,oneshot,True,,True,True,True,True,recorded,True,True,62.19140625,,,,31.2,0.6,,True,0.7840549945831299,18.947265625,0.4704861640930176,12.47711181640625,12.259428999999997,7.202435000000001,19.461864,26.519614748839796,,,,,,,0.3135688304901123,6.47015380859375,6.505293999999999,4.230763,10.736056999999999,20.63391887031888,12.47711181640625,,6.47015380859375,26.519614748839796,,20.63391887031888
single,rocker-r-ver,ml,baseline,control,4,oneshot,True,,True,True,True,True,recorded,True,True,62.3125,,,,30.4,0.4,,True,0.7670140266418457,19.38922119140625,0.44977426528930664,12.8717041015625,12.776701,7.565166,20.341867,28.61814268827293,,,,,,,0.31723976135253906,6.51751708984375,6.548872999999997,4.254262000000001,10.803134999999997,20.54445212686006,12.8717041015625,,6.51751708984375,28.61814268827293,,20.54445212686006
single,rocker-r-ver,ml,baseline,control,5,oneshot,True,,True,True,True,True,recorded,True,True,62.4140625,,,,31.3,1.2,,True,0.7876503467559814,18.8203125,0.4731266498565674,12.2955322265625,12.091277000000002,7.39494,19.486217000000003,25.987824254435893,,,,,,,0.31452369689941406,6.5247802734375,6.560592,4.2629280000000005,10.82352,20.744956064547818,12.2955322265625,,6.5247802734375,25.987824254435893,,20.744956064547818
single,rocker-r-ver,ml,baseline,control,6,oneshot,True,,True,True,True,True,recorded,True,True,62.22265625,,,,31.2,0.4,,True,0.7744948863983154,19.2608642578125,0.4604198932647705,12.69439697265625,12.395475999999999,7.5735280000000005,19.969003999999998,27.571347716194726,,,,,,,0.3140749931335449,6.56646728515625,6.595381,4.225026,10.820407,20.907322864651576,12.69439697265625,,6.56646728515625,27.571347716194726,,20.907322864651576
single,rocker-r-ver,ml,baseline,control,7,oneshot,True,,True,True,True,True,recorded,True,True,62.4375,,,,29.1,0.0,,True,0.7821636199951172,19.14154052734375,0.46741652488708496,12.5916748046875,12.12741,7.427472,19.554882,26.93887386144361,,,,,,,0.3147470951080322,6.54986572265625,6.593184000000001,4.450000000000001,11.043184000000002,20.809932242291566,12.5916748046875,,6.54986572265625,26.93887386144361,,20.809932242291566
single,rocker-r-ver,ml,baseline,control,8,oneshot,True,,True,True,True,True,recorded,True,True,62.3125,,,,31.2,0.8,,True,0.8095722198486328,18.67962646484375,0.4925968647003174,12.13238525390625,12.054413,7.401104,19.455517,24.629440671099815,,,,,,,0.31697535514831543,6.5472412109375,9.778233999999998,6.254194999999999,16.032428999999997,20.655363594037116,12.13238525390625,,6.5472412109375,24.629440671099815,,20.655363594037116
single,rocker-r-ver,ml,baseline,control,9,oneshot,True,,True,True,True,True,recorded,True,True,62.52734375,,,,31.0,0.4,,True,0.7890262603759766,18.97314453125,0.4721031188964844,12.46710205078125,12.261077,7.268536000000001,19.529613,26.407582478850024,,,,,,,0.3169231414794922,6.50604248046875,6.543562000000001,4.375477,10.919039000000001,20.528770635355293,12.46710205078125,,6.50604248046875,26.407582478850024,,20.528770635355293
single,rocker-r-ver,ml,blafs,file-removal,0,oneshot,True,,True,True,True,True,recorded,True,True,62.125,,,,31.2,1.0,,True,0.8048059940338135,18.46173095703125,0.4887278079986572,11.97747802734375,11.887298999999999,7.454692999999999,19.341991999999998,24.50746168177248,,,,,,,0.31607818603515625,6.4842529296875,6.449750999999999,4.149159999999998,10.598910999999998,20.514711916773276,11.97747802734375,,6.4842529296875,24.50746168177248,,20.514711916773276
single,rocker-r-ver,ml,blafs,file-removal,1,oneshot,True,,True,True,True,True,recorded,True,True,62.41796875,,,,31.3,0.2,,True,0.7882673740386963,19.406005859375,0.47273993492126465,12.91168212890625,12.87393,7.907695,20.781625,27.312442159253386,,,,,,,0.31552743911743164,6.49432373046875,6.531660000000002,4.202686999999999,10.734347000000001,20.58243729494385,12.91168212890625,,6.49432373046875,27.312442159253386,,20.58243729494385
single,rocker-r-ver,ml,blafs,file-removal,10,oneshot,True,,True,True,True,True,recorded,True,True,62.3203125,,,,31.5,0.6,,True,0.8379533290863037,18.68743896484375,0.5219950675964355,12.2010498046875,14.946738999999999,9.082802000000001,24.029541000000002,23.37387949060156,,,,,,,0.31595826148986816,6.48638916015625,6.508711000000002,4.243641999999998,10.752353,20.529259559697408,12.2010498046875,,6.48638916015625,23.37387949060156,,20.529259559697408
single,rocker-r-ver,ml,blafs,file-removal,11,oneshot,True,,True,True,True,True,recorded,True,True,62.51171875,,,,31.0,1.0,,True,0.763599157333374,19.21820068359375,0.45043182373046875,12.7042236328125,12.436736000000002,7.692118000000001,20.128854000000004,28.204542759870595,,,,,,,0.3131673336029053,6.51397705078125,6.545271,4.409535,10.954806,20.800308179782707,12.7042236328125,,6.51397705078125,28.204542759870595,,20.800308179782707
single,rocker-r-ver,ml,blafs,file-removal,12,oneshot,True,,True,True,True,True,recorded,True,True,62.33984375,,,,31.3,0.2,,True,0.776771068572998,19.189453125,0.4585247039794922,12.70501708984375,12.479582,7.572979,20.052561,27.708468005274565,,,,,,,0.31824636459350586,6.48443603515625,6.51689,4.224965000000001,10.741855000000001,20.375522728873214,12.70501708984375,,6.48443603515625,27.708468005274565,,20.375522728873214
single,rocker-r-ver,ml,blafs,file-removal,13,oneshot,True,,True,True,True,True,recorded,True,True,62.51171875,,,,31.7,1.8,,True,0.7781271934509277,19.036376953125,0.46108508110046387,12.528564453125,12.313934,7.379193000000001,19.693127,27.17191461329282,,,,,,,0.31704211235046387,6.5078125,6.541609000000001,4.261830000000002,10.803439000000003,20.526650077344144,12.528564453125,,6.5078125,27.17191461329282,,20.526650077344144
single,rocker-r-ver,ml,blafs,file-removal,14,oneshot,True,,True,True,True,True,recorded,True,True,62.3828125,,,,31.6,0.4,,True,0.761009693145752,19.7978515625,0.44646215438842773,13.283447265625,13.09219,8.62449,21.71668,29.752683704671263,,,,,,,0.3145475387573242,6.514404296875,6.547041,4.310108999999999,10.857149999999999,20.710396662492762,13.283447265625,,6.514404296875,29.752683704671263,,20.710396662492762
single,rocker-r-ver,ml,blafs,file-removal,15,oneshot,True,,True,True,True,True,recorded,True,True,62.078125,,,,30.7,0.0,,True,0.8010525703430176,18.72186279296875,0.484699010848999,12.23291015625,12.153228000000002,7.141888,19.295116,25.238157872084013,,,,,,,0.31635355949401855,6.48895263671875,6.450117000000002,4.147634,10.597751000000002,20.511710527604922,12.23291015625,,6.48895263671875,25.238157872084013,,20.511710527604922
single,rocker-r-ver,ml,blafs,file-removal,16,oneshot,True,,True,True,True,True,recorded,True,True,62.33984375,,,,29.3,0.4,,True,0.7876362800598145,18.83135986328125,0.4699416160583496,12.3402099609375,12.368803999999999,7.857646,20.22645,26.259027801030705,,,,,,,0.31769466400146484,6.49114990234375,6.528853000000002,4.218494999999999,10.747348,20.43203943240866,12.3402099609375,,6.49114990234375,26.259027801030705,,20.43203943240866
single,rocker-r-ver,ml,blafs,file-removal,17,oneshot,True,,True,True,True,True,recorded,True,True,62.56640625,,,,31.0,0.4,,True,0.7666735649108887,19.114990234375,0.45293688774108887,12.59918212890625,12.417691999999999,7.546917,19.964609,27.8166395140426,,,,,,,0.3137366771697998,6.51580810546875,6.5466750000000005,4.219716,10.766391,20.768397766711477,12.59918212890625,,6.51580810546875,27.8166395140426,,20.768397766711477
single,rocker-r-ver,ml,blafs,file-removal,18,oneshot,True,,True,True,True,True,recorded,True,True,62.31640625,,,,28.1,0.3,,True,0.8429505825042725,21.96075439453125,0.5265295505523682,12.17108154296875,15.205344999999998,9.178077,24.383421999999996,23.11566659497153,,,,,,,0.3164210319519043,9.7896728515625,6.533003000000001,4.214161000000001,10.747164000000001,30.938755212234188,12.17108154296875,,9.7896728515625,23.11566659497153,,30.938755212234188
single,rocker-r-ver,ml,blafs,file-removal,19,oneshot,True,,True,True,True,True,recorded,True,True,62.37109375,,,,31.2,1.0,,True,0.8215796947479248,18.4813232421875,0.5011246204376221,12.10223388671875,12.059294999999999,7.45512,19.514415,24.150148272799115,,,,,,,0.32045507431030273,6.37908935546875,9.561315999999998,6.134932999999998,15.696248999999996,19.906345278501526,12.10223388671875,,6.37908935546875,24.150148272799115,,19.906345278501526
single,rocker-r-ver,ml,blafs,file-removal,2,oneshot,True,,True,True,True,True,recorded,True,True,62.4921875,,,,30.6,0.4,,True,0.7581980228424072,20.46795654296875,0.44312143325805664,13.9169921875,13.545986,8.920082,22.466068,31.40672317557541,,,,,,,0.3150765895843506,6.55096435546875,6.582319000000002,4.214466999999999,10.796786,20.79165692414911,13.9169921875,,6.55096435546875,31.40672317557541,,20.79165692414911
single,rocker-r-ver,ml,blafs,file-removal,3,oneshot,True,,True,True,True,True,recorded,True,True,62.203125,,,,31.6,1.0,,True,0.7992241382598877,18.81243896484375,0.48556947708129883,12.30609130859375,12.249785000000001,7.01811,19.267895000000003,25.343626173877777,,,,,,,0.31365466117858887,6.50634765625,6.519880000000001,4.175831000000002,10.695711000000003,20.743666399860743,12.30609130859375,,6.50634765625,25.343626173877777,,20.743666399860743
single,rocker-r-ver,ml,blafs,file-removal,4,oneshot,True,,True,True,True,True,recorded,True,True,62.22265625,,,,31.2,0.8,,True,0.8286101818084717,19.2652587890625,0.5131819248199463,12.69580078125,15.476645000000001,9.505408,24.982053,24.739376363858522,,,,,,,0.3154282569885254,6.5694580078125,6.575118,4.4084970000000006,10.983615,20.827106837329044,12.69580078125,,6.5694580078125,24.739376363858522,,20.827106837329044
single,rocker-r-ver,ml,blafs,file-removal,5,oneshot,True,,True,True,True,True,recorded,True,True,62.5546875,,,,31.3,0.4,,True,0.788707971572876,18.9693603515625,0.47352170944213867,12.40673828125,12.226104,7.376018999999999,19.602123,26.200991493856787,,,,,,,0.3151862621307373,6.5626220703125,6.60472,4.245838999999998,10.850558999999999,20.82140898511105,12.40673828125,,6.5626220703125,26.200991493856787,,20.82140898511105
single,rocker-r-ver,ml,blafs,file-removal,6,oneshot,True,,True,True,True,True,recorded,True,True,62.6015625,,,,31.0,1.2,,True,0.7843160629272461,18.95880126953125,0.4681122303009033,12.48602294921875,12.240997000000002,7.200177,19.441174000000004,26.67313977503368,,,,,,,0.3162038326263428,6.4727783203125,6.544173000000001,4.232410999999999,10.776584,20.470271554112898,12.48602294921875,,6.4727783203125,26.67313977503368,,20.470271554112898
single,rocker-r-ver,ml,blafs,file-removal,7,oneshot,True,,True,True,True,True,recorded,True,True,62.47265625,,,,31.2,0.8,,True,0.7964563369750977,18.88995361328125,0.4818100929260254,12.37359619140625,12.278106000000001,7.223065,19.501171,25.681479846678986,,,,,,,0.31464624404907227,6.516357421875,6.561812,4.212696999999999,10.774508999999998,20.710107128622543,12.37359619140625,,6.516357421875,25.681479846678986,,20.710107128622543
single,rocker-r-ver,ml,blafs,file-removal,8,oneshot,True,,True,True,True,True,recorded,True,True,62.296875,,,,31.1,0.4,,True,0.7663192749023438,19.27532958984375,0.450883150100708,12.751220703125,12.337737,7.394207,19.731944,28.2805438621446,,,,,,,0.31543612480163574,6.52410888671875,6.561629,4.206166,10.767795,20.68282093822159,12.751220703125,,6.52410888671875,28.2805438621446,,20.68282093822159
single,rocker-r-ver,ml,blafs,file-removal,9,oneshot,True,,True,True,True,True,recorded,True,True,62.3359375,,,,31.2,0.2,,True,0.7887539863586426,19.1346435546875,0.47499752044677734,12.642822265625,12.454070000000002,7.263837,19.717907,26.616606869301766,,,,,,,0.31375646591186523,6.4918212890625,6.5305,4.222524,10.753024,20.690637466850053,12.642822265625,,6.4918212890625,26.616606869301766,,20.690637466850053
single,rocker-r-ver,ml,confine,syscall-restriction,0,oneshot,True,,True,True,True,True,recorded,True,True,62.76953125,,,,36.8,0.0,,True,0.746290922164917,19.409423828125,0.4310431480407715,9.64105224609375,12.503142,7.252972,19.756114,22.36679156115903,,,,,,,0.3152477741241455,9.76837158203125,6.528181,4.472582999999998,11.000763999999998,30.986330067423207,9.64105224609375,,9.76837158203125,22.36679156115903,,30.986330067423207
single,rocker-r-ver,ml,confine,syscall-restriction,1,oneshot,True,,True,True,True,True,recorded,True,True,62.37109375,,,,29.2,0.0,,True,0.762453556060791,19.329345703125,0.44697022438049316,12.8131103515625,12.712247999999999,8.561318,21.273566,28.666585943888425,,,,,,,0.31548333168029785,6.5162353515625,6.551924,4.240590000000001,10.792514,20.654769039163927,12.8131103515625,,6.5162353515625,28.666585943888425,,20.654769039163927
single,rocker-r-ver,ml,confine,syscall-restriction,10,oneshot,True,,True,True,True,True,recorded,True,True,62.453125,,,,41.9,0.4,,True,0.7290408611297607,16.63372802734375,0.41603851318359375,10.12322998046875,12.881985999999998,7.596172,20.478157999999997,24.332434761878563,,,,,,,0.313002347946167,6.510498046875,6.522504999999999,4.2375989999999994,10.760103999999998,20.800157217973123,10.12322998046875,,6.510498046875,24.332434761878563,,20.800157217973123
single,rocker-r-ver,ml,confine,syscall-restriction,11,oneshot,True,,True,True,True,True,recorded,True,True,62.55859375,,,,39.4,0.0,,True,0.7246246337890625,16.80657958984375,0.4107813835144043,10.2703857421875,13.22598,8.007975,21.233955,25.002072037247917,,,,,,,0.3138432502746582,6.53619384765625,6.589949000000001,4.245472999999999,10.835422,20.82630052402317,10.2703857421875,,6.53619384765625,25.002072037247917,,20.82630052402317
single,rocker-r-ver,ml,confine,syscall-restriction,12,oneshot,True,,True,True,True,True,recorded,True,True,62.7421875,,,,38.5,0.2,,True,0.706559419631958,17.1695556640625,0.392223596572876,10.666015625,9.973608,6.874006,16.847614,27.19371225544874,,,,,,,0.31433582305908203,6.5035400390625,9.850317,6.305465000000002,16.155782000000002,20.68978322537583,10.666015625,,6.5035400390625,27.19371225544874,,20.68978322537583
single,rocker-r-ver,ml,confine,syscall-restriction,13,oneshot,True,,True,True,True,True,recorded,True,True,62.74609375,,,,31.2,0.6,,True,0.7801311016082764,18.76220703125,0.46539735794067383,12.27362060546875,12.048553000000002,7.134931,19.183484,26.37234697630862,,,,,,,0.31473374366760254,6.48858642578125,6.524885000000001,4.249317999999999,10.774203,20.61611300450197,12.27362060546875,,6.48858642578125,26.37234697630862,,20.61611300450197
single,rocker-r-ver,ml,confine,syscall-restriction,14,oneshot,True,,True,True,True,True,recorded,True,True,62.4296875,,,,27.1,0.0,,True,0.7595324516296387,18.5302734375,0.4439432621002197,12.03631591796875,11.909209999999998,7.469463,19.378673,27.112284261342307,,,,,,,0.31558918952941895,6.49395751953125,6.528669999999998,4.2333880000000015,10.762058,20.577249585812854,12.03631591796875,,6.49395751953125,27.112284261342307,,20.577249585812854
single,rocker-r-ver,ml,confine,syscall-restriction,15,oneshot,True,,True,True,True,True,recorded,True,True,62.109375,,,,28.4,0.0,,True,0.7558631896972656,19.7415771484375,0.43872785568237305,13.22314453125,12.948942000000002,8.205972,21.154914,30.139742348211403,,,,,,,0.3171353340148926,6.5184326171875,6.577863999999998,4.259205999999999,10.837069999999997,20.554103936212282,13.22314453125,,6.5184326171875,30.139742348211403,,20.554103936212282
single,rocker-r-ver,ml,confine,syscall-restriction,16,oneshot,True,,True,True,True,True,recorded,True,True,62.30078125,,,,29.6,0.2,,True,0.7550764083862305,19.29656982421875,0.43767809867858887,12.8095703125,12.506193,7.347515,19.853707999999997,29.26710372571503,,,,,,,0.3173983097076416,6.48699951171875,6.514937,4.224049000000003,10.738986000000002,20.43804051034167,12.8095703125,,6.48699951171875,29.26710372571503,,20.43804051034167
single,rocker-r-ver,ml,confine,syscall-restriction,17,oneshot,True,,True,True,True,True,recorded,True,True,62.3984375,,,,35.2,0.0,,True,0.7531833648681641,20.49798583984375,0.4367868900299072,10.5843505859375,13.178616000000002,8.973854,22.15247,24.232299154429242,,,,,,,0.31639647483825684,9.91363525390625,6.679243,4.352771999999998,11.032014999999998,31.332951035482115,10.5843505859375,,9.91363525390625,24.232299154429242,,31.332951035482115
single,rocker-r-ver,ml,confine,syscall-restriction,18,oneshot,True,,True,True,True,True,recorded,True,True,62.265625,,,,36.1,0.3,,True,0.7422091960906982,19.32647705078125,0.4227488040924072,9.593505859375,12.464994999999998,7.271405000000001,19.7364,22.69315907343877,,,,,,,0.319460391998291,9.73297119140625,6.505537,4.2137340000000005,10.719271,30.466910562916723,9.593505859375,,9.73297119140625,22.69315907343877,,30.466910562916723
single,rocker-r-ver,ml,confine,syscall-restriction,19,oneshot,True,,True,True,True,True,recorded,True,True,62.28515625,,,,36.3,0.3,,True,0.7209579944610596,20.343017578125,0.4083590507507324,10.325927734375,13.6766,9.161475,22.838075,25.28639371502036,,,,,,,0.31259894371032715,10.01708984375,6.721540999999998,4.368885000000002,11.090426,32.04454156131901,10.325927734375,,10.01708984375,25.28639371502036,,32.04454156131901
single,rocker-r-ver,ml,confine,syscall-restriction,2,oneshot,True,,True,True,True,True,recorded,True,True,62.6015625,,,,28.1,0.0,,True,0.7429099082946777,19.62847900390625,0.4260835647583008,13.15289306640625,13.005520999999998,8.208169999999999,21.213690999999997,30.86928047522164,,,,,,,0.31682634353637695,6.4755859375,6.508955999999998,4.242604,10.751559999999998,20.438912576587857,13.15289306640625,,6.4755859375,30.86928047522164,,20.438912576587857
single,rocker-r-ver,ml,confine,syscall-restriction,3,oneshot,True,,True,True,True,True,recorded,True,True,62.2421875,,,,34.1,0.6,,True,0.7431871891021729,20.64788818359375,0.42603611946105957,10.70904541015625,13.398342,8.729592,22.127934,25.13647299131189,,,,,,,0.3171510696411133,9.9388427734375,6.6404250000000005,4.317127000000001,10.957552000000002,31.337881927008002,10.70904541015625,,9.9388427734375,25.13647299131189,,31.337881927008002
single,rocker-r-ver,ml,confine,syscall-restriction,4,oneshot,True,,True,True,True,True,recorded,True,True,62.28515625,,,,31.0,1.4,,True,0.7938413619995117,19.2911376953125,0.4751722812652588,12.8153076171875,12.775724,8.687356,21.463079999999998,26.969813102447194,,,,,,,0.31866908073425293,6.475830078125,6.448836,4.164052,10.612888,20.321488558613492,12.8153076171875,,6.475830078125,26.969813102447194,,20.321488558613492
single,rocker-r-ver,ml,confine,syscall-restriction,5,oneshot,True,,True,True,True,True,recorded,True,True,62.29296875,,,,29.7,0.0,,True,0.75459885597229,19.4915771484375,0.43772125244140625,12.94537353515625,12.623259000000001,7.446574999999999,20.069834,29.574468826800064,,,,,,,0.3168776035308838,6.54620361328125,6.577009,4.229175999999999,10.806185,20.658460996733833,12.94537353515625,,6.54620361328125,29.574468826800064,,20.658460996733833
single,rocker-r-ver,ml,confine,syscall-restriction,6,oneshot,True,,True,True,True,True,recorded,True,True,62.35546875,,,,29.3,0.0,,True,0.7814102172851562,18.507080078125,0.4604828357696533,11.994873046875,11.940338,7.484661000000001,19.424999,26.048469378509427,,,,,,,0.32092738151550293,6.51220703125,6.465621000000002,4.129567,10.595188000000002,20.291839856411308,11.994873046875,,6.51220703125,26.048469378509427,,20.291839856411308
single,rocker-r-ver,ml,confine,syscall-restriction,7,oneshot,True,,True,True,True,True,recorded,True,True,62.4296875,,,,36.7,0.3,,True,0.7365412712097168,20.40802001953125,0.4204216003417969,10.4075927734375,13.209256,8.983863,22.193119,24.755133335148034,,,,,,,0.3161196708679199,10.00042724609375,6.686934000000001,4.333789999999999,11.020724,31.634941345589645,10.4075927734375,,10.00042724609375,24.755133335148034,,31.634941345589645
single,rocker-r-ver,ml,confine,syscall-restriction,8,oneshot,True,,True,True,True,True,recorded,True,True,62.421875,,,,25.4,0.4,,True,0.7687137126922607,19.81903076171875,0.4405529499053955,13.29547119140625,13.266811999999998,9.252906,22.519717999999997,30.179053832828323,,,,,,,0.32816076278686523,6.5235595703125,6.450057000000001,4.124378999999999,10.574436,19.87915774851316,13.29547119140625,,6.5235595703125,30.179053832828323,,19.87915774851316
single,rocker-r-ver,ml,confine,syscall-restriction,9,oneshot,True,,True,True,True,True,recorded,True,True,62.15625,,,,41.6,0.2,,True,0.7270269393920898,16.62713623046875,0.4141809940338135,10.130859375,13.029508,7.468364,20.497872,24.45998131477014,,,,,,,0.31284594535827637,6.49627685546875,6.511945999999998,4.228138999999999,10.740084999999997,20.765098451345136,10.130859375,,6.49627685546875,24.45998131477014,,20.765098451345136
single,rocker-r-ver,ml,slim,file-removal,0,oneshot,False,RuntimeError: no COLD/STEADY markers,,,,,none,False,False,,,,,,,,False,,,,,,,,,,,,,,,,,,,,,,,,,,
single,rocker-r-ver,ml,slim,file-removal,1,oneshot,False,RuntimeError: no COLD/STEADY markers,,,,,none,False,False,,,,,,,,False,,,,,,,,,,,,,,,,,,,,,,,,,,
single,rocker-r-ver,ml,slim,file-removal,10,oneshot,False,RuntimeError: no COLD/STEADY markers,,,,,none,False,False,,,,,,,,False,,,,,,,,,,,,,,,,,,,,,,,,,,
single,rocker-r-ver,ml,slim,file-removal,11,oneshot,False,RuntimeError: no COLD/STEADY markers,,,,,none,False,False,,,,,,,,False,,,,,,,,,,,,,,,,,,,,,,,,,,
single,rocker-r-ver,ml,slim,file-removal,12,oneshot,False,RuntimeError: no COLD/STEADY markers,,,,,none,False,False,,,,,,,,False,,,,,,,,,,,,,,,,,,,,,,,,,,
single,rocker-r-ver,ml,slim,file-removal,13,oneshot,False,RuntimeError: no COLD/STEADY markers,,,,,none,False,False,,,,,,,,False,,,,,,,,,,,,,,,,,,,,,,,,,,
single,rocker-r-ver,ml,slim,file-removal,14,oneshot,False,RuntimeError: no COLD/STEADY markers,,,,,none,False,False,,,,,,,,False,,,,,,,,,,,,,,,,,,,,,,,,,,
single,rocker-r-ver,ml,slim,file-removal,15,oneshot,False,RuntimeError: no COLD/STEADY markers,,,,,none,False,False,,,,,,,,False,,,,,,,,,,,,,,,,,,,,,,,,,,
single,rocker-r-ver,ml,slim,file-removal,16,oneshot,False,RuntimeError: no COLD/STEADY markers,,,,,none,False,False,,,,,,,,False,,,,,,,,,,,,,,,,,,,,,,,,,,
single,rocker-r-ver,ml,slim,file-removal,17,oneshot,False,RuntimeError: no COLD/STEADY markers,,,,,none,False,False,,,,,,,,False,,,,,,,,,,,,,,,,,,,,,,,,,,
single,rocker-r-ver,ml,slim,file-removal,18,oneshot,False,RuntimeError: no COLD/STEADY markers,,,,,none,False,False,,,,,,,,False,,,,,,,,,,,,,,,,,,,,,,,,,,
single,rocker-r-ver,ml,slim,file-removal,19,oneshot,False,RuntimeError: no COLD/STEADY markers,,,,,none,False,False,,,,,,,,False,,,,,,,,,,,,,,,,,,,,,,,,,,
single,rocker-r-ver,ml,slim,file-removal,2,oneshot,False,RuntimeError: no COLD/STEADY markers,,,,,none,False,False,,,,,,,,False,,,,,,,,,,,,,,,,,,,,,,,,,,
single,rocker-r-ver,ml,slim,file-removal,3,oneshot,False,RuntimeError: no COLD/STEADY markers,,,,,none,False,False,,,,,,,,False,,,,,,,,,,,,,,,,,,,,,,,,,,
single,rocker-r-ver,ml,slim,file-removal,4,oneshot,False,RuntimeError: no COLD/STEADY markers,,,,,none,False,False,,,,,,,,False,,,,,,,,,,,,,,,,,,,,,,,,,,
single,rocker-r-ver,ml,slim,file-removal,5,oneshot,False,RuntimeError: no COLD/STEADY markers,,,,,none,False,False,,,,,,,,False,,,,,,,,,,,,,,,,,,,,,,,,,,
single,rocker-r-ver,ml,slim,file-removal,6,oneshot,False,RuntimeError: no COLD/STEADY markers,,,,,none,False,False,,,,,,,,False,,,,,,,,,,,,,,,,,,,,,,,,,,
single,rocker-r-ver,ml,slim,file-removal,7,oneshot,False,RuntimeError: no COLD/STEADY markers,,,,,none,False,False,,,,,,,,False,,,,,,,,,,,,,,,,,,,,,,,,,,
single,rocker-r-ver,ml,slim,file-removal,8,oneshot,False,RuntimeError: no COLD/STEADY markers,,,,,none,False,False,,,,,,,,False,,,,,,,,,,,,,,,,,,,,,,,,,,
single,rocker-r-ver,ml,slim,file-removal,9,oneshot,False,RuntimeError: no COLD/STEADY markers,,,,,none,False,False,,,,,,,,False,,,,,,,,,,,,,,,,,,,,,,,,,,
single,tensorflow,ml,baseline,control,0,oneshot,True,,True,True,True,True,recorded,True,True,197.13671875,,,,13.1,0.4,,False,4.633960962295532,141.1187744140625,2.5423741340637207,80.14813232421875,80.165566,54.675276,134.840842,31.524916514199386,,,,,,,2.0915868282318115,60.97064208984375,64.49312099999999,45.595343,110.08846399999999,29.15042362424284,80.14813232421875,,60.97064208984375,31.524916514199386,,29.15042362424284
single,tensorflow,ml,baseline,control,1,oneshot,True,,True,True,True,True,recorded,True,True,197.23046875,,,,13.0,0.6,,False,4.5990564823150635,141.923583984375,2.5182833671569824,77.82489013671875,81.14188200000001,51.775624,132.917506,30.90394478703134,,,,,,,2.080773115158081,64.09869384765625,61.180080000000004,42.490857999999996,103.670938,30.805229739229173,77.82489013671875,,64.09869384765625,30.90394478703134,,30.805229739229173
single,tensorflow,ml,baseline,control,10,oneshot,True,,True,True,True,True,recorded,True,True,196.984375,,,,13.4,0.4,,False,4.613783836364746,142.38336181640625,2.54795503616333,81.33172607421875,81.38828,53.893477,135.281757,31.920392989621497,,,,,,,2.065828800201416,61.0516357421875,61.37282900000001,41.582108,102.954937,29.5530954628162,81.33172607421875,,61.0516357421875,31.920392989621497,,29.5530954628162
single,tensorflow,ml,baseline,control,11,oneshot,True,,True,True,True,True,recorded,True,True,197.02734375,,,,13.2,0.2,,False,4.611516237258911,141.94866943359375,2.5503287315368652,80.86358642578125,80.854712,54.314802,135.169514,31.707122860609296,,,,,,,2.061187505722046,61.0850830078125,61.40395699999999,41.633987000000005,103.037944,29.63586905035796,80.86358642578125,,61.0850830078125,31.707122860609296,,29.63586905035796
single,tensorflow,ml,baseline,control,12,oneshot,True,,True,True,True,True,recorded,True,True,196.9375,,,,13.4,0.4,,False,4.638121604919434,141.14093017578125,2.554600238800049,80.19696044921875,80.141945,52.829515,132.97146,31.393154682741674,,,,,,,2.0835213661193848,60.9439697265625,64.45637799999999,42.972545999999994,107.42892399999998,29.250465446424627,80.19696044921875,,60.9439697265625,31.393154682741674,,29.250465446424627
single,tensorflow,ml,baseline,control,13,oneshot,True,,True,True,True,True,recorded,True,True,197.01171875,,,,13.1,0.4,,False,4.638269424438477,141.94140625,2.536013126373291,77.731689453125,81.030738,54.291731,135.322469,30.65113845222393,,,,,,,2.1022562980651855,64.209716796875,64.53346499999999,45.117622000000004,109.65108699999999,30.543239116929033,77.731689453125,,64.209716796875,30.65113845222393,,30.543239116929033
single,tensorflow,ml,baseline,control,14,oneshot,True,,True,True,True,True,recorded,True,True,196.94921875,,,,13.2,0.3,,False,4.644975423812866,145.81585693359375,2.5452017784118652,81.4705810546875,81.549779,54.54405,136.093829,32.00947828408436,,,,,,,2.099773645401001,64.34527587890625,64.633257,43.629222000000006,108.26247900000001,30.64391060428707,81.4705810546875,,64.34527587890625,32.00947828408436,,30.64391060428707
single,tensorflow,ml,baseline,control,15,oneshot,True,,True,True,True,True,recorded,True,True,197.0078125,,,,13.0,0.5,,False,4.5672607421875,142.36724853515625,2.523113489151001,78.33099365234375,81.72946599999999,56.169717000000006,137.899183,31.04537072515959,,,,,,,2.044147253036499,64.0362548828125,61.158778999999996,43.008313,104.167092,31.326635000335326,78.33099365234375,,64.0362548828125,31.04537072515959,,31.326635000335326
single,tensorflow,ml,baseline,control,16,oneshot,True,,True,True,True,True,recorded,True,True,197.453125,,,,13.2,0.6,,False,4.566587686538696,142.84716796875,2.521420478820801,78.65203857421875,81.989658,56.007547,137.997205,31.193543177297485,,,,,,,2.0451672077178955,64.19512939453125,61.282375,42.789198,104.071573,31.388694847187352,78.65203857421875,,64.19512939453125,31.193543177297485,,31.388694847187352
single,tensorflow,ml,baseline,control,17,oneshot,True,,True,True,True,True,recorded,True,True,197.33203125,,,,12.6,0.2,,False,4.617157220840454,142.5362548828125,2.5407910346984863,81.4931640625,79.102276,49.929377,129.031653,32.07393404242342,,,,,,,2.0763661861419678,61.0430908203125,61.360682999999995,41.921949999999995,103.28263299999999,29.399000632800128,81.4931640625,,61.0430908203125,32.07393404242342,,29.399000632800128
single,tensorflow,ml,baseline,control,18,oneshot,True,,True,True,True,True,recorded,True,True,196.9296875,,,,13.3,0.2,,False,4.6100547313690186,142.39093017578125,2.5363306999206543,78.1124267578125,81.255834,51.555288000000004,132.811122,30.797414059710803,,,,,,,2.0737240314483643,64.27850341796875,61.36361299999999,40.87544499999999,102.23905799999997,30.996652612968134,78.1124267578125,,64.27850341796875,30.797414059710803,,30.996652612968134
single,tensorflow,ml,baseline,control,19,oneshot,True,,True,True,True,True,recorded,True,True,197.4765625,,,,13.4,0.5,,False,4.633399963378906,142.04852294921875,2.5526468753814697,80.87939453125,80.920081,54.050094,134.97017499999998,31.684521392785015,,,,,,,2.0807530879974365,61.16912841796875,64.734393,45.311652,110.04604499999999,29.39759107931412,80.87939453125,,61.16912841796875,31.684521392785015,,29.39759107931412
single,tensorflow,ml,baseline,control,2,oneshot,True,,True,True,True,True,recorded,True,True,197.33984375,,,,13.1,0.3,,False,4.662346601486206,143.84228515625,2.579261541366577,79.6768798828125,79.691751,53.425156,133.116907,30.89135343777393,,,,,,,2.083085060119629,64.1654052734375,64.515094,44.497688999999994,109.012783,30.803065367744782,79.6768798828125,,64.1654052734375,30.89135343777393,,30.803065367744782
single,tensorflow,ml,baseline,control,3,oneshot,True,,True,True,True,True,recorded,True,True,197.12109375,,,,13.1,0.8,,False,4.563404083251953,143.69854736328125,2.503668785095215,79.52276611328125,79.65653400000001,51.92638,131.58291400000002,31.76249453869234,,,,,,,2.0597352981567383,64.17578125,64.527911,43.727855000000005,108.25576600000001,31.15729545802854,79.52276611328125,,64.17578125,31.76249453869234,,31.15729545802854
single,tensorflow,ml,baseline,control,4,oneshot,True,,True,True,True,True,recorded,True,True,197.00390625,,,,12.5,0.8,,False,4.594825029373169,141.557861328125,2.5400309562683105,80.613037109375,80.687781,51.824574,132.512355,31.737029389518835,,,,,,,2.0547940731048584,60.94482421875,61.298244,41.43013,102.728374,29.659820911718153,80.613037109375,,60.94482421875,31.737029389518835,,29.659820911718153
single,tensorflow,ml,baseline,control,5,oneshot,True,,True,True,True,True,recorded,True,True,197.015625,,,,13.2,0.7,,False,4.5627052783966064,141.797119140625,2.5165388584136963,77.65625,77.657882,50.046746999999996,127.704629,30.85835521290171,,,,,,,2.04616641998291,64.140869140625,64.460407,44.59009600000001,109.05050300000002,31.346848679669325,77.65625,,64.140869140625,30.85835521290171,,31.346848679669325
single,tensorflow,ml,baseline,control,6,oneshot,True,,True,True,True,True,recorded,True,True,197.11328125,,,,12.8,0.8,,False,4.592255115509033,143.114501953125,2.5308172702789307,82.3206787109375,82.563265,53.459702,136.022967,32.52731031895662,,,,,,,2.0614378452301025,60.7938232421875,61.118251000000015,41.096635,102.214886,29.49098047406884,82.3206787109375,,60.7938232421875,32.52731031895662,,29.49098047406884
single,tensorflow,ml,baseline,control,7,oneshot,True,,True,True,True,True,recorded,True,True,197.08984375,,,,13.3,0.2,,False,4.58500599861145,143.14801025390625,2.53068208694458,78.7005615234375,82.034031,54.655011,136.689042,31.098557155575655,,,,,,,2.05432391166687,64.44744873046875,61.55416299999999,42.995556,104.54971899999998,31.371610077875378,78.7005615234375,,64.44744873046875,31.098557155575655,,31.371610077875378
single,tensorflow,ml,baseline,control,8,oneshot,True,,True,True,True,True,recorded,True,True,196.9296875,,,,13.3,0.5,,False,4.642268419265747,145.363525390625,2.564854621887207,80.93621826171875,80.992651,54.119063000000004,135.111714,31.555869705459678,,,,,,,2.07741379737854,64.42730712890625,64.71211400000001,45.399542,110.11165600000001,31.01322770177332,80.93621826171875,,64.42730712890625,31.555869705459678,,31.01322770177332
single,tensorflow,ml,baseline,control,9,oneshot,True,,True,True,True,True,recorded,True,True,197.08984375,,,,13.2,0.7,,False,4.625138521194458,140.185546875,2.566793441772461,79.2750244140625,79.349224,54.21025,133.55947400000002,30.88484765619485,,,,,,,2.058345079421997,60.9105224609375,61.231166,42.938793999999994,104.16996,29.591987791494006,79.2750244140625,,60.9105224609375,30.88484765619485,,29.591987791494006
single,tensorflow,ml,blafs,file-removal,0,oneshot,False,image_absent,,,,,none,False,False,,,,,,,,False,,,,,,,,,,,,,,,,,,,,,,,,,,
single,tensorflow,ml,blafs,file-removal,1,oneshot,False,image_absent,,,,,none,False,False,,,,,,,,False,,,,,,,,,,,,,,,,,,,,,,,,,,
single,tensorflow,ml,blafs,file-removal,10,oneshot,False,image_absent,,,,,none,False,False,,,,,,,,False,,,,,,,,,,,,,,,,,,,,,,,,,,
single,tensorflow,ml,blafs,file-removal,11,oneshot,False,image_absent,,,,,none,False,False,,,,,,,,False,,,,,,,,,,,,,,,,,,,,,,,,,,
single,tensorflow,ml,blafs,file-removal,12,oneshot,False,image_absent,,,,,none,False,False,,,,,,,,False,,,,,,,,,,,,,,,,,,,,,,,,,,
single,tensorflow,ml,blafs,file-removal,13,oneshot,False,image_absent,,,,,none,False,False,,,,,,,,False,,,,,,,,,,,,,,,,,,,,,,,,,,
single,tensorflow,ml,blafs,file-removal,14,oneshot,False,image_absent,,,,,none,False,False,,,,,,,,False,,,,,,,,,,,,,,,,,,,,,,,,,,
single,tensorflow,ml,blafs,file-removal,15,oneshot,False,image_absent,,,,,none,False,False,,,,,,,,False,,,,,,,,,,,,,,,,,,,,,,,,,,
single,tensorflow,ml,blafs,file-removal,16,oneshot,False,image_absent,,,,,none,False,False,,,,,,,,False,,,,,,,,,,,,,,,,,,,,,,,,,,
single,tensorflow,ml,blafs,file-removal,17,oneshot,False,image_absent,,,,,none,False,False,,,,,,,,False,,,,,,,,,,,,,,,,,,,,,,,,,,
single,tensorflow,ml,blafs,file-removal,18,oneshot,False,image_absent,,,,,none,False,False,,,,,,,,False,,,,,,,,,,,,,,,,,,,,,,,,,,
single,tensorflow,ml,blafs,file-removal,19,oneshot,False,image_absent,,,,,none,False,False,,,,,,,,False,,,,,,,,,,,,,,,,,,,,,,,,,,
single,tensorflow,ml,blafs,file-removal,2,oneshot,False,image_absent,,,,,none,False,False,,,,,,,,False,,,,,,,,,,,,,,,,,,,,,,,,,,
single,tensorflow,ml,blafs,file-removal,3,oneshot,False,image_absent,,,,,none,False,False,,,,,,,,False,,,,,,,,,,,,,,,,,,,,,,,,,,
single,tensorflow,ml,blafs,file-removal,4,oneshot,False,image_absent,,,,,none,False,False,,,,,,,,False,,,,,,,,,,,,,,,,,,,,,,,,,,
single,tensorflow,ml,blafs,file-removal,5,oneshot,False,image_absent,,,,,none,False,False,,,,,,,,False,,,,,,,,,,,,,,,,,,,,,,,,,,
single,tensorflow,ml,blafs,file-removal,6,oneshot,False,image_absent,,,,,none,False,False,,,,,,,,False,,,,,,,,,,,,,,,,,,,,,,,,,,
single,tensorflow,ml,blafs,file-removal,7,oneshot,False,image_absent,,,,,none,False,False,,,,,,,,False,,,,,,,,,,,,,,,,,,,,,,,,,,
single,tensorflow,ml,blafs,file-removal,8,oneshot,False,image_absent,,,,,none,False,False,,,,,,,,False,,,,,,,,,,,,,,,,,,,,,,,,,,
single,tensorflow,ml,blafs,file-removal,9,oneshot,False,image_absent,,,,,none,False,False,,,,,,,,False,,,,,,,,,,,,,,,,,,,,,,,,,,
single,tensorflow,ml,confine,syscall-restriction,0,oneshot,True,,True,True,True,True,recorded,True,True,197.41796875,,,,13.3,0.3,,False,4.537571668624878,143.7420654296875,2.4788451194763184,79.5072021484375,79.630351,51.980274,131.610625,32.07429198530734,,,,,,,2.0587265491485596,64.23486328125,64.584369,43.946726,108.531095,31.20126046259811,79.5072021484375,,64.23486328125,32.07429198530734,,31.20126046259811
single,tensorflow,ml,confine,syscall-restriction,1,oneshot,True,,,,True,True,posthoc,True,True,197.16796875,,,,13.3,0.3,,False,4.55327844619751,141.9019775390625,2.5046651363372803,77.6365966796875,77.662215,51.126822000000004,128.789037,30.996796958343133,,,,,,,2.0486133098602295,64.265380859375,64.62031800000001,43.726389,108.34670700000001,31.37018614008694,77.6365966796875,,64.265380859375,30.996796958343133,,31.37018614008694
single,tensorflow,ml,confine,syscall-restriction,10,oneshot,True,,True,True,True,True,recorded,True,True,197.41015625,,,,13.2,0.2,,False,4.568570613861084,142.84991455078125,2.5041439533233643,78.55145263671875,78.539167,50.311395,128.850562,31.368585073741276,,,,,,,2.0644266605377197,64.2984619140625,64.62416300000001,45.524969000000006,110.14913200000001,31.145917238500846,78.55145263671875,,64.2984619140625,31.368585073741276,,31.145917238500846
single,tensorflow,ml,confine,syscall-restriction,11,oneshot,True,,True,True,True,True,recorded,True,True,197.09765625,,,,12.9,0.9,,False,4.569363832473755,142.13238525390625,2.5010159015655518,77.87969970703125,75.59831700000001,48.072874999999996,123.671192,31.13922612738335,,,,,,,2.068347930908203,64.252685546875,64.571917,44.383553,108.95546999999999,31.064737507031474,77.87969970703125,,64.252685546875,31.13922612738335,,31.064737507031474
single,tensorflow,ml,confine,syscall-restriction,12,oneshot,True,,True,True,True,True,recorded,True,True,197.65234375,,,,13.3,0.3,,False,4.613919496536255,141.77447509765625,2.540449380874634,80.7291259765625,80.738563,53.419052,134.157615,31.777498337230725,,,,,,,2.073470115661621,61.04534912109375,61.33382800000001,41.91011,103.24393800000001,29.44115213428811,80.7291259765625,,61.04534912109375,31.777498337230725,,29.44115213428811
single,tensorflow,ml,confine,syscall-restriction,13,oneshot,True,,True,True,True,True,recorded,True,True,197.3359375,,,,13.2,0.2,,False,4.572550296783447,142.427490234375,2.4969000816345215,78.2548828125,78.24815100000001,49.899347,128.147498,31.340814711845724,,,,,,,2.075650215148926,64.172607421875,64.455646,42.728528000000004,107.18417400000001,30.916869785437658,78.2548828125,,64.172607421875,31.340814711845724,,30.916869785437658
single,tensorflow,ml,confine,syscall-restriction,14,oneshot,True,,True,True,True,True,recorded,True,True,197.68359375,,,,13.1,0.4,,False,4.562765836715698,141.1253662109375,2.4901962280273438,77.0728759765625,77.10508800000001,50.429314,127.534402,30.950523139141225,,,,,,,2.0725696086883545,64.052490234375,64.37215,45.136054,109.508204,30.904868027526096,77.0728759765625,,64.052490234375,30.950523139141225,,30.904868027526096
single,tensorflow,ml,confine,syscall-restriction,15,oneshot,True,,True,True,True,True,recorded,True,True,197.0546875,,,,13.2,0.5,,False,4.552572011947632,142.62994384765625,2.498905658721924,78.4766845703125,78.59666200000001,51.006461,129.603123,31.40442068967491,,,,,,,2.053666353225708,64.15325927734375,64.504291,43.583690000000004,108.087981,31.238404026329682,78.4766845703125,,64.15325927734375,31.40442068967491,,31.238404026329682
single,tensorflow,ml,confine,syscall-restriction,16,oneshot,True,,True,True,True,True,recorded,True,True,197.1328125,,,,13.0,0.7,,False,4.623127460479736,141.050048828125,2.5490732192993164,80.0704345703125,80.18174099999999,51.820119,132.00186,31.41158675399763,,,,,,,2.07405424118042,60.9796142578125,61.26723799999999,41.565873,102.833111,29.401166588153828,80.0704345703125,,60.9796142578125,31.41158675399763,,29.401166588153828
single,tensorflow,ml,confine,syscall-restriction,17,oneshot,True,,True,True,True,True,recorded,True,True,196.95703125,,,,13.3,0.2,,False,4.5846123695373535,142.07574462890625,2.515861988067627,77.92315673828125,77.785994,49.80102,127.58701400000001,30.97274695824319,,,,,,,2.0687503814697266,64.152587890625,64.474933,42.83570600000001,107.31063900000001,31.010308670033126,77.92315673828125,,64.152587890625,30.97274695824319,,31.010308670033126
single,tensorflow,ml,confine,syscall-restriction,18,oneshot,True,,True,True,True,True,recorded,True,True,197.00390625,,,,13.3,0.4,,False,4.6486194133758545,144.25335693359375,2.5794308185577393,80.08856201171875,80.106545,52.555225,132.66177,31.048928095113403,,,,,,,2.0691885948181152,64.164794921875,64.54787,45.681341,110.229211,31.009640727076974,80.08856201171875,,64.164794921875,31.048928095113403,,31.009640727076974
single,tensorflow,ml,confine,syscall-restriction,19,oneshot,True,,True,True,True,True,recorded,True,True,197.33984375,,,,13.0,0.2,,False,4.6394407749176025,144.49322509765625,2.5330638885498047,80.4075927734375,80.526039,52.185962999999994,132.71200199999998,31.743215454179232,,,,,,,2.106376886367798,64.08563232421875,64.403583,43.653514,108.057097,30.424580111457153,80.4075927734375,,64.08563232421875,31.743215454179232,,30.424580111457153
single,tensorflow,ml,confine,syscall-restriction,2,oneshot,True,,True,True,True,True,recorded,True,True,197.5390625,,,,13.4,0.4,,False,4.562487602233887,142.95123291015625,2.497769594192505,78.6474609375,78.78483299999999,50.700737,129.48557,31.487075957830953,,,,,,,2.064718008041382,64.30377197265625,64.62184400000001,42.678357999999996,107.30020200000001,31.14409411949462,78.6474609375,,64.30377197265625,31.487075957830953,,31.14409411949462
single,tensorflow,ml,confine,syscall-restriction,3,oneshot,True,,True,True,True,True,recorded,True,True,197.05859375,,,,12.7,0.9,,False,4.569410562515259,143.05889892578125,2.4977476596832275,78.6497802734375,78.57938800000001,52.144764,130.724152,31.488281039331298,,,,,,,2.0716629028320312,64.40911865234375,64.72853299999998,44.844856,109.57338899999999,31.09054014738323,78.6497802734375,,64.40911865234375,31.488281039331298,,31.09054014738323
single,tensorflow,ml,confine,syscall-restriction,4,oneshot,True,,,,True,True,posthoc,True,True,197.2578125,,,,12.9,0.6,,False,4.559713363647461,142.053466796875,2.4988129138946533,77.74810791015625,77.835739,49.873957000000004,127.70969600000001,31.11401717104861,,,,,,,2.0609004497528076,64.30535888671875,64.69014200000001,43.717967,108.40810900000001,31.20255463791654,77.74810791015625,,64.30535888671875,31.11401717104861,,31.20255463791654
single,tensorflow,ml,confine,syscall-restriction,5,oneshot,True,,,,True,True,posthoc,True,True,197.671875,,,,12.9,0.6,,False,4.575077533721924,142.481201171875,2.521869421005249,78.1314697265625,81.50327,52.666551999999996,134.169822,30.981568306347246,,,,,,,2.053208112716675,64.3497314453125,61.42641800000001,43.218639,104.64505700000001,31.341066230334057,78.1314697265625,,64.3497314453125,30.981568306347246,,31.341066230334057
single,tensorflow,ml,confine,syscall-restriction,6,oneshot,True,,True,True,True,True,recorded,True,True,197.41796875,,,,13.3,0.4,,False,4.738883018493652,146.76556396484375,2.656827688217163,82.53387451171875,82.61367999999999,56.224404,138.83808399999998,31.064820228180572,,,,,,,2.0820553302764893,64.231689453125,64.583575,45.396733999999995,109.98030899999999,30.850135690003622,82.53387451171875,,64.231689453125,31.064820228180572,,30.850135690003622
single,tensorflow,ml,confine,syscall-restriction,7,oneshot,True,,True,True,True,True,recorded,True,True,197.21484375,,,,13.2,0.5,,False,4.613534450531006,141.25762939453125,2.5227582454681396,77.06671142578125,80.367409,52.17876,132.546169,30.548591631490336,,,,,,,2.090776205062866,64.19091796875,61.34127299999999,41.29206899999999,102.63334199999997,30.701955481084063,77.06671142578125,,64.19091796875,30.548591631490336,,30.701955481084063
single,tensorflow,ml,confine,syscall-restriction,8,oneshot,True,,True,True,True,True,recorded,True,True,197.1953125,,,,13.3,0.4,,False,4.575986862182617,142.95941162109375,2.518472909927368,78.65008544921875,82.127781,55.04472,137.172501,31.22927593907968,,,,,,,2.057513952255249,64.309326171875,61.381617000000006,42.185072999999996,103.56669,31.255839651237988,78.65008544921875,,64.309326171875,31.22927593907968,,31.255839651237988
single,tensorflow,ml,confine,syscall-restriction,9,oneshot,True,,True,True,True,True,recorded,True,True,197.25,,,,13.4,0.5,,False,4.606752872467041,141.3309326171875,2.5145089626312256,77.34259033203125,77.365464,52.121691999999996,129.487156,30.75852640871028,,,,,,,2.0922439098358154,63.98834228515625,64.34041099999999,44.512398,108.85280899999998,30.583595910754784,77.34259033203125,,63.98834228515625,30.75852640871028,,30.583595910754784
single,tensorflow,ml,slim,file-removal,0,oneshot,False,RuntimeError: no COLD/STEADY markers,,,,,none,False,False,,,,,,,,False,,,,,,,,,,,,,,,,,,,,,,,,,,
single,tensorflow,ml,slim,file-removal,1,oneshot,False,RuntimeError: no COLD/STEADY markers,,,,,none,False,False,,,,,,,,False,,,,,,,,,,,,,,,,,,,,,,,,,,
single,tensorflow,ml,slim,file-removal,10,oneshot,False,RuntimeError: no COLD/STEADY markers,,,,,none,False,False,,,,,,,,False,,,,,,,,,,,,,,,,,,,,,,,,,,
single,tensorflow,ml,slim,file-removal,11,oneshot,False,RuntimeError: no COLD/STEADY markers,,,,,none,False,False,,,,,,,,False,,,,,,,,,,,,,,,,,,,,,,,,,,
single,tensorflow,ml,slim,file-removal,12,oneshot,False,RuntimeError: no COLD/STEADY markers,,,,,none,False,False,,,,,,,,False,,,,,,,,,,,,,,,,,,,,,,,,,,
single,tensorflow,ml,slim,file-removal,13,oneshot,False,RuntimeError: no COLD/STEADY markers,,,,,none,False,False,,,,,,,,False,,,,,,,,,,,,,,,,,,,,,,,,,,
single,tensorflow,ml,slim,file-removal,14,oneshot,False,RuntimeError: no COLD/STEADY markers,,,,,none,False,False,,,,,,,,False,,,,,,,,,,,,,,,,,,,,,,,,,,
single,tensorflow,ml,slim,file-removal,15,oneshot,False,RuntimeError: no COLD/STEADY markers,,,,,none,False,False,,,,,,,,False,,,,,,,,,,,,,,,,,,,,,,,,,,
single,tensorflow,ml,slim,file-removal,16,oneshot,False,RuntimeError: no COLD/STEADY markers,,,,,none,False,False,,,,,,,,False,,,,,,,,,,,,,,,,,,,,,,,,,,
single,tensorflow,ml,slim,file-removal,17,oneshot,False,RuntimeError: no COLD/STEADY markers,,,,,none,False,False,,,,,,,,False,,,,,,,,,,,,,,,,,,,,,,,,,,
single,tensorflow,ml,slim,file-removal,18,oneshot,False,RuntimeError: no COLD/STEADY markers,,,,,none,False,False,,,,,,,,False,,,,,,,,,,,,,,,,,,,,,,,,,,
single,tensorflow,ml,slim,file-removal,19,oneshot,False,RuntimeError: no COLD/STEADY markers,,,,,none,False,False,,,,,,,,False,,,,,,,,,,,,,,,,,,,,,,,,,,
single,tensorflow,ml,slim,file-removal,2,oneshot,False,RuntimeError: no COLD/STEADY markers,,,,,none,False,False,,,,,,,,False,,,,,,,,,,,,,,,,,,,,,,,,,,
single,tensorflow,ml,slim,file-removal,3,oneshot,False,RuntimeError: no COLD/STEADY markers,,,,,none,False,False,,,,,,,,False,,,,,,,,,,,,,,,,,,,,,,,,,,
single,tensorflow,ml,slim,file-removal,4,oneshot,False,RuntimeError: no COLD/STEADY markers,,,,,none,False,False,,,,,,,,False,,,,,,,,,,,,,,,,,,,,,,,,,,
single,tensorflow,ml,slim,file-removal,5,oneshot,False,RuntimeError: no COLD/STEADY markers,,,,,none,False,False,,,,,,,,False,,,,,,,,,,,,,,,,,,,,,,,,,,
single,tensorflow,ml,slim,file-removal,6,oneshot,False,RuntimeError: no COLD/STEADY markers,,,,,none,False,False,,,,,,,,False,,,,,,,,,,,,,,,,,,,,,,,,,,
single,tensorflow,ml,slim,file-removal,7,oneshot,False,RuntimeError: no COLD/STEADY markers,,,,,none,False,False,,,,,,,,False,,,,,,,,,,,,,,,,,,,,,,,,,,
single,tensorflow,ml,slim,file-removal,8,oneshot,False,RuntimeError: no COLD/STEADY markers,,,,,none,False,False,,,,,,,,False,,,,,,,,,,,,,,,,,,,,,,,,,,
single,tensorflow,ml,slim,file-removal,9,oneshot,False,RuntimeError: no COLD/STEADY markers,,,,,none,False,False,,,,,,,,False,,,,,,,,,,,,,,,,,,,,,,,,,,
