track,subject,workload_category,treatment,paradigm,rep,kind,ok,error,cold_match,steady_match,cold_match_eff,steady_match_eff,match_source,passed,passed_cold_only,peak_memory_mb,steady_requests,steady_rps,load_ok,cpu_sut_0_7_pct,cpu_loadgen_8_15_pct,steady_j_per_request,steady_subres,total_duration_s,total_energy_sut_j,provisioning_duration_s,provisioning_energy_pkg0_eb_j,provisioning_energy_pkg0_sysfs_j,provisioning_energy_pkg1_j,provisioning_energy_node_j,provisioning_power_pkg0_w,cold_start_duration_s,cold_start_energy_pkg0_eb_j,cold_start_energy_pkg0_sysfs_j,cold_start_energy_pkg1_j,cold_start_energy_node_j,cold_start_power_pkg0_w,steady_state_duration_s,steady_state_energy_pkg0_eb_j,steady_state_energy_pkg0_sysfs_j,steady_state_energy_pkg1_j,steady_state_energy_node_j,steady_state_power_pkg0_w,provisioning_energy_sut_j,cold_start_energy_sut_j,steady_state_energy_sut_j,provisioning_power_sut_w,cold_start_power_sut_w,steady_state_power_sut_w
stack,hotel-reservation,stack,baseline,control,0,stack,True,,True,True,True,True,recorded,True,True,,49505,1646.776,True,95.8,10.5,0.03241513345400717,False,34.84843147080392,1728.6414794921875,4.697124661877751,123.9302978515625,124.44645799999999,91.449534,215.89599199999998,26.384289703313808,0.0024533290416002274,,,,,,30.148853479884565,1604.711181640625,1606.3281630000001,738.737306,2345.065469,53.22627551032064,123.9302978515625,,1604.711181640625,26.384289703313808,,53.22627551032064
stack,hotel-reservation,stack,baseline,control,1,stack,True,,True,True,True,True,recorded,True,True,,49502,1647.208,True,95.8,10.5,0.03242808504541168,False,34.83535127574578,1732.8704223632812,4.686013098806143,127.6153564453125,128.147865,94.42071800000001,222.568583,27.233247913418147,0.0024245213717222214,,,,,,30.146913655567914,1605.2550659179688,1606.644752,738.276308,2344.9210599999997,53.24774151869075,127.6153564453125,,1605.2550659179688,27.233247913418147,,53.24774151869075
stack,hotel-reservation,stack,baseline,control,10,stack,True,,True,True,True,True,recorded,True,True,,49870,1659.7226,True,95.9,10.8,0.03231298103584946,False,35.06854305183515,1743.1778564453125,4.920234702993184,131.7294921875,132.31088,96.465513,228.77639299999998,26.77300985405502,0.002650141716003418,,,,,,30.145658207125962,1611.4483642578125,1609.96591,738.205935,2348.171845,53.45540486081977,131.7294921875,,1611.4483642578125,26.77300985405502,,53.45540486081977
stack,hotel-reservation,stack,baseline,control,11,stack,True,,True,True,True,True,recorded,True,True,,49316,1641.5028,True,96.0,10.5,0.03256707891890753,False,34.90138776181266,1734.9193725585938,4.767114860936999,128.84130859375,129.464269,94.110233,223.574502,27.02710388824691,0.0030285841785371304,,,,,,30.13124431669712,1606.0780639648438,1604.2280099999998,732.366961,2336.5949709999995,53.30274604938374,128.84130859375,,1606.0780639648438,27.02710388824691,,53.30274604938374
stack,hotel-reservation,stack,baseline,control,12,stack,True,,True,True,True,True,recorded,True,True,,49498,1647.4312,True,95.9,10.7,0.03259081530124955,False,34.861038505099714,1736.8361206054688,4.7194098103791475,123.65594482421875,124.29130799999999,90.881237,215.17254499999999,26.20156964378656,0.002742731012403965,,,,,,30.138885963708162,1613.18017578125,1614.7030809999999,738.098086,2352.8011669999996,53.524877386767585,123.65594482421875,,1613.18017578125,26.20156964378656,,53.524877386767585
stack,hotel-reservation,stack,baseline,control,13,stack,True,,True,True,True,True,recorded,True,True,,49355,1643.0678,True,95.8,10.7,0.032627567990356855,False,35.050289957318455,1741.9656982421875,4.91481378627941,131.632080078125,132.25582599999998,95.766967,228.02279299999998,26.782719712718254,0.0026041697710752487,,,,,,30.13287200126797,1610.3336181640625,1611.822717,731.1653650000001,2342.988082,53.44109310577169,131.632080078125,,1610.3336181640625,26.782719712718254,,53.44109310577169
stack,hotel-reservation,stack,baseline,control,14,stack,True,,True,True,True,True,recorded,True,True,,49404,1644.125,True,95.9,10.5,0.03257710325043266,False,35.232122607994825,1742.9869995117188,5.092889107298106,133.54779052734375,134.255454,98.539298,232.794752,26.222402984579002,0.0027530547231435776,,,,,,30.136480445973575,1609.439208984375,1610.8030050000002,736.75495,2347.557955,53.40501562117239,133.54779052734375,,1609.439208984375,26.222402984579002,,53.40501562117239
stack,hotel-reservation,stack,baseline,control,15,stack,True,,True,True,True,True,recorded,True,True,,59888,1992.6809,False,96.1,11.2,0.02692211639298305,False,32.19398647174239,1683.7283935546875,2.04428035300225,71.41668701171875,71.194092,55.249614,126.44370599999999,34.93487911618164,0.0010057296603918076,,,,,,30.14870038907975,1612.3117065429688,1614.001849,745.5009,2359.502749,53.47864703073466,71.41668701171875,,1612.3117065429688,34.93487911618164,,53.47864703073466
stack,hotel-reservation,stack,baseline,control,16,stack,True,,True,True,True,True,recorded,True,True,,49527,1647.8647,True,95.9,10.4,0.03237358566334399,False,34.75658473139629,1727.4776611328125,4.614591220393777,124.111083984375,124.71495200000001,91.654551,216.369503,26.895358235823156,0.002838627900928259,,,,,,30.139154883101583,1603.3665771484375,1605.0599779999998,738.071413,2343.131391,53.19879019061058,124.111083984375,,1603.3665771484375,26.895358235823156,,53.19879019061058
stack,hotel-reservation,stack,baseline,control,17,stack,True,,True,True,True,True,recorded,True,True,,49279,1640.0721,True,96.0,10.5,0.03248150587328654,False,34.99339686892927,1733.4806518554688,4.860134070273489,132.82452392578125,133.534875,96.775204,230.310079,27.329395034221136,0.0029827640391886234,,,,,,30.13028003461659,1600.6561279296875,1599.0481519999998,731.438069,2330.486221,53.12450219814414,132.82452392578125,,1600.6561279296875,27.329395034221136,,53.12450219814414
stack,hotel-reservation,stack,baseline,control,18,stack,True,,True,True,True,True,recorded,True,True,,49482,1646.605,True,96.0,10.5,0.03247519546643855,False,35.082408003974706,1738.4844970703125,4.943506306968629,131.546875,132.085844,94.89734,226.983184,26.610034827823426,0.0027614906430244446,,,,,,30.136140206363052,1606.9376220703125,1605.456584,732.3958299999999,2337.852414,53.32260903574566,131.546875,,1606.9376220703125,26.610034827823426,,53.32260903574566
stack,hotel-reservation,stack,baseline,control,19,stack,True,,True,True,True,True,recorded,True,True,,49742,1655.261,True,96.1,10.6,0.03217013117765796,False,34.90143759828061,1730.3907470703125,4.7552823992446065,130.18408203125,130.772553,94.096439,224.868992,27.3767299397256,0.0026335278525948524,,,,,,30.143521671183407,1600.2066650390625,1598.553158,729.894433,2328.447591,53.08625456888229,130.18408203125,,1600.2066650390625,27.3767299397256,,53.08625456888229
stack,hotel-reservation,stack,baseline,control,2,stack,True,,True,True,True,True,recorded,True,True,,49365,1642.6545,True,95.7,10.4,0.032552439418109994,False,35.115159444045275,1739.2194213867188,4.979817505925894,132.26824951171875,132.845729,95.430847,228.276576,26.560862793530465,0.0025937040336430073,,,,,,30.13274823408574,1606.951171875,1608.29996,735.6405120000001,2343.940472,53.32906110625647,132.26824951171875,,1606.951171875,26.560862793530465,,53.32906110625647
stack,hotel-reservation,stack,baseline,control,3,stack,True,,True,True,True,True,recorded,True,True,,49561,1649.9823,True,95.7,10.7,0.03245384367323223,False,34.946900656912476,1738.2527465820312,4.822736151050776,129.80780029296875,130.431979,94.58362000000001,225.015599,26.915799709400705,0.002883128821849823,,,,,,30.12128137703985,1608.4449462890625,1609.84915,736.53028,2346.37943,53.39895491680877,129.80780029296875,,1608.4449462890625,26.915799709400705,,53.39895491680877
stack,hotel-reservation,stack,baseline,control,4,stack,True,,True,True,True,True,recorded,True,True,,49296,1641.316,True,96.1,10.4,0.03256500947401919,False,34.99733272800222,1736.993408203125,4.874441430903971,131.668701171875,132.219693,93.88068,226.100373,27.01205933814182,0.0027254591695964336,,,,,,30.120165837928653,1605.32470703125,1603.683151,731.926777,2335.609928,53.2973395853536,131.668701171875,,1605.32470703125,27.01205933814182,,53.2973395853536
stack,hotel-reservation,stack,baseline,control,5,stack,True,,True,True,True,True,recorded,True,True,,49411,1645.5854,True,96.0,10.6,0.03244974703372921,False,34.90593826258555,1732.0125122070312,4.789068847894669,128.6380615234375,129.219029,93.847233,223.066262,26.86076680229567,0.0028452808037400246,,,,,,30.114024133887142,1603.3744506835938,1604.765117,739.337341,2344.102458,53.2434470914608,128.6380615234375,,1603.3744506835938,26.86076680229567,,53.2434470914608
stack,hotel-reservation,stack,baseline,control,6,stack,True,,True,True,True,True,recorded,True,True,,49299,1640.4205,True,95.9,10.5,0.032579403619606255,False,35.00904667004943,1738.7247924804688,4.855272640939802,132.5927734375,133.22213200000002,96.364439,229.58657100000002,27.309027369436233,0.002617316320538521,,,,,,30.15115671278909,1606.1320190429688,1607.7384379999999,738.634889,2346.373327,53.26933339050646,132.5927734375,,1606.1320190429688,27.309027369436233,,53.26933339050646
stack,hotel-reservation,stack,baseline,control,7,stack,True,,True,True,True,True,recorded,True,True,,49644,1651.7383,True,96.0,10.6,0.03232542189648107,False,34.99533714866266,1735.4307861328125,4.851228398736566,130.66754150390625,131.23104800000002,95.301025,226.53207300000003,26.93493910489491,0.002868862356990576,,,,,,30.1412398875691,1604.7632446289062,1603.215989,730.975729,2334.191718,53.241447618442045,130.66754150390625,,1604.7632446289062,26.93493910489491,,53.241447618442045
stack,hotel-reservation,stack,baseline,control,8,stack,True,,True,True,True,True,recorded,True,True,,49581,1649.8953,True,95.9,10.5,0.03252077113240203,False,34.8846600339748,1740.2374267578125,4.743276942986995,127.8250732421875,130.309053,94.30737500000001,224.616428,26.948684375509373,0.0029668211936950684,,,,,,30.138416269794106,1612.412353515625,1607.2018799999998,729.7234129999999,2336.925293,53.50023501837578,127.8250732421875,,1612.412353515625,26.948684375509373,,53.50023501837578
stack,hotel-reservation,stack,baseline,control,9,stack,True,,True,True,True,True,recorded,True,True,,49464,1645.8693,True,95.9,10.4,0.03245969769562523,False,35.12289255205542,1738.4500732421875,4.978424481116235,132.86358642578125,133.57766099999998,96.372617,229.95027799999997,26.68787824938369,0.002600995823740959,,,,,,30.141867075115442,1605.5864868164062,1607.182409,739.130432,2346.312841,53.26765202749992,132.86358642578125,,1605.5864868164062,26.68787824938369,,53.26765202749992
stack,hotel-reservation,stack,blafs,file-removal,0,stack,True,,True,True,True,True,recorded,True,True,,49241,1639.0638,True,95.7,10.5,0.03256170985124503,False,35.021066055167466,1734.3245239257812,4.889405029360205,130.953369140625,131.532073,96.03344499999999,227.565518,26.783088812292707,0.0024327016435563564,,,,,,30.129228324163705,1603.3711547851562,1604.7182429999998,742.1115030000001,2346.829746,53.21646932122882,130.953369140625,,1603.3711547851562,26.783088812292707,,53.21646932122882
stack,hotel-reservation,stack,blafs,file-removal,1,stack,True,,True,True,True,True,recorded,True,True,,49453,1644.8316,True,96.0,10.5,0.0324387729988733,False,34.83324836008251,1727.8356323242188,4.67534999223426,123.6409912109375,124.447924,92.60163,217.049554,26.44529102982766,0.002762200776487589,,,,,,30.15513616707176,1604.1946411132812,1605.931863,736.026741,2341.958604,53.19805661713442,123.6409912109375,,1604.1946411132812,26.44529102982766,,53.19805661713442
stack,hotel-reservation,stack,blafs,file-removal,10,stack,True,,True,True,True,True,recorded,True,True,,49629,1651.2153,True,95.8,10.7,0.03241788199298167,False,34.88287388673052,1738.1138305664062,4.737959254998714,129.24676513671875,131.647185,94.43084999999999,226.078035,27.278994643180788,0.0024718227796256542,,,,,,30.142442808952183,1608.8670654296875,1603.646957,734.51997,2338.1669269999998,53.375470449656476,129.24676513671875,,1608.8670654296875,27.278994643180788,,53.375470449656476
stack,hotel-reservation,stack,blafs,file-removal,11,stack,True,,True,True,True,True,recorded,True,True,,49373,1642.8816,True,95.6,10.4,0.03247958773132266,False,35.00852372730151,1734.8635864257812,4.866877768188715,131.2489013671875,131.833525,94.840761,226.674286,26.967782553543323,0.002777867019176483,,,,,,30.138868092093617,1603.6146850585938,1605.073222,732.727311,2337.800533,53.20752856937162,131.2489013671875,,1603.6146850585938,26.967782553543323,,53.20752856937162
stack,hotel-reservation,stack,blafs,file-removal,12,stack,True,,True,True,True,True,recorded,True,True,,49391,1643.1525,True,95.8,10.6,0.032590390902599915,False,34.87481331406161,1738.8121948242188,4.725527369882911,129.14019775390625,129.818332,99.197256,229.01558799999998,27.328208609467026,0.0025048409588634968,,,,,,30.146781103219837,1609.6719970703125,1608.15549,738.7119150000001,2346.867405,53.39448983156583,129.14019775390625,,1609.6719970703125,27.328208609467026,,53.39448983156583
stack,hotel-reservation,stack,blafs,file-removal,13,stack,True,,True,True,True,True,recorded,True,True,,49522,1647.1315,True,95.9,10.5,0.032534320338766735,False,34.998755399137735,1742.7484130859375,4.843075680080801,131.58380126953125,132.121915,95.16156099999999,227.283476,27.169470386499498,0.003139002714306116,,,,,,30.152540716342628,1611.1646118164062,1609.2973940000002,734.400952,2343.698346,53.43379275973111,131.58380126953125,,1611.1646118164062,27.169470386499498,,53.43379275973111
stack,hotel-reservation,stack,blafs,file-removal,14,stack,True,,True,True,True,True,recorded,True,True,,49531,1647.8089,True,95.8,10.7,0.03249113402465123,False,35.06986886821687,1739.2472534179688,4.92101424606517,129.92889404296875,130.475862,96.041502,226.517364,26.402868909973094,0.002962118946015835,,,,,,30.145892503205687,1609.318359375,1607.853306,738.283632,2346.136938,53.38433284746393,129.92889404296875,,1609.318359375,26.402868909973094,,53.38433284746393
stack,hotel-reservation,stack,blafs,file-removal,15,stack,True,,True,True,True,True,recorded,True,True,,49629,1651.1975,True,96.1,10.7,0.0324058309039794,False,35.10763817001134,1740.9656982421875,4.961353086400777,132.69671630859375,133.293482,97.188228,230.48171000000002,26.746073903169595,0.002786175813525915,,,,,,30.14349890779704,1608.2689819335938,1609.6551809999999,737.589665,2347.2448459999996,53.35375919208876,132.69671630859375,,1608.2689819335938,26.746073903169595,,53.35375919208876
stack,hotel-reservation,stack,blafs,file-removal,16,stack,True,,True,True,True,True,recorded,True,True,,49542,1649.2227,True,95.8,10.2,0.03243684685902555,False,35.045183369889855,1737.7166748046875,4.917467077728361,130.73040771484375,131.221649,95.517517,226.739166,26.584907564899257,0.002687054220587015,,,,,,30.125029237940907,1606.9862670898438,1608.431979,735.871835,2344.303814,53.34389070288198,130.73040771484375,,1606.9862670898438,26.584907564899257,,53.34389070288198
stack,hotel-reservation,stack,blafs,file-removal,17,stack,True,,True,True,True,True,recorded,True,True,,49606,1650.9077,True,95.8,10.6,0.03230238335702523,False,34.84255638578907,1728.385986328125,4.705798505805433,125.99395751953125,126.89243700000002,92.687385,219.57982200000004,26.77419302252221,0.002669132314622402,,,,,,30.13408874766901,1602.3920288085938,1604.1035590000001,741.036127,2345.139686,53.17539356263245,125.99395751953125,,1602.3920288085938,26.77419302252221,,53.17539356263245
stack,hotel-reservation,stack,blafs,file-removal,18,stack,True,,True,True,True,True,recorded,True,True,,49522,1648.6498,True,96.1,10.8,0.03231537541869018,False,35.10684402799234,1735.1923828125,4.979103097226471,134.870361328125,135.538288,98.593009,234.131297,27.08728031826703,0.0028391508385539055,,,,,,30.124901779927313,1600.322021484375,1598.4105200000001,739.1202390000001,2337.530759,53.12289590768705,134.870361328125,,1600.322021484375,27.08728031826703,,53.12289590768705
stack,hotel-reservation,stack,blafs,file-removal,19,stack,True,,True,True,True,True,recorded,True,True,,49630,1651.2788,True,96.1,10.4,0.032487250133409105,False,35.103583194781095,1744.6198120117188,4.949405314866453,132.277587890625,132.88601300000002,96.39422400000001,229.28023700000003,26.72595584227156,0.002660498023033142,,,,,,30.15151738189161,1612.3422241210938,1610.618618,735.315012,2345.93363,53.474662774001345,132.277587890625,,1612.3422241210938,26.72595584227156,,53.474662774001345
stack,hotel-reservation,stack,blafs,file-removal,2,stack,True,,True,True,True,True,recorded,True,True,,49655,1652.6765,True,95.7,10.3,0.032285902610827207,False,34.85912868985906,1729.5200805664062,4.722567209042609,126.36358642578125,127.01084399999999,91.05854400000001,218.069388,26.757392924726325,0.0027215066365897655,,,,,,30.133839974179864,1603.156494140625,1604.690838,741.327326,2346.018164,53.201201556598406,126.36358642578125,,1603.156494140625,26.757392924726325,,53.201201556598406
stack,hotel-reservation,stack,blafs,file-removal,3,stack,True,,True,True,True,True,recorded,True,True,,49180,1637.5076,True,95.7,10.4,0.03268811263510637,False,34.83997994288802,1733.9500122070312,4.716479202732444,126.3486328125,127.03263400000002,92.19715099999999,219.229785,26.788760722044785,0.002868488896638155,,,,,,30.12063225125894,1607.6013793945312,1608.953645,737.156926,2346.110571,53.37209942953103,126.3486328125,,1607.6013793945312,26.788760722044785,,53.37209942953103
stack,hotel-reservation,stack,blafs,file-removal,4,stack,True,,True,True,True,True,recorded,True,True,,49633,1651.8244,True,95.7,10.4,0.032393821676496105,False,34.76502470904961,1730.7737426757812,4.626127053052187,122.97119140625,123.706471,89.59767099999999,213.30414199999998,26.581888045015347,0.002784955780953169,,,,,,30.136112700216472,1607.8025512695312,1609.279083,743.206472,2352.4855549999997,53.351358460309385,122.97119140625,,1607.8025512695312,26.581888045015347,,53.351358460309385
stack,hotel-reservation,stack,blafs,file-removal,5,stack,True,,True,True,True,True,recorded,True,True,,49388,1642.9486,True,96.0,10.4,0.03248842492261531,False,34.89253351930529,1732.2706909179688,4.7437470513395965,127.73236083984375,128.356666,93.959781,222.31644699999998,26.92646961514804,0.002687168773263693,,,,,,30.14609929919243,1604.538330078125,1602.7776350000001,740.457577,2343.235212,53.22540452592181,127.73236083984375,,1604.538330078125,26.92646961514804,,53.22540452592181
stack,hotel-reservation,stack,blafs,file-removal,6,stack,True,,True,True,True,True,recorded,True,True,,49331,1642.6466,True,95.8,10.5,0.03267510179759875,False,34.88142091175541,1742.0623779296875,4.760574456769973,130.16693115234375,130.751679,95.028809,225.780488,27.34269410853021,0.002798871137201786,,,,,,30.118047583848238,1611.8954467773438,1610.3633699999998,740.077818,2350.441188,53.519254270710896,130.16693115234375,,1611.8954467773438,27.34269410853021,,53.519254270710896
stack,hotel-reservation,stack,blafs,file-removal,7,stack,True,,True,True,True,True,recorded,True,True,,49128,1635.5017,True,95.6,10.3,0.032706446570772395,False,34.75308114197105,1730.551513671875,4.623198294546455,123.74920654296875,124.349718,89.719253,214.06897099999998,26.767012500619725,0.0029803020879626274,,,,,,30.126902545336634,1606.8023071289062,1608.171786,737.122319,2345.294105,53.334467581288884,123.74920654296875,,1606.8023071289062,26.767012500619725,,53.334467581288884
stack,hotel-reservation,stack,blafs,file-removal,8,stack,True,,True,True,True,True,recorded,True,True,,49470,1646.2735,True,96.0,10.6,0.032421877467562414,False,35.099543667864054,1736.2454833984375,4.951435680966824,132.335205078125,132.826381,97.024959,229.85134,26.726633163552485,0.0025519789196550846,,,,,,30.145556007977575,1603.9102783203125,1602.425158,738.543459,2340.968617,53.20552979337523,132.335205078125,,1603.9102783203125,26.726633163552485,,53.20552979337523
stack,hotel-reservation,stack,blafs,file-removal,9,stack,True,,True,True,True,True,recorded,True,True,,49346,1642.4033,True,95.8,10.5,0.03261337493635502,False,34.946271299850196,1735.1099853515625,4.812059985939413,125.7703857421875,126.386822,92.229805,218.616627,26.136495827084858,0.002563073765486479,,,,,,30.131648240145296,1609.339599609375,1610.780605,737.43195,2348.212555,53.41027436611329,125.7703857421875,,1609.339599609375,26.136495827084858,,53.41027436611329
stack,hotel-reservation,stack,slim,file-removal,0,stack,False,"RuntimeError: up failed: on:latest Building 
 Image deathstarbench/hotel-reservation:latest Building 
 Image deathstarbench/hotel-reservation:latest Building 
 Image deathstarbench/hotel-reservation:latest Building 
 Image hotel_reserv_review_single_node Building 
 Image deathstarbench/hotel-reserva",,,,,none,False,False,,,,,,,,False,,,,,,,,,,,,,,,,,,,,,,,,,,
stack,hotel-reservation,stack,slim,file-removal,1,stack,False,"RuntimeError: up failed: ngle_node Building 
 Image deathstarbench/hotel-reservation:latest Building 
 Image deathstarbench/hotel-reservation:latest Building 
 Image hotel_reserv_review_single_node Building 
 Image deathstarbench/hotel-reservation:latest Building 
 Image deathstarbench/hotel-reserva",,,,,none,False,False,,,,,,,,False,,,,,,,,,,,,,,,,,,,,,,,,,,
stack,hotel-reservation,stack,slim,file-removal,10,stack,False,"RuntimeError: up failed: test Building 
 Image deathstarbench/hotel-reservation:latest Building 
 Image deathstarbench/hotel-reservation:latest Building 
 Image hotel_reserv_review_single_node Building 
 Image deathstarbench/hotel-reservation:latest Building 
 Image deathstarbench/hotel-reservation:",,,,,none,False,False,,,,,,,,False,,,,,,,,,,,,,,,,,,,,,,,,,,
stack,hotel-reservation,stack,slim,file-removal,11,stack,False,"RuntimeError: up failed: ation:latest Building 
 Image hotel_reserv_review_single_node Building 
 Image hotel_reserv_attractions_single_node Building 
 Image deathstarbench/hotel-reservation:latest Building 
 Image deathstarbench/hotel-reservation:latest Building 
 Image deathstarbench/hotel-reserva",,,,,none,False,False,,,,,,,,False,,,,,,,,,,,,,,,,,,,,,,,,,,
stack,hotel-reservation,stack,slim,file-removal,12,stack,False,"RuntimeError: up failed: ation:latest Building 
 Image deathstarbench/hotel-reservation:latest Building 
 Image hotel_reserv_attractions_single_node Building 
 Image hotel_reserv_review_single_node Building 
 Image deathstarbench/hotel-reservation:latest Building 
 Image deathstarbench/hotel-reserva",,,,,none,False,False,,,,,,,,False,,,,,,,,,,,,,,,,,,,,,,,,,,
stack,hotel-reservation,stack,slim,file-removal,13,stack,False,"RuntimeError: up failed: on:latest Building 
 Image deathstarbench/hotel-reservation:latest Building 
 Image deathstarbench/hotel-reservation:latest Building 
 Image deathstarbench/hotel-reservation:latest Building 
 Image hotel_reserv_review_single_node Building 
 Image deathstarbench/hotel-reserva",,,,,none,False,False,,,,,,,,False,,,,,,,,,,,,,,,,,,,,,,,,,,
stack,hotel-reservation,stack,slim,file-removal,14,stack,False,"RuntimeError: up failed: Building 
 Image deathstarbench/hotel-reservation:latest Building 
 Image deathstarbench/hotel-reservation:latest Building 
 Image deathstarbench/hotel-reservation:latest Building 
 Image deathstarbench/hotel-reservation:latest Building 
 Image hotel_reserv_attractions_singl",,,,,none,False,False,,,,,,,,False,,,,,,,,,,,,,,,,,,,,,,,,,,
stack,hotel-reservation,stack,slim,file-removal,15,stack,False,"RuntimeError: up failed: test Building 
 Image deathstarbench/hotel-reservation:latest Building 
 Image hotel_reserv_review_single_node Building 
 Image deathstarbench/hotel-reservation:latest Building 
 Image deathstarbench/hotel-reservation:latest Building 
 Image deathstarbench/hotel-reservation:",,,,,none,False,False,,,,,,,,False,,,,,,,,,,,,,,,,,,,,,,,,,,
stack,hotel-reservation,stack,slim,file-removal,16,stack,False,"RuntimeError: up failed: :latest Building 
 Image hotel_reserv_review_single_node Building 
 Image hotel_reserv_attractions_single_node Building 
 Image deathstarbench/hotel-reservation:latest Building 
 Image deathstarbench/hotel-reservation:latest Building 
 Image deathstarbench/hotel-reservation:",,,,,none,False,False,,,,,,,,False,,,,,,,,,,,,,,,,,,,,,,,,,,
stack,hotel-reservation,stack,slim,file-removal,17,stack,False,"RuntimeError: up failed: Building 
 Image deathstarbench/hotel-reservation:latest Building 
 Image deathstarbench/hotel-reservation:latest Building 
 Image hotel_reserv_attractions_single_node Building 
 Image deathstarbench/hotel-reservation:latest Building 
 Image deathstarbench/hotel-reservation:",,,,,none,False,False,,,,,,,,False,,,,,,,,,,,,,,,,,,,,,,,,,,
stack,hotel-reservation,stack,slim,file-removal,18,stack,False,"RuntimeError: up failed: node Building 
 Image deathstarbench/hotel-reservation:latest Building 
 Image deathstarbench/hotel-reservation:latest Building 
 Image hotel_reserv_review_single_node Building 
 Image deathstarbench/hotel-reservation:latest Building 
 Image deathstarbench/hotel-reservation:",,,,,none,False,False,,,,,,,,False,,,,,,,,,,,,,,,,,,,,,,,,,,
stack,hotel-reservation,stack,slim,file-removal,19,stack,False,"RuntimeError: up failed: e Building 
 Image deathstarbench/hotel-reservation:latest Building 
 Image deathstarbench/hotel-reservation:latest Building 
 Image deathstarbench/hotel-reservation:latest Building 
 Image deathstarbench/hotel-reservation:latest Building 
 Image deathstarbench/hotel-reserva",,,,,none,False,False,,,,,,,,False,,,,,,,,,,,,,,,,,,,,,,,,,,
stack,hotel-reservation,stack,slim,file-removal,2,stack,False,"RuntimeError: up failed: test Building 
 Image deathstarbench/hotel-reservation:latest Building 
 Image deathstarbench/hotel-reservation:latest Building 
 Image deathstarbench/hotel-reservation:latest Building 
 Image hotel_reserv_review_single_node Building 
 Image deathstarbench/hotel-reservation:",,,,,none,False,False,,,,,,,,False,,,,,,,,,,,,,,,,,,,,,,,,,,
stack,hotel-reservation,stack,slim,file-removal,3,stack,False,"RuntimeError: up failed: ation:latest Building 
 Image deathstarbench/hotel-reservation:latest Building 
 Image hotel_reserv_attractions_single_node Building 
 Image deathstarbench/hotel-reservation:latest Building 
 Image hotel_reserv_review_single_node Building 
 Image deathstarbench/hotel-reserva",,,,,none,False,False,,,,,,,,False,,,,,,,,,,,,,,,,,,,,,,,,,,
stack,hotel-reservation,stack,slim,file-removal,4,stack,False,"RuntimeError: up failed: Building 
 Image deathstarbench/hotel-reservation:latest Building 
 Image deathstarbench/hotel-reservation:latest Building 
 Image deathstarbench/hotel-reservation:latest Building 
 Image hotel_reserv_attractions_single_node Building 
 Image deathstarbench/hotel-reservation:",,,,,none,False,False,,,,,,,,False,,,,,,,,,,,,,,,,,,,,,,,,,,
stack,hotel-reservation,stack,slim,file-removal,5,stack,False,"RuntimeError: up failed: test Building 
 Image deathstarbench/hotel-reservation:latest Building 
 Image deathstarbench/hotel-reservation:latest Building 
 Image deathstarbench/hotel-reservation:latest Building 
 Image deathstarbench/hotel-reservation:latest Building 
 Image hotel_reserv_review_singl",,,,,none,False,False,,,,,,,,False,,,,,,,,,,,,,,,,,,,,,,,,,,
stack,hotel-reservation,stack,slim,file-removal,6,stack,False,"RuntimeError: up failed: node Building 
 Image deathstarbench/hotel-reservation:latest Building 
 Image deathstarbench/hotel-reservation:latest Building 
 Image hotel_reserv_attractions_single_node Building 
 Image deathstarbench/hotel-reservation:latest Building 
 Image deathstarbench/hotel-reserva",,,,,none,False,False,,,,,,,,False,,,,,,,,,,,,,,,,,,,,,,,,,,
stack,hotel-reservation,stack,slim,file-removal,7,stack,False,"RuntimeError: up failed: on:latest Building 
 Image deathstarbench/hotel-reservation:latest Building 
 Image deathstarbench/hotel-reservation:latest Building 
 Image hotel_reserv_review_single_node Building 
 Image deathstarbench/hotel-reservation:latest Building 
 Image deathstarbench/hotel-reserva",,,,,none,False,False,,,,,,,,False,,,,,,,,,,,,,,,,,,,,,,,,,,
stack,hotel-reservation,stack,slim,file-removal,8,stack,False,"RuntimeError: up failed: on:latest Building 
 Image deathstarbench/hotel-reservation:latest Building 
 Image deathstarbench/hotel-reservation:latest Building 
 Image deathstarbench/hotel-reservation:latest Building 
 Image deathstarbench/hotel-reservation:latest Building 
 Image hotel_reserv_review_",,,,,none,False,False,,,,,,,,False,,,,,,,,,,,,,,,,,,,,,,,,,,
stack,hotel-reservation,stack,slim,file-removal,9,stack,False,"RuntimeError: up failed: test Building 
 Image deathstarbench/hotel-reservation:latest Building 
 Image hotel_reserv_attractions_single_node Building 
 Image deathstarbench/hotel-reservation:latest Building 
 Image deathstarbench/hotel-reservation:latest Building 
 Image deathstarbench/hotel-reserva",,,,,none,False,False,,,,,,,,False,,,,,,,,,,,,,,,,,,,,,,,,,,
stack,shopizer,stack,baseline,control,0,stack,True,,True,True,True,True,recorded,True,True,,41489,1380.5416,True,85.0,10.9,0.036080904151081464,False,61.600543764885515,2528.0951538085938,31.435534128919244,1031.134521484375,1032.603252,648.955065,1681.558317,32.80155881098196,0.027973280753940344,,,,,,30.13703635521233,1496.9606323242188,1498.4533780000002,736.534553,2234.987931,49.67179302835837,1031.134521484375,,1496.9606323242188,32.80155881098196,,49.67179302835837
stack,shopizer,stack,baseline,control,1,stack,True,,True,True,True,True,recorded,True,True,,45411,1511.6132,True,87.6,11.9,0.03314539623392804,False,64.57433510618284,2605.9102783203125,34.40887798834592,1100.7446899414062,1099.7153859999999,694.4628210000001,1794.178207,31.990136101334713,0.02663526078686118,,,,,,30.13882185705006,1505.1655883789062,1502.9105200000001,738.061343,2240.971863,49.941089121465396,1100.7446899414062,,1505.1655883789062,31.990136101334713,,49.941089121465396
stack,shopizer,stack,baseline,control,10,stack,True,,True,True,True,True,recorded,True,True,,42636,1419.1262,True,84.4,11.2,0.03497168579158824,False,61.48257183097303,2516.3754272460938,31.326615328900516,1025.3226318359375,1027.055293,654.1977890000001,1681.253082,32.730080191268584,0.0271569793112576,,,,,,30.128799522761256,1491.0527954101562,1492.342554,735.871163,2228.213717,49.48928663034576,1025.3226318359375,,1491.0527954101562,32.730080191268584,,49.48928663034576
stack,shopizer,stack,baseline,control,11,stack,True,,True,True,True,True,recorded,True,True,,39549,1317.0106,True,83.8,10.6,0.0370238217642197,False,61.82687803125009,2505.3561401367188,31.684699391014874,1041.1010131835938,1039.050807,664.995673,1704.04648,32.85816287336557,0.02727231802418828,,,,,,30.114906322211027,1464.255126953125,1462.2309369999998,732.7871869999999,2195.0181239999997,48.62227068835922,1041.1010131835938,,1464.255126953125,32.85816287336557,,48.62227068835922
stack,shopizer,stack,baseline,control,12,stack,True,,True,True,True,True,recorded,True,True,,41507,1382.0857,True,82.6,10.7,0.03584230915446115,False,64.73178457794711,2580.7781372070312,34.57887987187132,1093.0714111328125,1092.559215,693.122555,1785.6817700000001,31.6109548713863,0.029066496063023806,,,,,,30.123838210012764,1487.7067260742188,1489.432406,741.7670830000001,2231.199489,49.38636025404375,1093.0714111328125,,1487.7067260742188,31.6109548713863,,49.38636025404375
stack,shopizer,stack,baseline,control,13,stack,True,,True,True,True,True,recorded,True,True,,40581,1350.5933,True,82.4,10.7,0.03645628634465252,False,64.63341693766415,2560.4603881835938,34.4783944147639,1081.02783203125,1080.177472,682.499535,1762.6770070000002,31.35377532453617,0.027640115935355425,,,,,,30.127382406964898,1479.4325561523438,1481.380668,736.4227370000001,2217.803405,49.105910900852976,1081.02783203125,,1479.4325561523438,31.35377532453617,,49.105910900852976
stack,shopizer,stack,baseline,control,14,stack,True,,True,True,True,True,recorded,True,True,,40196,1337.089,True,82.3,10.7,0.036944420945764195,False,64.74747964786366,2576.587646484375,34.56590905878693,1091.5697021484375,1093.454659,688.6834789999999,1782.1381379999998,31.579372042320173,0.02794135920703411,0.0,,,,0.0,30.153629229869694,1485.0179443359375,1487.0863419999998,733.5576319999999,2220.6439739999996,49.24839836078182,1091.5697021484375,0.0,1485.0179443359375,31.579372042320173,0.0,49.24839836078182
stack,shopizer,stack,baseline,control,15,stack,True,,True,True,True,True,recorded,True,True,,40687,1354.5003,True,83.6,10.6,0.036709283977856104,False,61.642072525806725,2519.6279296875,31.48596285795793,1026.0372924804688,1023.9012489999999,643.20984,1667.111089,32.58713405428358,0.032294339034706354,,,,,,30.12381532881409,1493.5906372070312,1491.678981,734.380749,2226.05973,49.58172199981518,1026.0372924804688,,1493.5906372070312,32.58713405428358,,49.58172199981518
stack,shopizer,stack,baseline,control,16,stack,True,,True,True,True,True,recorded,True,True,,39913,1328.0916,True,82.8,10.7,0.03676121326825298,False,61.56843147613108,2507.134033203125,31.40967966709286,1039.8837280273438,1041.5305369999999,658.495446,1700.025983,33.10711026183448,0.026659574825316668,,,,,,30.132092234212905,1467.2503051757812,1465.0367159999998,732.0312069999999,2197.0679229999996,48.69394045959477,1039.8837280273438,,1467.2503051757812,33.10711026183448,,48.69394045959477
stack,shopizer,stack,baseline,control,17,stack,True,,True,True,True,True,recorded,True,True,,39520,1315.0681,True,83.3,10.6,0.03722266841996537,False,64.62824618583545,2556.7654418945312,34.46430495521054,1085.7255859375,1087.921409,685.393387,1773.3147960000001,31.502900968074012,0.02607801090925932,0.0,,,,0.0,30.137863219715655,1471.0398559570312,1473.4333,732.3346730000001,2205.767973,48.81035676725426,1085.7255859375,0.0,1471.0398559570312,31.502900968074012,0.0,48.81035676725426
stack,shopizer,stack,baseline,control,18,stack,True,,True,True,True,True,recorded,True,True,,39544,1316.0236,True,82.9,10.3,0.03754688828622863,False,61.56778599182144,2494.05419921875,31.40094023384154,1009.300048828125,1007.361374,638.567579,1645.928953,32.14235119432438,0.02731247805058956,,,,,,30.13953327992931,1484.754150390625,1482.438283,726.92209,2209.360373,49.2626789074853,1009.300048828125,,1484.754150390625,32.14235119432438,,49.2626789074853
stack,shopizer,stack,baseline,control,19,stack,True,,True,True,True,True,recorded,True,True,,39968,1331.1008,True,82.9,10.7,0.03694871790987477,False,61.599393672309816,2518.3616943359375,31.46564429020509,1041.5953369140625,1042.681595,663.663341,1706.344936,33.10262225389422,0.027551222126930952,0.0,,,,0.0,30.106198159977794,1476.766357421875,1478.162842,735.980172,2214.143014,49.0519045139695,1041.5953369140625,0.0,1476.766357421875,33.10262225389422,0.0,49.0519045139695
stack,shopizer,stack,baseline,control,2,stack,True,,True,True,True,True,recorded,True,True,,40293,1341.8393,True,84.6,10.8,0.036501021436435147,False,64.59089369187132,2557.3182373046875,34.45203172788024,1086.5825805664062,1088.685934,691.9926129999999,1780.678547,31.538998603878895,0.025580123998224735,0.0,,,,0.0,30.11328183999285,1470.7356567382812,1473.0739879999999,735.7937099999999,2208.867698,48.840098683134116,1086.5825805664062,0.0,1470.7356567382812,31.538998603878895,0.0,48.840098683134116
stack,shopizer,stack,baseline,control,3,stack,True,,True,True,True,True,recorded,True,True,,39947,1329.0087,True,85.2,10.9,0.03694545388606701,False,61.639950179029256,2513.9264526367188,31.470689511857927,1038.06640625,1039.5764399999998,664.891669,1704.468109,32.985181524505975,0.027284756302833557,0.0,,,,0.0,30.141975910868496,1475.8600463867188,1473.9036980000003,738.411745,2212.3154430000004,48.96361309394312,1038.06640625,0.0,1475.8600463867188,32.985181524505975,0.0,48.96361309394312
stack,shopizer,stack,baseline,control,4,stack,True,,True,True,True,True,recorded,True,True,,39530,1315.6165,True,84.3,10.7,0.03760814632972584,False,61.60348515305668,2504.2838745117188,31.44899653084576,1017.6338500976562,1019.4468530000001,654.313938,1673.7607910000002,32.35822958928251,0.026865712832659483,0.0,,,,0.0,30.12762290937826,1486.6500244140625,1489.4500439999997,733.557815,2223.007859,49.345082049314,1017.6338500976562,0.0,1486.6500244140625,32.35822958928251,0.0,49.345082049314
stack,shopizer,stack,baseline,control,5,stack,True,,True,True,True,True,recorded,True,True,,41904,1395.7576,True,87.8,11.1,0.03580079400935397,False,64.46221837773919,2598.15869140625,34.317599719855934,1097.9622192382812,1096.592529,695.570973,1792.1635019999999,31.994143768831467,0.030107730068266392,,,,,,30.11451092781499,1500.1964721679688,1498.153696,736.195442,2234.349138,49.81639833912514,1097.9622192382812,,1500.1964721679688,31.994143768831467,,49.81639833912514
stack,shopizer,stack,baseline,control,6,stack,True,,True,True,True,True,recorded,True,True,,40278,1341.2495,True,82.7,10.7,0.03666960456128734,False,61.58471042569727,2503.607421875,31.443191043566912,1026.6290893554688,1028.295829,648.6014889999999,1676.8973179999998,32.65028310685759,0.027462094090878963,0.0,,,,0.0,30.114057288039476,1476.9783325195312,1482.3776140000002,734.2550780000001,2216.632692,49.04614208548208,1026.6290893554688,0.0,1476.9783325195312,32.65028310685759,0.0,49.04614208548208
stack,shopizer,stack,baseline,control,7,stack,True,,True,True,True,True,recorded,True,True,,41384,1376.9332,True,85.0,11.0,0.03587689667957423,False,64.53071566903964,2556.96875,34.368915025144815,1072.2392578125,1074.1910970000001,678.366305,1752.5574020000001,31.19793735205297,0.026008172892034054,0.0,,,,0.0,30.135792471002787,1484.7294921875,1487.22245,738.31885,2225.5413,49.2679757340423,1072.2392578125,0.0,1484.7294921875,31.19793735205297,0.0,49.2679757340423
stack,shopizer,stack,baseline,control,8,stack,True,,True,True,True,True,recorded,True,True,,41724,1389.5579,True,86.2,11.1,0.03604695164063623,False,64.7239938271232,2597.7838134765625,34.582362403161824,1093.7608032226562,1092.604076,695.9250979999999,1788.529174,31.627706357118477,0.031134279910475016,,,,,,30.110497144050896,-260639.9769897461,1506.282643,737.3704869999999,2243.6531299999997,-8656.116693883356,1093.7608032226562,,1504.0230102539062,31.627706357118477,,49.95012214705544
stack,shopizer,stack,baseline,control,9,stack,True,,True,True,True,True,recorded,True,True,,40515,1349.0585,True,83.9,10.6,0.03645029172740806,False,61.72361386567354,2500.233154296875,31.55976964859292,1023.4495849609375,1024.825257,646.622551,1671.447808,32.42893076713466,0.03668230725452304,0.0,,,,0.0,30.1271619098261,1476.7835693359375,1475.0510949999998,738.448488,2213.499583,49.018343438924404,1023.4495849609375,0.0,1476.7835693359375,32.42893076713466,0.0,49.018343438924404
stack,shopizer,stack,blafs,file-removal,0,stack,True,,True,True,True,True,recorded,True,True,,39886,1327.933,True,82.3,10.6,0.036738900813607846,False,64.70535828685388,2556.603271484375,34.56183687411249,1091.2354736328125,1093.232003,694.353386,1787.585389,31.573422373570946,0.02796338591724634,0.0,,,,0.0,30.115558026824147,1465.3677978515625,1470.9673040000002,739.872984,2210.8402880000003,48.65816520970154,1091.2354736328125,0.0,1465.3677978515625,31.573422373570946,0.0,48.65816520970154
stack,shopizer,stack,blafs,file-removal,1,stack,True,,True,True,True,True,recorded,True,True,,39746,1322.6943,True,82.9,10.5,0.03693381715347535,False,64.59260431071743,2562.3912963867188,34.44184461096302,1094.4197998046875,1096.594788,691.557739,1788.1525270000002,31.775876471387598,0.02071149880066514,,,,,,30.130048200953752,1467.9714965820312,1465.822785,735.1229350000001,2200.94572,48.7211798265747,1094.4197998046875,,1467.9714965820312,31.775876471387598,,48.7211798265747
stack,shopizer,stack,blafs,file-removal,10,stack,True,,True,True,True,True,recorded,True,True,,39578,1318.1714,True,83.0,10.4,0.0374067397987242,False,64.69529398111627,2575.3235473632812,34.55745833506808,1094.839599609375,1096.3923949999999,686.415174,1782.8075689999998,31.681716548533263,0.027178335934877396,0.0,,,,0.0,30.11065731011331,1480.4839477539062,1486.0445960000002,732.6275799999999,2218.672176,49.1681045852378,1094.839599609375,0.0,1480.4839477539062,31.681716548533263,0.0,49.1681045852378
stack,shopizer,stack,blafs,file-removal,11,stack,True,,True,True,True,True,recorded,True,True,,41386,1378.0526,True,82.7,10.7,0.036048114533088635,False,64.97351641999558,2605.5556030273438,34.828029656317085,1113.6683349609375,1115.181716,704.002287,1819.184003,31.976208414619318,0.029474953655153513,,,,,,30.116011810023338,1491.8872680664062,1489.8300479999998,736.350837,2226.1808849999998,49.53800913206808,1113.6683349609375,,1491.8872680664062,31.976208414619318,,49.53800913206808
stack,shopizer,stack,blafs,file-removal,12,stack,True,,True,True,True,True,recorded,True,True,,38887,1294.448,True,82.8,10.4,0.03769677186915373,False,61.664256202057004,2513.08984375,31.511674562934786,1047.1754760742188,1048.67859,673.97209,1722.65068,33.231349669558526,0.02794024534523487,,,,,,30.124641393776983,1465.9143676757812,1463.6875989999999,734.571301,2198.2589,48.66163711341651,1047.1754760742188,,1465.9143676757812,33.231349669558526,,48.66163711341651
stack,shopizer,stack,blafs,file-removal,13,stack,True,,True,True,True,True,recorded,True,True,,40206,1338.9435,True,84.2,10.8,0.036916587338876664,False,61.604462056886405,2498.1278686523438,31.45768635207787,1013.8595581054688,1015.68429,638.658644,1654.342934,32.22931104208496,0.028825270012021065,0.0,,,,0.0,30.117950434796512,1484.268310546875,1486.7961200000002,736.7557429999999,2223.551863,49.281849831057514,1013.8595581054688,0.0,1484.268310546875,32.22931104208496,0.0,49.281849831057514
stack,shopizer,stack,blafs,file-removal,14,stack,True,,True,True,True,True,recorded,True,True,,41244,1373.7709,True,83.0,10.6,0.03594891234889848,False,64.78614603308961,2575.4376831054688,34.642895757220685,1092.7607421875,1094.641912,690.113834,1784.755746,31.543573893060998,0.032175642903894186,,,,,,30.11107463296503,1482.6769409179688,1480.7066579999998,737.1633959999999,2217.870054,49.240253261992926,1092.7607421875,,1482.6769409179688,31.543573893060998,,49.240253261992926
stack,shopizer,stack,blafs,file-removal,15,stack,True,,True,True,True,True,recorded,True,True,,41320,1375.0711,True,84.3,10.8,0.03598832520949298,False,61.53934072703123,2507.6577758789062,31.37492294702679,1020.6201782226562,1022.119575,653.575659,1675.695234,32.529806684971454,0.027466848026961088,,,,,,30.13695093197748,1487.03759765625,1485.642193,742.597952,2228.2401449999998,49.34266910453757,1020.6201782226562,,1487.03759765625,32.529806684971454,,49.34266910453757
stack,shopizer,stack,blafs,file-removal,16,stack,True,,True,True,True,True,recorded,True,True,,39862,1327.4121,True,84.2,10.7,0.037009613709289235,False,64.65318415686488,2567.8848876953125,34.50690631382167,1092.607666015625,1091.5571419999999,691.923461,1783.480603,31.66344893624912,0.026314333081245422,,,,,,30.119963509961963,1475.2772216796875,1472.8206919999998,739.088623,2211.909315,48.98004677833524,1092.607666015625,,1475.2772216796875,31.66344893624912,,48.98004677833524
stack,shopizer,stack,blafs,file-removal,17,stack,True,,True,True,True,True,recorded,True,True,,39473,1314.2822,True,81.5,10.3,0.03760106264042431,False,64.711163606029,2571.6235961914062,34.56953818304464,1087.3968505859375,1089.3753239999999,682.952658,1772.3279819999998,31.455347908560555,0.02652195980772376,0.0,,,,0.0,30.115103463176638,1484.2267456054688,1486.5931790000002,736.024666,2222.617845,49.28512855419251,1087.3968505859375,0.0,1484.2267456054688,31.455347908560555,0.0,49.28512855419251
stack,shopizer,stack,blafs,file-removal,18,stack,True,,True,True,True,True,recorded,True,True,,40836,1359.5107,True,83.5,10.5,0.036680991484516576,False,64.86186278099194,2613.6569213867188,34.716270587872714,1115.751953125,1114.854323,696.240039,1811.094362,32.1391651301036,0.02602885104715824,,,,,,30.11956334207207,1497.9049682617188,1495.633195,735.1399029999999,2230.7730979999997,49.731961624071495,1115.751953125,,1497.9049682617188,32.1391651301036,,49.731961624071495
stack,shopizer,stack,blafs,file-removal,19,stack,True,,True,True,True,True,recorded,True,True,,39751,1322.8082,True,82.9,10.3,0.0367669955802016,False,64.86708808504045,2580.6165161132812,34.70783940097317,1119.0916748046875,1118.299932,707.106588,1825.40652,32.243196180437245,0.027025843039155006,,,,,,30.132222841028124,1461.5248413085938,1459.36864,737.5560949999999,2196.9247349999996,48.503718063526904,1119.0916748046875,,1461.5248413085938,32.243196180437245,,48.503718063526904
stack,shopizer,stack,blafs,file-removal,2,stack,True,,True,True,True,True,recorded,True,True,,40880,1361.2413,True,82.9,10.7,0.036323962426232266,False,61.58164973882958,2515.5236206054688,31.438221435062587,1030.6000366210938,1032.115094,653.411718,1685.526812,32.78175385175195,0.026772309094667435,,,,,,30.11665599467233,1484.923583984375,1485.886333,733.6078020000001,2219.494135,49.3057258497444,1030.6000366210938,,1484.923583984375,32.78175385175195,,49.3057258497444
stack,shopizer,stack,blafs,file-removal,3,stack,True,,,,True,True,posthoc,True,True,,40004,1332.0467,True,83.1,10.8,0.03693878048718566,False,61.61696050595492,2501.4821166992188,31.45503900386393,1023.7831420898438,1025.214599,642.962588,1668.1771869999998,32.54750826931362,0.03590236185118556,,,,,,30.126019140239805,1477.698974609375,1478.9846169999998,737.2377970000001,2216.222414,49.05058871968878,1023.7831420898438,,1477.698974609375,32.54750826931362,,49.05058871968878
stack,shopizer,stack,blafs,file-removal,4,stack,True,,True,True,True,True,recorded,True,True,,38348,1276.8845,True,83.6,10.1,0.03849821925300048,False,64.62520319968462,2576.1951293945312,34.48157680500299,1099.8654174804688,1101.442859,691.200379,1792.643238,31.897190308329737,0.030076562892645597,0.0,,,,0.0,30.113549831788987,1476.3297119140625,1474.405649,737.6766389999999,2212.082288,49.02542942166166,1099.8654174804688,0.0,1476.3297119140625,31.897190308329737,0.0,49.02542942166166
stack,shopizer,stack,blafs,file-removal,5,stack,True,,True,True,True,True,recorded,True,True,,40860,1360.4735,True,82.5,10.7,0.0361892214722337,False,61.82683756900951,2541.8662109375,31.680179676041007,1063.1746215820312,1064.614218,685.391068,1750.005286,33.55961463773155,0.028380455914884806,0.0,,,,0.0,30.11827743705362,1478.6915893554688,1476.967105,738.106448,2215.073553,49.096154069431556,1063.1746215820312,0.0,1478.6915893554688,33.55961463773155,0.0,49.096154069431556
stack,shopizer,stack,blafs,file-removal,6,stack,True,,True,True,True,True,recorded,True,True,,41055,1366.8695,True,82.4,10.9,0.036330674635683076,False,64.63194091524929,2589.4613647460938,34.48446064302698,1097.905517578125,1099.46441,696.833666,1796.298076,31.837688544510552,0.02842309419065714,0.0,,,,0.0,30.119057178031653,1491.5558471679688,1489.9076229999998,737.8391750000001,2227.746798,49.52199660007569,1097.905517578125,0.0,1491.5558471679688,31.837688544510552,0.0,49.52199660007569
stack,shopizer,stack,blafs,file-removal,7,stack,True,,True,True,True,True,recorded,True,True,,40517,1348.3329,True,83.0,10.8,0.036794757049799315,False,64.77463461412117,2589.0319213867188,34.608805349096656,1098.21875,1097.390135,694.438774,1791.828909,31.732350739135388,0.028744840063154697,,,,,,30.13708442496136,1490.8131713867188,1488.724522,733.862379,2222.586901,49.46773053308159,1098.21875,,1490.8131713867188,31.732350739135388,,49.46773053308159
stack,shopizer,stack,blafs,file-removal,8,stack,True,,True,True,True,True,recorded,True,True,,39928,1328.9172,True,82.4,10.4,0.037122088619378164,False,64.64673430472612,2548.7239990234375,34.48946969071403,1066.5132446289062,1065.7969540000001,676.7981940000001,1742.5951480000003,30.922865854213324,0.029078500345349312,,,,,,30.128186113666743,1482.2107543945312,1484.1816250000002,735.2608129999999,2219.442438,49.19681353542127,1066.5132446289062,,1482.2107543945312,30.922865854213324,,49.19681353542127
stack,shopizer,stack,blafs,file-removal,9,stack,True,,True,True,True,True,recorded,True,True,,40372,1343.8768,True,82.6,10.6,0.036761467655007644,False,64.62819299986586,2586.1467895507812,34.47275445377454,1102.0128173828125,1104.192729,697.018296,1801.211025,31.967646184482636,0.027187070343643427,0.0,,,,0.0,30.128251475747675,1484.1339721679688,1486.408976,736.9521540000001,2223.3611300000002,49.26054116889762,1102.0128173828125,0.0,1484.1339721679688,31.967646184482636,0.0,49.26054116889762
stack,shopizer,stack,slim,file-removal,0,stack,False,TimeoutError: stack not ready,,,,,none,False,False,,,,,,,,False,,,,,,,,,,,,,,,,,,,,,,,,,,
stack,shopizer,stack,slim,file-removal,1,stack,False,TimeoutError: stack not ready,,,,,none,False,False,,,,,,,,False,,,,,,,,,,,,,,,,,,,,,,,,,,
stack,shopizer,stack,slim,file-removal,10,stack,False,TimeoutError: stack not ready,,,,,none,False,False,,,,,,,,False,,,,,,,,,,,,,,,,,,,,,,,,,,
stack,shopizer,stack,slim,file-removal,11,stack,False,TimeoutError: stack not ready,,,,,none,False,False,,,,,,,,False,,,,,,,,,,,,,,,,,,,,,,,,,,
stack,shopizer,stack,slim,file-removal,12,stack,False,TimeoutError: stack not ready,,,,,none,False,False,,,,,,,,False,,,,,,,,,,,,,,,,,,,,,,,,,,
stack,shopizer,stack,slim,file-removal,13,stack,False,TimeoutError: stack not ready,,,,,none,False,False,,,,,,,,False,,,,,,,,,,,,,,,,,,,,,,,,,,
stack,shopizer,stack,slim,file-removal,14,stack,False,TimeoutError: stack not ready,,,,,none,False,False,,,,,,,,False,,,,,,,,,,,,,,,,,,,,,,,,,,
stack,shopizer,stack,slim,file-removal,15,stack,False,TimeoutError: stack not ready,,,,,none,False,False,,,,,,,,False,,,,,,,,,,,,,,,,,,,,,,,,,,
stack,shopizer,stack,slim,file-removal,16,stack,False,TimeoutError: stack not ready,,,,,none,False,False,,,,,,,,False,,,,,,,,,,,,,,,,,,,,,,,,,,
stack,shopizer,stack,slim,file-removal,17,stack,False,TimeoutError: stack not ready,,,,,none,False,False,,,,,,,,False,,,,,,,,,,,,,,,,,,,,,,,,,,
stack,shopizer,stack,slim,file-removal,18,stack,False,TimeoutError: stack not ready,,,,,none,False,False,,,,,,,,False,,,,,,,,,,,,,,,,,,,,,,,,,,
stack,shopizer,stack,slim,file-removal,19,stack,False,TimeoutError: stack not ready,,,,,none,False,False,,,,,,,,False,,,,,,,,,,,,,,,,,,,,,,,,,,
stack,shopizer,stack,slim,file-removal,2,stack,False,TimeoutError: stack not ready,,,,,none,False,False,,,,,,,,False,,,,,,,,,,,,,,,,,,,,,,,,,,
stack,shopizer,stack,slim,file-removal,3,stack,False,TimeoutError: stack not ready,,,,,none,False,False,,,,,,,,False,,,,,,,,,,,,,,,,,,,,,,,,,,
stack,shopizer,stack,slim,file-removal,4,stack,False,TimeoutError: stack not ready,,,,,none,False,False,,,,,,,,False,,,,,,,,,,,,,,,,,,,,,,,,,,
stack,shopizer,stack,slim,file-removal,5,stack,False,TimeoutError: stack not ready,,,,,none,False,False,,,,,,,,False,,,,,,,,,,,,,,,,,,,,,,,,,,
stack,shopizer,stack,slim,file-removal,6,stack,False,TimeoutError: stack not ready,,,,,none,False,False,,,,,,,,False,,,,,,,,,,,,,,,,,,,,,,,,,,
stack,shopizer,stack,slim,file-removal,7,stack,False,TimeoutError: stack not ready,,,,,none,False,False,,,,,,,,False,,,,,,,,,,,,,,,,,,,,,,,,,,
stack,shopizer,stack,slim,file-removal,8,stack,False,TimeoutError: stack not ready,,,,,none,False,False,,,,,,,,False,,,,,,,,,,,,,,,,,,,,,,,,,,
stack,shopizer,stack,slim,file-removal,9,stack,False,TimeoutError: stack not ready,,,,,none,False,False,,,,,,,,False,,,,,,,,,,,,,,,,,,,,,,,,,,
stack,sock-shop,stack,baseline,control,0,stack,True,,True,False,True,False,recorded,False,True,,25943,862.9565,True,85.3,9.8,0.058413159528822804,False,43.79668669914827,2215.1495361328125,13.659260428044945,699.7369384765625,696.646777,317.013532,1013.6603090000001,51.22802527725991,0.00699597829952836,,,,,,30.130430292803794,1515.41259765625,1518.6656669999998,728.5403110000001,2247.205978,50.295086493277985,699.7369384765625,,1515.41259765625,51.22802527725991,,50.295086493277985
stack,sock-shop,stack,baseline,control,1,stack,True,,True,False,True,False,recorded,False,True,,25770,856.7644,True,87.4,9.9,0.05930329731003832,False,43.87385379336774,2228.1293334960938,13.727504655253142,699.8833618164062,702.319491,315.535386,1017.854877,50.98401926591807,0.010889952071011066,,,,,,30.13545918604359,1528.2459716796875,1529.647391,726.348604,2255.995995,50.71254969917474,699.8833618164062,,1528.2459716796875,50.98401926591807,,50.71254969917474
stack,sock-shop,stack,baseline,control,10,stack,True,,True,False,True,False,recorded,False,True,,25892,860.3235,True,86.8,9.9,0.0586073657524525,False,43.84964266931638,2212.9474487304688,13.673246014863253,695.4855346679688,692.431516,314.28252100000003,1006.714037,50.8646983980215,0.011870178394019604,,,,,,30.16452647605911,1517.4619140625,1514.917325,724.540931,2239.458256,50.30617388497296,695.4855346679688,,1517.4619140625,50.8646983980215,,50.30617388497296
stack,sock-shop,stack,baseline,control,11,stack,True,,True,False,True,False,recorded,False,True,,25964,861.949,True,85.4,10.0,0.05835872562580641,False,43.961357867810875,2221.3038330078125,13.770942938048393,706.077880859375,702.99167,314.630909,1017.622579,51.27302349852303,0.006887117866426706,,,,,,30.183527811896056,1515.2259521484375,1518.3507879999997,730.0180899999999,2248.3688779999998,50.200425927391116,706.077880859375,,1515.2259521484375,51.27302349852303,,50.200425927391116
stack,sock-shop,stack,baseline,control,12,stack,True,,True,False,True,False,recorded,False,True,,26471,879.5592,True,84.2,9.8,0.057267347293087245,False,43.99446801189333,2221.4187622070312,13.832878038752824,705.4948120117188,708.441241,320.91366899999997,1029.35491,51.00130356352989,0.006923330947756767,,,,,,30.15466664219275,1515.9239501953125,1513.500825,724.8037479999999,2238.304573,50.27162024978961,705.4948120117188,,1515.9239501953125,51.00130356352989,,50.27162024978961
stack,sock-shop,stack,baseline,control,13,stack,True,,True,False,True,False,recorded,False,True,,25767,855.3599,True,86.9,9.6,0.05933197764082329,False,43.91773536475375,2228.5615844726562,13.726649580989033,699.7545166015625,701.1550040000001,314.790149,1015.9451530000001,50.97780871238237,0.007169404067099094,,,,,,30.18391637969762,1528.8070678710938,1527.198178,725.1670889999999,2252.365267,50.64972512643865,699.7545166015625,,1528.8070678710938,50.97780871238237,,50.64972512643865
stack,sock-shop,stack,baseline,control,14,stack,True,,True,False,True,False,recorded,False,True,,25407,844.8292,True,88.3,9.8,0.060541808555928237,False,43.96219352586195,2240.0550537109375,13.817940289154649,701.8693237304688,704.317899,320.025304,1024.343203,50.794062576847885,0.007042327895760536,,,,,,30.13721090881154,1538.1857299804688,1535.700231,720.2043940000001,2255.904625,51.03941883124735,701.8693237304688,,1538.1857299804688,50.794062576847885,,51.03941883124735
stack,sock-shop,stack,baseline,control,15,stack,True,,True,False,True,False,recorded,False,True,,26135,868.9478,True,86.4,9.9,0.05816136607025421,False,43.86667231004685,2218.8026123046875,13.713562524877489,698.7553100585938,701.141943,320.574863,1021.7168059999999,50.953594938659904,0.010474862065166235,,,,,,30.142634923104197,1520.0473022460938,1520.9137699999999,730.62606,2251.5398299999997,50.42848132301082,698.7553100585938,,1520.0473022460938,50.953594938659904,,50.42848132301082
stack,sock-shop,stack,baseline,control,16,stack,True,,True,False,True,False,recorded,False,True,,26127,867.9517,True,84.7,9.8,0.05822693634996842,False,43.90655079996213,2223.6846313476562,13.738305435981601,702.3894653320312,704.564847,314.46641900000003,1019.031266,51.126353872758074,0.007677227258682251,,,,,,30.16056813672185,1521.295166015625,1519.103167,725.415013,2244.51818,50.439870997104315,702.3894653320312,,1521.295166015625,51.126353872758074,,50.439870997104315
stack,sock-shop,stack,baseline,control,17,stack,True,,True,False,True,False,recorded,False,True,,25968,863.1362,True,87.0,9.9,0.05884897510577923,False,43.964395391754806,2235.539794921875,13.802480251993984,707.349609375,709.939588,317.44791799999996,1027.387506,51.24800734801358,0.008738968055695295,,,,,,30.153176171705127,1528.190185546875,1525.7052010000002,727.7223809999999,2253.4275820000003,50.68090263011446,707.349609375,,1528.190185546875,51.24800734801358,,50.68090263011446
stack,sock-shop,stack,baseline,control,18,stack,True,,True,False,True,False,recorded,False,True,,25979,863.6115,True,86.5,9.9,0.058900591508405827,False,43.88441214803606,2230.5250244140625,13.724061050917953,700.3465576171875,702.840547,320.240269,1023.080816,51.03056267520348,0.0117339170537889,,,,,,30.14861718006432,1530.178466796875,1527.996333,726.803498,2254.7998310000003,50.75451579280727,700.3465576171875,,1530.178466796875,51.03056267520348,,50.75451579280727
stack,sock-shop,stack,baseline,control,19,stack,True,,True,True,True,True,recorded,True,True,,25815,858.7407,True,86.0,9.7,0.058784099773175724,False,43.934146464802325,2223.2354125976562,13.796638347674161,705.723876953125,708.477251,317.598064,1026.075315,51.15187186682298,0.009308012202382088,,,,,,30.12820010492578,1517.5115356445312,1515.095425,724.1601340000001,2239.255559,50.36847638954798,705.723876953125,,1517.5115356445312,51.15187186682298,,50.36847638954798
stack,sock-shop,stack,baseline,control,2,stack,True,,True,False,True,False,recorded,False,True,,26079,866.1556,True,86.2,10.0,0.058334371064392085,False,43.913733480963856,2221.4417724609375,13.726652823854238,700.1397094726562,702.136631,314.906298,1017.042929,51.00585834413692,0.01040341192856431,,,,,,30.176677245181054,1521.3020629882812,1519.4798130000004,728.572048,2248.0518610000004,50.413173412961484,700.1397094726562,,1521.3020629882812,51.00585834413692,,50.413173412961484
stack,sock-shop,stack,baseline,control,3,stack,True,,True,False,True,False,recorded,False,True,,26384,876.7436,True,87.0,9.9,0.057927709409437304,False,43.94047171669081,2230.5714111328125,13.778227347880602,702.2067260742188,699.2405190000001,316.592512,1015.8330310000001,50.9649542241175,0.007127833086997271,,,,,,30.15511653572321,1528.3646850585938,1526.011474,725.574925,2251.586399,50.683428241705485,702.2067260742188,,1528.3646850585938,50.9649542241175,,50.683428241705485
stack,sock-shop,stack,baseline,control,4,stack,True,,True,False,True,False,recorded,False,True,,25882,859.9732,True,87.7,9.9,0.05909306059185076,False,43.937820323277265,2233.3836669921875,13.77148976130411,703.9370727539062,701.659641,316.465926,1018.125567,51.1155354253588,0.010960526764392853,,,,,,30.15537003520876,1529.4465942382812,1532.5045599999999,730.279319,2262.7838789999996,50.71888000221958,703.9370727539062,,1529.4465942382812,51.1155354253588,,50.71888000221958
stack,sock-shop,stack,baseline,control,5,stack,True,,True,False,True,False,recorded,False,True,,25763,857.2241,True,86.9,9.8,0.059253779247218634,False,43.89139811554924,2232.36376953125,13.770933258812875,705.8086547851562,704.224821,318.019206,1022.244027,51.25350922265675,0.008622304070740938,,,,,,30.11184255266562,1526.5551147460938,1528.9902260000003,727.029816,2256.020042,50.696170852917696,705.8086547851562,,1526.5551147460938,51.25350922265675,,50.696170852917696
stack,sock-shop,stack,baseline,control,6,stack,True,,True,False,True,False,recorded,False,True,,26018,864.3664,True,86.4,10.0,0.05877419054686899,False,43.98213079525158,2236.9345703125,13.810810458380729,707.7476806640625,709.9662010000001,317.018232,1026.984433,51.24591947712847,0.011175327003002167,,,,,,30.160145009867847,1529.1868896484375,1530.8376340000002,726.988374,2257.826008,50.7022393011743,707.7476806640625,,1529.1868896484375,51.24591947712847,,50.7022393011743
stack,sock-shop,stack,baseline,control,7,stack,True,,True,False,True,False,recorded,False,True,,26420,878.1862,True,84.7,9.9,0.05737170465600752,False,43.909252986777574,2222.0463256835938,13.745546055026352,706.285888671875,704.14871,317.923014,1022.0717240000001,51.38289056283846,0.010011527687311172,,,,,,30.15369540406391,1515.7604370117188,1518.4026680000002,726.3643509999999,2244.767019,50.267816819806264,706.285888671875,,1515.7604370117188,51.38289056283846,,50.267816819806264
stack,sock-shop,stack,baseline,control,8,stack,True,,True,False,True,False,recorded,False,True,,26110,867.5,True,86.1,9.8,0.05821466347304673,False,43.904031437821686,2217.2237548828125,13.73595326114446,697.2388916015625,699.389628,316.418135,1015.807763,50.76013861912847,0.009160269983112812,,,,,,30.158917906694114,1519.98486328125,1518.022176,729.2508190000001,2247.2729950000003,50.39918434685855,697.2388916015625,,1519.98486328125,50.76013861912847,,50.39918434685855
stack,sock-shop,stack,baseline,control,9,stack,True,,True,False,True,False,recorded,False,True,,25443,845.6118,True,88.8,9.7,0.06039986094836988,False,43.9138621808961,2235.6915893554688,13.757479992229491,698.9379272460938,695.679005,316.444868,1012.123873,50.804211791757524,0.010411457624286413,,,,,,30.145970731042325,1536.753662109375,1539.9836060000002,725.6401099999999,2265.623716,50.9770833329619,698.9379272460938,,1536.753662109375,50.804211791757524,,50.9770833329619
stack,sock-shop,stack,blafs,file-removal,0,stack,True,,True,False,True,False,recorded,False,True,,25674,853.6303,True,87.1,10.2,0.05955865415279076,False,43.871815705206245,2231.608642578125,13.731240476015955,702.499755859375,705.374904,325.714559,1031.089463,51.16069135096828,0.006948006805032492,,,,,,30.133627222385257,1529.10888671875,1526.4754019999998,726.413058,2252.8884599999997,50.74426903319579,702.499755859375,,1529.10888671875,51.16069135096828,,50.74426903319579
stack,sock-shop,stack,blafs,file-removal,1,stack,True,,True,False,True,False,recorded,False,True,,26657,885.7911,True,83.3,10.5,0.05628183710247309,False,43.9259221800603,2201.0677490234375,13.7607201943174,700.7628173828125,702.860871,327.645707,1030.506578,50.92486494073167,0.007194798905402422,0.0,,,,0.0,30.158007186837494,1500.304931640625,1503.914363,731.8053769999999,2235.71974,49.74814557028938,700.7628173828125,0.0,1500.304931640625,50.92486494073167,0.0,49.74814557028938
stack,sock-shop,stack,blafs,file-removal,10,stack,True,,True,False,True,False,recorded,False,True,,25874,859.7462,True,86.7,10.3,0.05879615629770716,False,43.93697294127196,2223.5890502929688,13.775358338374645,702.2973022460938,699.3097939999999,323.799708,1023.1095019999999,50.982143984572225,0.007130767684429884,,,,,,30.154483835212886,1521.291748046875,1519.060198,732.0915089999999,2251.151707,50.44993495363324,702.2973022460938,,1521.291748046875,50.982143984572225,,50.44993495363324
stack,sock-shop,stack,blafs,file-removal,11,stack,True,,True,False,True,False,recorded,False,True,,25858,859.1653,True,85.7,10.4,0.059018387854611,False,43.908864547964185,2227.2069702148438,13.748453747946769,701.1094970703125,703.1850900000001,327.854752,1031.0398420000001,50.995516290333235,0.0066849179565906525,,,,,,30.153725882060826,1526.0974731445312,1524.024418,729.818444,2253.842862,50.610577250503006,701.1094970703125,,1526.0974731445312,50.995516290333235,,50.610577250503006
stack,sock-shop,stack,blafs,file-removal,12,stack,True,,True,False,True,False,recorded,False,True,,26127,868.2773,True,85.7,10.2,0.05799261199650984,False,43.8540404480882,2219.2313842773438,13.68655190197751,704.0584106445312,702.170566,324.388208,1026.558774,51.44162062782263,0.009010231122374535,,,,,,30.158478314988315,1515.1729736328125,1518.1330160000002,727.5357350000002,2245.668751,50.240365505437126,704.0584106445312,,1515.1729736328125,51.44162062782263,,50.240365505437126
stack,sock-shop,stack,blafs,file-removal,13,stack,True,,True,False,True,False,recorded,False,True,,25994,863.8521,True,85.3,10.8,0.05826338201318694,False,43.975021397229284,2214.037353515625,13.814549284987152,699.5390014648438,702.053317,332.676577,1034.729894,50.63784471239044,0.008539262227714062,,,,,,30.15193285001442,1514.4983520507812,1512.1915629999999,732.3402879999999,2244.5318509999997,50.22889774875765,699.5390014648438,,1514.4983520507812,50.63784471239044,,50.22889774875765
stack,sock-shop,stack,blafs,file-removal,14,stack,True,,True,False,True,False,recorded,False,True,,26005,864.4952,True,85.6,10.3,0.057990709512743946,False,44.02120056794956,2216.041259765625,13.870085606817156,707.9928588867188,705.892175,329.902903,1035.7950779999999,51.0445918616926,0.011284484062343836,,,,,,30.139830477070063,1508.0484008789062,1510.844582,735.3362520000001,2246.180834,50.03506579196612,707.9928588867188,,1508.0484008789062,51.0445918616926,,50.03506579196612
stack,sock-shop,stack,blafs,file-removal,15,stack,True,,True,False,True,False,recorded,False,True,,26047,865.6307,True,85.2,10.3,0.05807060323420763,False,43.829782953020185,2215.5305786132812,13.671580200083554,702.965576171875,700.0008320000001,328.054214,1028.055046,51.418019415749676,0.0072695789858698845,,,,,,30.15093317395076,1512.5650024414062,1515.4012109999999,732.3711110000002,2247.772322,50.166440743804365,702.965576171875,,1512.5650024414062,51.418019415749676,,50.166440743804365
stack,sock-shop,stack,blafs,file-removal,16,stack,True,,,,True,True,posthoc,True,True,,25589,849.5622,True,87.4,10.0,0.05974779364195187,False,43.89350445289165,2225.0711669921875,13.704336123075336,696.1848754882812,699.114604,324.371728,1023.486332,50.80033569200382,0.010412907227873802,,,,,,30.178755422588438,1528.8862915039062,1526.4520859999998,727.6529839999998,2254.1050699999996,50.66101202965955,696.1848754882812,,1528.8862915039062,50.80033569200382,,50.66101202965955
stack,sock-shop,stack,blafs,file-removal,17,stack,True,,,,True,False,posthoc,False,True,,25760,856.889,True,85.4,10.3,0.05873759015006308,False,43.93729904014617,2218.3958129882812,13.808764290064573,705.3154907226562,708.151508,327.922622,1036.07413,51.07737925761625,0.007190272212028503,,,,,,30.12134447786957,1513.080322265625,1510.5657740000001,727.749907,2238.315681,50.232828198532076,705.3154907226562,,1513.080322265625,51.07737925761625,,50.232828198532076
stack,sock-shop,stack,blafs,file-removal,18,stack,True,,True,False,True,False,recorded,False,True,,25847,859.6327,True,87.8,10.3,0.05968392190930645,False,43.99842415889725,2246.0713500976562,13.853074138052762,703.4210205078125,705.678918,332.8324,1038.5113179999998,50.77725084684257,0.009806681890040636,,,,,,30.13554333895445,1542.6503295898438,1540.829552,732.2421439999998,2273.071696,51.19039375658942,703.4210205078125,,1542.6503295898438,50.77725084684257,,51.19039375658942
stack,sock-shop,stack,blafs,file-removal,19,stack,True,,True,False,True,False,recorded,False,True,,26059,864.8667,True,86.9,10.3,0.05843734082469708,False,43.84294939925894,2228.0748901367188,13.645919204223901,705.2562255859375,707.312459,338.536731,1045.84919,51.68257374465733,0.007773138117045164,0.0,,,,0.0,30.189257056917995,1522.8186645507812,1525.8359370000003,733.6697519999999,2259.505689,50.44240279513009,705.2562255859375,0.0,1522.8186645507812,51.68257374465733,0.0,50.44240279513009
stack,sock-shop,stack,blafs,file-removal,2,stack,True,,True,False,True,False,recorded,False,True,,25715,854.395,True,87.4,10.2,0.05925761027579963,False,43.94353650091216,2228.1832275390625,13.771087224595249,704.373779296875,701.6647069999999,327.213884,1028.878591,51.14874140357335,0.010048501193523407,,,,,,30.162400775123388,1523.8094482421875,1526.8074930000002,729.2506960000001,2256.0581890000003,50.52016447904764,704.373779296875,,1523.8094482421875,51.14874140357335,,50.52016447904764
stack,sock-shop,stack,blafs,file-removal,3,stack,True,,True,False,True,False,recorded,False,True,,25863,859.859,True,85.4,10.3,0.05883747291542817,False,43.88562314398587,2225.29296875,13.739578407723457,703.5794067382812,705.906701,326.90346,1032.8101609999999,51.20822385225276,0.010005645919591188,,,,,,30.13603909034282,1521.7135620117188,1519.7482450000002,731.472737,2251.2209820000003,50.494809800646834,703.5794067382812,,1521.7135620117188,51.20822385225276,,50.494809800646834
stack,sock-shop,stack,blafs,file-removal,4,stack,True,,True,False,True,False,recorded,False,True,,26052,866.4571,True,84.8,10.3,0.05809103931934808,False,44.01594949932769,2223.0092163085938,13.88319795904681,709.6214599609375,707.2244469999999,328.02864,1035.253087,51.11368879520454,0.006817732006311417,,,,,,30.125933808274567,1513.3877563476562,1510.8373800000002,728.4817770000001,2239.3191570000004,50.23538078451132,709.6214599609375,,1513.3877563476562,51.11368879520454,,50.23538078451132
stack,sock-shop,stack,blafs,file-removal,5,stack,True,,True,False,True,False,recorded,False,True,,25501,847.6214,True,86.4,10.0,0.059600936586279706,False,43.96700671687722,2223.5343017578125,13.802175869699568,703.6508178710938,705.823755,326.10622,1031.929975,50.981151415107284,0.01517714699730277,,,,,,30.14965370018035,1519.8834838867188,1517.479574,725.2096299999998,2242.689204,50.41130816960683,703.6508178710938,,1519.8834838867188,50.981151415107284,,50.41130816960683
stack,sock-shop,stack,blafs,file-removal,6,stack,True,,True,False,True,False,recorded,False,True,,25750,855.2715,True,85.9,10.2,0.05890344119766384,False,43.95320991612971,2220.8157348632812,13.771345230285078,704.0521240234375,701.5544170000001,328.679579,1030.233996,51.124426281546576,0.008526097051799297,,,,,,30.17333858879283,1516.7636108398438,1519.4382490000003,731.1980179999998,2250.636267,50.26833893029025,704.0521240234375,,1516.7636108398438,51.124426281546576,,50.26833893029025
stack,sock-shop,stack,blafs,file-removal,7,stack,True,,True,False,True,False,recorded,False,True,,26126,868.1548,True,85.4,10.4,0.058009077777525266,False,44.00492938840762,2219.4981079101562,13.832332843448967,703.9529418945312,706.8739830000001,327.168474,1034.042457,50.8918452051221,0.011084228754043579,,,,,,30.161512316204607,1515.545166015625,1513.1222860000003,730.4829319999999,2243.605218,50.24765171345143,703.9529418945312,,1515.545166015625,50.8918452051221,,50.24765171345143
stack,sock-shop,stack,blafs,file-removal,8,stack,True,,True,False,True,False,recorded,False,True,,25700,854.6983,True,86.4,10.1,0.059359655714220576,False,43.941091232933104,2228.8823852539062,13.798102554865181,703.3392333984375,701.030859,323.239041,1024.2699,50.97361978589162,0.00833006203174591,,,,,,30.134658616036177,1525.5431518554688,1522.9722370000002,727.1960760000001,2250.168313,50.62420554662099,703.3392333984375,,1525.5431518554688,50.97361978589162,,50.62420554662099
stack,sock-shop,stack,blafs,file-removal,9,stack,True,,,,True,False,posthoc,False,True,,26052,866.1121,True,87.0,10.4,0.058646932022373525,False,43.83845795504749,2223.6100463867188,13.693060837686062,695.7401733398438,697.844405,322.461333,1020.305738,50.80968978280055,0.007071327418088913,,,,,,30.138325789943337,1527.869873046875,1525.2261369999999,728.5899319999999,2253.8160689999995,50.69524709818818,695.7401733398438,,1527.869873046875,50.80968978280055,,50.69524709818818
stack,sock-shop,stack,slim,file-removal,0,stack,False,TimeoutError: stack not ready,,,,,none,False,False,,,,,,,,False,,,,,,,,,,,,,,,,,,,,,,,,,,
stack,sock-shop,stack,slim,file-removal,1,stack,False,TimeoutError: stack not ready,,,,,none,False,False,,,,,,,,False,,,,,,,,,,,,,,,,,,,,,,,,,,
stack,sock-shop,stack,slim,file-removal,10,stack,False,TimeoutError: stack not ready,,,,,none,False,False,,,,,,,,False,,,,,,,,,,,,,,,,,,,,,,,,,,
stack,sock-shop,stack,slim,file-removal,11,stack,False,TimeoutError: stack not ready,,,,,none,False,False,,,,,,,,False,,,,,,,,,,,,,,,,,,,,,,,,,,
stack,sock-shop,stack,slim,file-removal,12,stack,False,TimeoutError: stack not ready,,,,,none,False,False,,,,,,,,False,,,,,,,,,,,,,,,,,,,,,,,,,,
stack,sock-shop,stack,slim,file-removal,13,stack,False,TimeoutError: stack not ready,,,,,none,False,False,,,,,,,,False,,,,,,,,,,,,,,,,,,,,,,,,,,
stack,sock-shop,stack,slim,file-removal,14,stack,False,TimeoutError: stack not ready,,,,,none,False,False,,,,,,,,False,,,,,,,,,,,,,,,,,,,,,,,,,,
stack,sock-shop,stack,slim,file-removal,15,stack,False,TimeoutError: stack not ready,,,,,none,False,False,,,,,,,,False,,,,,,,,,,,,,,,,,,,,,,,,,,
stack,sock-shop,stack,slim,file-removal,16,stack,False,TimeoutError: stack not ready,,,,,none,False,False,,,,,,,,False,,,,,,,,,,,,,,,,,,,,,,,,,,
stack,sock-shop,stack,slim,file-removal,17,stack,False,TimeoutError: stack not ready,,,,,none,False,False,,,,,,,,False,,,,,,,,,,,,,,,,,,,,,,,,,,
stack,sock-shop,stack,slim,file-removal,18,stack,False,TimeoutError: stack not ready,,,,,none,False,False,,,,,,,,False,,,,,,,,,,,,,,,,,,,,,,,,,,
stack,sock-shop,stack,slim,file-removal,19,stack,False,TimeoutError: stack not ready,,,,,none,False,False,,,,,,,,False,,,,,,,,,,,,,,,,,,,,,,,,,,
stack,sock-shop,stack,slim,file-removal,2,stack,False,TimeoutError: stack not ready,,,,,none,False,False,,,,,,,,False,,,,,,,,,,,,,,,,,,,,,,,,,,
stack,sock-shop,stack,slim,file-removal,3,stack,False,TimeoutError: stack not ready,,,,,none,False,False,,,,,,,,False,,,,,,,,,,,,,,,,,,,,,,,,,,
stack,sock-shop,stack,slim,file-removal,4,stack,False,TimeoutError: stack not ready,,,,,none,False,False,,,,,,,,False,,,,,,,,,,,,,,,,,,,,,,,,,,
stack,sock-shop,stack,slim,file-removal,5,stack,False,TimeoutError: stack not ready,,,,,none,False,False,,,,,,,,False,,,,,,,,,,,,,,,,,,,,,,,,,,
stack,sock-shop,stack,slim,file-removal,6,stack,False,TimeoutError: stack not ready,,,,,none,False,False,,,,,,,,False,,,,,,,,,,,,,,,,,,,,,,,,,,
stack,sock-shop,stack,slim,file-removal,7,stack,False,TimeoutError: stack not ready,,,,,none,False,False,,,,,,,,False,,,,,,,,,,,,,,,,,,,,,,,,,,
stack,sock-shop,stack,slim,file-removal,8,stack,False,TimeoutError: stack not ready,,,,,none,False,False,,,,,,,,False,,,,,,,,,,,,,,,,,,,,,,,,,,
stack,sock-shop,stack,slim,file-removal,9,stack,False,TimeoutError: stack not ready,,,,,none,False,False,,,,,,,,False,,,,,,,,,,,,,,,,,,,,,,,,,,
stack,train-ticket,stack,baseline,control,0,stack,True,,True,True,True,True,recorded,True,True,,544,17.0337,True,99.7,4.8,3.1347466637106502,False,273.48719154438004,14546.315551757812,240.616717570927,12826.2607421875,12826.578125,5553.244939,18379.823064,53.30577555737241,0.5911424760706723,14.75262451171875,14.97103099999913,8.348245000000134,23.319275999999263,24.95612328482896,32.27933149738237,1705.3021850585938,1702.1995000000006,765.681877,2467.8813770000006,52.82953846788561,12826.2607421875,14.75262451171875,1705.3021850585938,53.30577555737241,24.95612328482896,52.82953846788561
stack,train-ticket,stack,baseline,control,1,stack,True,,True,True,True,True,recorded,True,True,,561,17.669,True,99.7,4.9,3.0202534449504235,False,278.2161571760662,14795.245910644531,245.72619851632044,-249060.02368164062,13085.099436,5698.500061,18783.599497,-1013.5672353434417,0.4304963848553598,16.90740966796875,13.299281999999948,6.9208810000000085,20.220162999999957,39.27421986052074,32.05946227489039,1694.3621826171875,1696.346975999999,764.248165,2460.595140999999,52.85061140729879,13083.976318359375,16.90740966796875,1694.3621826171875,53.2461593324587,39.27421986052074,52.85061140729879
stack,train-ticket,stack,baseline,control,10,stack,True,,True,True,True,True,recorded,True,True,,550,17.3358,True,99.6,4.5,3.0751890980113634,False,278.4325724132359,14686.853637695312,245.75460664136335,12981.520690917969,12981.357759,5693.248914000001,18674.606673000002,52.823102151905005,0.657058053649962,13.97894287109375,14.26687000000129,8.31833800000004,22.58520800000133,21.27504988857625,32.02090771822259,1691.35400390625,1692.9841309999993,764.1885949999996,2457.172725999999,52.820301622609136,12981.520690917969,13.97894287109375,1691.35400390625,52.823102151905005,21.27504988857625,52.820301622609136
stack,train-ticket,stack,baseline,control,11,stack,True,,True,True,True,True,recorded,True,True,,555,17.3826,True,99.7,4.7,3.067083795221002,False,277.8205544669181,14741.164611816406,245.04137770691887,13024.43701171875,13022.585009,5666.654683000001,18689.239692000003,53.15199062950338,0.6126375668682158,14.49609375,14.768638999999894,8.60678899999948,23.375427999999374,23.661777425931586,32.16653919313103,-260441.76849365234,1703.8365189999986,767.1486710000008,2470.9851899999994,-8096.6673763047565,13024.43701171875,14.49609375,1702.2315063476562,53.15199062950338,23.661777425931586,52.91932390137754
stack,train-ticket,stack,baseline,control,12,stack,True,,True,True,True,True,recorded,True,True,,569,17.8868,True,99.6,4.7,2.9851436782595564,False,274.4454584689811,14601.338134765625,241.71501177176833,12887.743286132812,12888.937036,5591.5022260000005,18480.439262,53.317926725633626,0.580627913121134,15.048095703125,14.87673200000063,8.276773999999932,23.15350600000056,25.91693468926558,32.14981878409162,1698.5467529296875,1700.7064609999998,763.6340319999999,2464.3404929999997,52.832234120403896,12887.743286132812,15.048095703125,1698.5467529296875,53.317926725633626,25.91693468926558,52.832234120403896
stack,train-ticket,stack,baseline,control,13,stack,True,,True,True,True,True,recorded,True,True,,546,17.141,True,99.6,4.6,3.118430672111092,False,277.6504948763177,14652.996643066406,244.87363056931645,12939.471496582031,12938.157857,5650.4708869999995,18588.628744,52.84142464216559,0.593748539686203,10.86199951171875,14.409936000000016,8.25351899999987,22.663454999999885,18.29393890797497,32.18311576731503,1702.6631469726562,1699.8948180000007,766.0149460000002,2465.909764000001,52.905478738695344,12939.471496582031,10.86199951171875,1702.6631469726562,52.84142464216559,18.29393890797497,52.905478738695344
stack,train-ticket,stack,baseline,control,14,stack,True,,True,True,True,True,recorded,True,True,,559,17.44,True,99.9,4.6,3.0748305209847384,False,279.18123337673023,14901.245544433594,246.2219891147688,13149.94189453125,13153.562701,5685.800141000001,18839.362842000002,53.406854285470864,0.7032525008544326,32.473388671875,32.636758000000555,13.851343999999699,46.488102000000254,46.17600169557978,32.255991761107,1718.8302612304688,1715.8107930000006,766.6128439999993,2482.423637,53.28716208636209,13149.94189453125,32.473388671875,1718.8302612304688,53.406854285470864,46.17600169557978,53.28716208636209
stack,train-ticket,stack,baseline,control,15,stack,True,,True,True,True,True,recorded,True,True,,543,16.9859,True,,,3.1332871399631697,False,276.523123732768,14614.396424,243.70972647191957,129.42315673828125,12900.871513999999,5636.265662,18537.137175999997,0.5310545402183342,0.5852231378667057,,12.149993000000904,6.692487999999685,18.84248100000059,,32.22817412298173,,1701.374917000001,769.3247519999995,2470.6996690000005,,12900.871513999999,12.149993000000904,1701.374917000001,52.93539860210071,20.761299774118413,52.791539182691714
stack,train-ticket,stack,baseline,control,16,stack,True,,True,True,True,True,recorded,True,True,,555,17.3579,True,99.6,4.9,3.040692853498029,False,270.97454422712326,14331.809265136719,238.15373237105086,12629.914978027344,12628.997943,5520.732815,18149.730758,53.03261406942616,0.6127293151803315,14.30975341796875,14.685997000000498,8.2488800000001,22.934877000000597,23.354119124783946,32.208082540892065,1687.5845336914062,1694.0042080000003,766.852895,2460.8571030000003,52.39630554066089,12629.914978027344,14.30975341796875,1687.5845336914062,53.03261406942616,23.354119124783946,52.39630554066089
stack,train-ticket,stack,baseline,control,17,stack,True,,True,True,True,True,recorded,True,True,,553,17.163,True,99.6,4.6,3.0899462846476604,False,276.95200154930353,14684.287536621094,243.89533068612218,12959.288757324219,12960.762963,5638.538605,18599.301568,53.134632470688835,0.544640121050179,16.25848388671875,13.364956000001257,7.508464000000458,20.873420000001715,29.85179251093185,32.512030742131174,1708.7402954101562,1715.310184,773.3873629999998,2488.6975469999998,52.55716903576438,12959.288757324219,16.25848388671875,1708.7402954101562,53.134632470688835,29.85179251093185,52.55716903576438
stack,train-ticket,stack,baseline,control,18,stack,True,,True,True,True,True,recorded,True,True,,556,17.3696,True,99.6,4.9,3.0595734959883654,False,277.17289252532646,14691.50537109375,244.3232041071169,12975.395751953125,12975.049243,5654.5059710000005,18629.555214,53.10750486991982,0.5716035440564156,14.98675537109375,15.354452999999921,8.286294999999882,23.640747999999803,26.218793649772405,32.27808487415314,1701.1228637695312,1702.8487289999994,770.1955989999997,2473.044327999999,52.70210021449306,12975.395751953125,14.98675537109375,1701.1228637695312,53.10750486991982,26.218793649772405,52.70210021449306
stack,train-ticket,stack,baseline,control,19,stack,True,,True,True,True,True,recorded,True,True,,556,17.1365,True,99.7,4.5,3.1030758645037095,False,275.8287543398328,14669.566162109375,242.73876235820353,12927.087158203125,12927.923874,5667.909562,18595.833436,53.255141587675006,0.40220901975408196,17.1688232421875,13.581874999999854,6.948895999999877,20.53077099999973,42.6863207908287,32.6877829618752,1725.3101806640625,1732.4529619999994,787.6732759999995,2520.126237999999,52.781498906681634,12927.087158203125,17.1688232421875,1725.3101806640625,53.255141587675006,42.6863207908287,52.781498906681634
stack,train-ticket,stack,baseline,control,2,stack,True,,True,True,True,True,recorded,True,True,,551,17.2833,True,99.5,4.6,3.0935552635123638,False,280.28450769605115,14875.445739746094,247.48574800789356,13157.801391601562,13159.592042999999,5735.443264,18895.035307,53.16589540009348,0.5662603960372508,13.09539794921875,12.9888579999988,7.319621999999981,20.30847999999878,23.126106012113347,32.23249929212034,1704.5489501953125,1702.2837280000003,765.8968430000004,2468.180571000001,52.882928337239186,13157.801391601562,13.09539794921875,1704.5489501953125,53.16589540009348,23.126106012113347,52.882928337239186
stack,train-ticket,stack,baseline,control,3,stack,True,,True,True,True,True,recorded,True,True,,559,17.4826,True,99.6,5.1,3.0541254087936047,False,278.19712921604514,14675.834289550781,245.32697918778285,12953.265502929688,12955.155311,5643.635455,18598.790766,52.80000408358981,0.5320780212059617,15.31268310546875,12.50143300000127,6.634138000000348,19.13557100000162,28.779018292772847,32.338072007056326,1707.256103515625,1708.815267,771.5665069999995,2480.3817739999995,52.79399783459859,12953.265502929688,15.31268310546875,1707.256103515625,52.80000408358981,28.779018292772847,52.79399783459859
stack,train-ticket,stack,baseline,control,4,stack,True,,True,True,True,True,recorded,True,True,,536,17.0323,True,99.5,4.4,3.132240067667036,False,279.5746139008552,14803.407775878906,247.36061682691798,13112.68896484375,13112.916077,5745.195497,18858.111574,53.01041504929178,0.46555188205093145,11.838134765625,15.198631000001114,8.927467999999863,24.126099000000977,25.42817508002235,31.748445191886276,1678.8806762695312,1671.1092469999985,758.2088130000002,2429.3180599999987,52.88072112263913,13112.68896484375,11.838134765625,1678.8806762695312,53.01041504929178,25.42817508002235,52.88072112263913
stack,train-ticket,stack,baseline,control,5,stack,True,,True,True,True,True,recorded,True,True,,565,17.7292,True,99.6,4.7,3.0054596757466814,False,275.9792203241959,14667.272766113281,243.1873420062475,12951.851623535156,12952.688216,5632.980453,18585.668669,53.258740840230175,0.581111126113683,17.33642578125,17.284684999998717,10.6833230000002,27.968007999998918,29.833236711868548,32.21076719183475,1698.084716796875,1695.1457460000001,764.8057210000006,2459.951467000001,52.71792213714581,12951.851623535156,17.33642578125,1698.084716796875,53.258740840230175,29.833236711868548,52.71792213714581
stack,train-ticket,stack,baseline,control,6,stack,True,,True,True,True,True,recorded,True,True,,546,17.0791,True,99.6,4.9,3.1150083437070744,False,273.25957739632577,14537.810241699219,240.43324124533683,12820.495361328125,12820.998184,5582.271537,18403.269721,53.32247444206834,0.5797696858644485,16.52032470703125,16.605670000000828,9.748021999999764,26.353692000000592,28.49463348950214,32.24656646512449,1700.7945556640625,1702.8464089999998,769.6788150000002,2472.525224,52.7434310720652,12820.495361328125,16.52032470703125,1700.7945556640625,53.32247444206834,28.49463348950214,52.7434310720652
stack,train-ticket,stack,baseline,control,7,stack,True,,True,True,True,True,recorded,True,True,,572,17.7758,True,99.5,4.7,3.008474389989893,False,275.3232159749605,14542.344970703125,242.33623016206548,12807.848327636719,12809.169906,5550.349317,18359.519223,52.851562141869195,0.5157965659163892,13.6492919921875,13.682093999999779,7.572979000000487,21.255073000000266,26.462549179515193,32.47118924697861,1720.8473510742188,1718.4019120000012,766.777822,2485.179734000001,52.99612952224535,12807.848327636719,13.6492919921875,1720.8473510742188,52.851562141869195,26.462549179515193,52.99612952224535
stack,train-ticket,stack,baseline,control,8,stack,True,,True,True,True,True,recorded,True,True,,560,17.5186,True,99.7,4.6,3.056219918387277,False,276.7726571839303,14645.523498535156,243.77065087016672,12918.770141601562,12919.440009,5614.911285,18534.351294,52.99559276511164,0.6012257686816156,15.27020263671875,15.313742000000275,8.25553299999956,23.569274999999834,25.39845002020401,32.40078054508194,1711.483154296875,1708.6682330000003,769.1533660000005,2477.821599000001,52.82228160878853,12918.770141601562,15.27020263671875,1711.483154296875,52.99559276511164,25.39845002020401,52.82228160878853
stack,train-ticket,stack,baseline,control,9,stack,True,,True,True,True,True,recorded,True,True,,556,17.3384,True,99.7,4.9,3.0818200420132644,False,272.4915037532337,14499.919006347656,239.64525481313467,12772.205139160156,12772.372698000001,5550.086926999999,18322.459625,53.29629893618961,0.4681073627434671,14.221923828125,14.353478999999425,6.894819000000098,21.248297999999522,30.381756323535804,32.378141577355564,1713.491943359375,1710.549454,768.8805390000007,2479.4299930000006,52.92125674556155,12772.205139160156,14.221923828125,1713.491943359375,53.29629893618961,30.381756323535804,52.92125674556155
stack,train-ticket,stack,blafs,file-removal,0,stack,True,,True,True,True,True,recorded,True,True,,533,16.7672,True,99.6,4.8,3.185719101782364,False,274.9795783977024,14594.976867675781,242.361216254998,12885.042297363281,12884.162512,5621.506483,18505.668995,53.164621371624115,0.5559627488255501,11.9462890625,15.035667000000103,8.26658099999986,23.302247999999963,21.48757104272917,32.06239939387888,1697.98828125,1695.5213550000008,763.0164190000005,2458.5377740000013,52.95886500541091,12885.042297363281,11.9462890625,1697.98828125,53.164621371624115,21.48757104272917,52.95886500541091
stack,train-ticket,stack,blafs,file-removal,1,stack,True,,True,True,True,True,recorded,True,True,,573,17.9125,True,99.5,5.1,2.97397186119519,False,273.8564943410456,14490.76953125,241.00788206094876,12774.010192871094,12775.125316,5598.176708,18373.302024,53.00245819197175,0.5450185653753579,12.6734619140625,12.677762999999686,6.929731000000174,19.60749399999986,23.25326643750971,32.3035937147215,1704.0858764648438,1706.7632090000006,772.2239140000001,2478.987123000001,52.75220743282974,12774.010192871094,12.6734619140625,1704.0858764648438,53.00245819197175,23.25326643750971,52.75220743282974
stack,train-ticket,stack,blafs,file-removal,10,stack,True,,True,True,True,True,recorded,True,True,,551,17.0775,True,99.7,5.1,3.1018434167990017,False,274.42765956604853,14560.739196777344,241.31822900800034,12834.190979003906,12834.471538,5613.698702999999,18448.170241,53.18367796648474,0.6101162550039589,17.4324951171875,14.92244699999901,8.290995000000294,23.213441999999304,28.572415460516428,32.49931430304423,1709.11572265625,1715.1245159999999,774.3612989999992,2489.485814999999,52.589285629825,12834.190979003906,17.4324951171875,1709.11572265625,53.18367796648474,28.572415460516428,52.589285629825
stack,train-ticket,stack,blafs,file-removal,11,stack,True,,True,True,True,True,recorded,True,True,,560,17.3203,True,99.6,4.9,3.078040531703404,False,274.3311143023893,14596.894775390625,241.078978757374,12857.625793457031,12856.625412000001,5632.429368,18489.054780000002,53.33366625215866,0.5716383159160614,15.5662841796875,16.009664000001067,9.697423999999955,25.707088000001022,27.231002097440285,32.680497229099274,1723.7026977539062,1725.6492080000007,783.124033,2508.773241000001,52.74407808639741,12857.625793457031,15.5662841796875,1723.7026977539062,53.33366625215866,27.231002097440285,52.74407808639741
stack,train-ticket,stack,blafs,file-removal,12,stack,True,,True,True,True,True,recorded,True,True,,559,17.4071,True,99.6,4.9,3.0620319182203155,False,283.29220554511994,14922.313781738281,250.30406098393723,13195.617431640625,13197.220427,5803.116247999999,19000.336675,52.718351351428645,0.5850339219905436,15.0205078125,14.834923000000344,8.234231999999793,23.069155000000137,25.67459295589836,32.403110639192164,1711.6758422851562,1709.0066719999995,770.0378850000006,2479.044557,52.824429769864516,13195.617431640625,15.0205078125,1711.6758422851562,52.718351351428645,25.67459295589836,52.824429769864516
stack,train-ticket,stack,blafs,file-removal,13,stack,True,,True,True,True,True,recorded,True,True,,552,17.2641,True,99.6,5.0,3.084143044292063,False,272.53397506894544,14486.995056152344,239.71784489508718,12768.164123535156,12768.824428,5577.102482,18345.926910000002,53.26330265117793,0.5576691939495504,16.38397216796875,16.44026500000109,9.514807000000474,25.955072000001564,29.379374628771277,32.258460979908705,1702.4469604492188,1704.678680000001,766.850942,2471.529622000001,52.77520714672473,12768.164123535156,16.38397216796875,1702.4469604492188,53.26330265117793,29.379374628771277,52.77520714672473
stack,train-ticket,stack,blafs,file-removal,14,stack,True,,True,True,True,True,recorded,True,True,,561,17.4658,True,99.6,4.7,3.0569963914187834,False,276.8928128480911,14731.315490722656,244.05867954110727,13004.149353027344,13002.397561,5724.0378359999995,18726.435397,53.28288007408083,0.41788071393966675,12.191162109375,12.679471999999805,6.734663000000182,19.414134999999987,29.17378501256976,32.41625259304419,1714.9749755859375,1716.7352899999987,781.9861570000003,2498.721446999999,52.90478813562593,13004.149353027344,12.191162109375,1714.9749755859375,53.28288007408083,29.17378501256976,52.90478813562593
stack,train-ticket,stack,blafs,file-removal,15,stack,True,,True,True,True,True,recorded,True,True,,535,16.7423,True,99.5,4.9,3.198507319655374,False,274.4720965032466,14533.783386230469,241.54671112028882,12810.530578613281,12809.199508,5600.142341,18409.341849,53.035417121592324,0.5937973409891129,12.0513916015625,15.414450000000215,8.255227999999988,23.669678000000204,20.295462390397365,32.331588041968644,1711.201416015625,1708.884419,770.0447199999999,2478.929139,52.92661201158344,12810.530578613281,12.0513916015625,1711.201416015625,53.035417121592324,20.295462390397365,52.92661201158344
stack,train-ticket,stack,blafs,file-removal,16,stack,True,,True,True,True,True,recorded,True,True,,559,17.4934,True,99.6,5.0,3.048085548796679,False,277.3175594541244,14674.410400390625,244.36988875688985,12956.025817871094,12954.957191,5692.36763,18647.324821,53.01809434778738,0.6279131853953004,14.5047607421875,17.463638999999603,10.03287200000068,27.496511000000282,23.099946106492546,32.31975751183927,1703.8798217773438,1701.2438750000001,773.5616789999995,2474.8055539999996,52.719449431301705,12956.025817871094,14.5047607421875,1703.8798217773438,53.01809434778738,23.099946106492546,52.719449431301705
stack,train-ticket,stack,blafs,file-removal,17,stack,True,,True,True,True,True,recorded,True,True,,548,17.2342,True,99.6,4.9,3.099033216490363,False,274.84309498779476,14630.74658203125,242.24712233105674,12920.118957519531,12920.536198,5674.305908,18594.842106,53.33445794193088,0.4319482878781855,12.357421875,12.497404000001552,6.925213999999869,19.42261800000142,28.608567788755625,32.16402436885983,1698.2702026367188,1700.5494799999997,771.9926519999999,2472.5421319999996,52.80030207541222,12920.118957519531,12.357421875,1698.2702026367188,53.33445794193088,28.608567788755625,52.80030207541222
stack,train-ticket,stack,blafs,file-removal,18,stack,True,,True,True,True,True,recorded,True,True,,558,17.5243,True,99.6,4.6,3.0422766900831655,False,281.0647597126663,14816.180847167969,248.34057467989624,13102.959838867188,13106.154619,5772.090875,18878.245494000003,52.76205813631752,0.5723063140176237,15.630615234375,12.459867999999915,6.698468999999932,19.158336999999847,27.311624651923147,32.151878718752414,1697.5903930664062,1699.3594200000007,770.8946329999999,2470.2540530000006,52.79910414927932,13102.959838867188,15.630615234375,1697.5903930664062,52.76205813631752,27.311624651923147,52.79910414927932
stack,train-ticket,stack,blafs,file-removal,19,stack,True,,True,True,True,True,recorded,True,True,,574,17.9329,True,99.6,5.3,2.971472763433689,False,273.29680949402973,14483.017639160156,240.41150272730738,12762.681762695312,12764.039162000001,5597.609327,18361.648489,53.08681830075201,0.572099287994206,14.71051025390625,14.731408000001466,8.306436000000758,23.037844000002224,25.713211959206692,32.313207478728145,1705.6253662109375,1702.6671499999993,774.063631,2476.7307809999993,52.78415543655808,12762.681762695312,14.71051025390625,1705.6253662109375,53.08681830075201,25.713211959206692,52.78415543655808
stack,train-ticket,stack,blafs,file-removal,2,stack,True,,True,True,True,True,recorded,True,True,,537,16.719,True,99.6,4.9,3.1960254860989874,False,277.3362654298544,14669.326110839844,244.15834131324664,12939.152160644531,12938.712055,5677.121697,18615.833752,52.99492161950777,0.6457426189444959,13.90826416015625,16.97896000000037,9.993320999999924,26.972281000000294,21.53840206937266,32.53218149766326,1716.2656860351562,1714.3124450000014,775.9413730000006,2490.253818000002,52.75593603086326,12939.152160644531,13.90826416015625,1716.2656860351562,52.99492161950777,21.53840206937266,52.75593603086326
stack,train-ticket,stack,blafs,file-removal,3,stack,True,,True,True,True,True,recorded,True,True,,571,17.927,True,99.7,5.2,2.975522230051445,False,274.46626366022974,14571.000122070312,241.76555697387084,12857.45068359375,12858.188091,5619.597919,18477.78601,53.1814822778223,0.5909135229885578,14.5262451171875,14.571984000000157,8.286356000000524,22.85834000000068,24.58269197110383,32.10979316337034,1699.023193359375,1696.3346469999997,764.671077,2461.0057239999996,52.91292861075036,12857.45068359375,14.5262451171875,1699.023193359375,53.1814822778223,24.58269197110383,52.91292861075036
stack,train-ticket,stack,blafs,file-removal,4,stack,True,,True,True,True,True,recorded,True,True,,563,17.4879,True,99.6,4.6,3.0443599829665295,False,280.8010259172879,14855.123413085938,247.6805439949967,13126.565795898438,13125.781461,5750.962572,18876.744033000003,52.997969013519295,0.6265073353424668,14.58294677734375,17.526138999999603,10.020849000000453,27.546988000000056,23.27657787018933,32.49397458694875,1713.9746704101562,1711.7978640000001,776.3771019999995,2488.1749659999996,52.747461404693055,13126.565795898438,14.58294677734375,1713.9746704101562,52.997969013519295,23.27657787018933,52.747461404693055
stack,train-ticket,stack,blafs,file-removal,5,stack,True,,True,True,True,True,recorded,True,True,,546,17.1758,True,99.7,4.9,3.1006905691964284,False,276.8701203977689,14672.160278320312,244.18696100870147,12964.392822265625,12963.634293000001,5680.536056000001,18644.170349,53.092076533126786,0.5914601674303412,14.7904052734375,15.04055000000153,8.32901899999979,23.36956900000132,25.00659568960648,32.0916992216371,1692.97705078125,1699.5239079999992,767.6225469999999,2467.146454999999,52.7543599074928,12964.392822265625,14.7904052734375,1692.97705078125,53.092076533126786,25.00659568960648,52.7543599074928
stack,train-ticket,stack,blafs,file-removal,6,stack,True,,True,True,True,True,recorded,True,True,,532,16.7857,True,99.7,4.9,3.155811969498943,False,275.7200406379998,14562.757568359375,243.10898817470297,12867.858093261719,12868.628738000001,5650.5094,18519.138138000002,52.93040866105131,0.6818840261548758,16.00750732421875,16.12868200000048,9.936252999999851,26.064935000000332,23.475410348713723,31.929168437141925,1678.8919677734375,1681.133941,756.2513600000002,2437.3853010000003,52.58176300703308,12867.858093261719,16.00750732421875,1678.8919677734375,52.93040866105131,23.475410348713723,52.58176300703308
stack,train-ticket,stack,blafs,file-removal,7,stack,True,,True,True,True,True,recorded,True,True,,556,17.3789,True,99.6,5.1,3.0583463161111735,False,273.12358116172254,14513.974609375,240.3454468138516,12800.717590332031,12799.401987,5580.904109,18380.306096,53.259663372138824,0.5419914200901985,12.81646728515625,15.959005000000616,8.286599000000024,24.24560400000064,23.646992941370414,32.23614292778075,1700.4405517578125,1698.0155509999986,766.9681909999999,2464.9837419999985,52.749504044802826,12800.717590332031,12.81646728515625,1700.4405517578125,53.259663372138824,23.646992941370414,52.749504044802826
stack,train-ticket,stack,blafs,file-removal,8,stack,True,,True,True,True,True,recorded,True,True,,555,17.4705,True,99.6,4.7,3.0649952931447073,False,279.6937344740145,14867.147888183594,247.1071020658128,13151.75146484375,13152.90212,5767.759527,18920.661647,53.22287928956815,0.4863736401312053,14.32403564453125,14.236597000000984,7.345379000000321,21.581976000001305,29.45068248490433,32.10025876807049,1701.0723876953125,1698.3816380000007,768.1423210000003,2466.523959000001,52.99248208513934,13151.75146484375,14.32403564453125,1701.0723876953125,53.22287928956815,29.45068248490433,52.99248208513934
stack,train-ticket,stack,blafs,file-removal,9,stack,True,,True,True,True,True,recorded,True,True,,540,16.8642,True,99.7,4.9,3.1551449245876735,False,276.0627512228675,14646.491821289062,243.2408328950405,12930.175964355469,12927.709947,5658.224712,18585.934659,53.157916828606226,0.5334990220144391,12.53759765625,16.663470999999845,9.603369000000384,26.26684000000023,23.500694732127684,32.28841930581257,1703.7782592773438,1701.1415190000007,768.5588239999997,2469.7003430000004,52.767471926711174,12930.175964355469,12.53759765625,1703.7782592773438,53.157916828606226,23.500694732127684,52.767471926711174
stack,train-ticket,stack,slim,file-removal,0,stack,True,,True,True,True,True,recorded,True,True,,531,16.5732,True,99.6,4.5,3.2200965665828036,False,282.8298924183473,15082.790283203125,249.97238135105,13359.488891601562,13358.63017,5894.600877,19253.231047,53.4438597552107,0.5614477270282805,13.43011474609375,16.820574999999735,9.914160000000265,26.734735,23.920507822124048,32.29606334026903,1709.8712768554688,1707.733603999999,778.4251320000003,2486.1587359999994,52.943643899889175,13359.488891601562,13.43011474609375,1709.8712768554688,53.4438597552107,23.920507822124048,52.943643899889175
stack,train-ticket,stack,slim,file-removal,1,stack,True,,True,True,True,True,recorded,True,True,,539,16.8169,True,99.6,4.3,3.1709882350489913,False,284.313642794732,15064.620849609375,251.3638324616477,13341.181762695312,13340.462064000001,5929.998125,19270.460189,53.07518441313894,0.6444912143051624,14.27642822265625,17.223833000000013,9.995090999999775,27.218923999999788,22.151470657436228,32.30531911877915,1709.1626586914062,1706.6977800000004,776.995997,2483.6937770000004,52.906540016125895,13341.181762695312,14.27642822265625,1709.1626586914062,53.07518441313894,22.151470657436228,52.906540016125895
stack,train-ticket,stack,slim,file-removal,10,stack,True,,True,True,True,True,recorded,True,True,,539,16.7933,True,99.6,4.9,3.182464882703792,False,284.45710698422045,15080.815368652344,251.35770648904145,13351.601806640625,13350.720399000002,5911.019414,19261.739813,53.1179329774109,0.6816050391644239,13.864990234375,16.70527899999979,9.971959000000425,26.677238000000216,20.341678006623923,32.417795456014574,1715.3485717773438,1718.1284749999995,783.3101900000001,2501.4386649999997,52.91379465037281,13351.601806640625,13.864990234375,1715.3485717773438,53.1179329774109,20.341678006623923,52.91379465037281
stack,train-ticket,stack,slim,file-removal,11,stack,True,,True,True,True,True,recorded,True,True,,531,16.641,True,99.6,4.6,3.214845129325565,False,284.49705831194296,15149.617736816406,251.70231747301295,13427.272766113281,13427.153980000001,5936.8923939999995,19364.046374,53.34584480952555,0.5779799842275679,15.26220703125,15.375998000001346,8.321633999999904,23.69763200000125,26.406116903246975,32.21676085470244,1707.082763671875,1709.067097000001,775.4961219999996,2484.5632190000006,52.98741147102952,13427.272766113281,15.26220703125,1707.082763671875,53.34584480952555,26.406116903246975,52.98741147102952
stack,train-ticket,stack,slim,file-removal,12,stack,True,,True,True,True,True,recorded,True,True,,530,16.5396,True,99.7,4.6,3.22041015625,False,283.17383825499564,14981.569580078125,250.28923261119053,-248883.4832763672,13261.690048999999,5924.679596,19186.369645,-994.3835005599019,0.5706921736709774,14.2354736328125,11.62649600000077,6.700178000000051,18.32667400000082,24.944224381495925,32.31391347013414,1706.8173828125,1713.0131309999997,783.5976040000005,2496.610735,52.81989086187321,13260.516723632812,14.2354736328125,1706.8173828125,52.98077182661804,24.944224381495925,52.81989086187321
stack,train-ticket,stack,slim,file-removal,13,stack,True,,True,True,True,True,recorded,True,True,,541,16.9321,True,99.7,4.7,3.161692733905672,False,280.9342791433446,14974.721862792969,248.03211596235633,13247.145446777344,13249.468645,5882.174761,19131.643406000003,53.40899260315085,0.5360158188268542,17.10064697265625,13.823511999999027,7.756449999999859,21.579961999998886,31.903250560931976,32.36614736216143,1710.4757690429688,1712.3066510000008,785.1220130000002,2497.428664000001,52.84767908591584,13247.145446777344,17.10064697265625,1710.4757690429688,53.40899260315085,31.903250560931976,52.84767908591584
stack,train-ticket,stack,slim,file-removal,14,stack,True,,True,True,True,True,recorded,True,True,,539,16.9464,True,,,3.158046812615956,False,280.6340849529952,14983.685886000001,247.96986648999155,1629.9585571289062,13269.024137,5862.908941000001,19131.933078000002,6.573212222117698,0.5649696597829461,,12.47451700000056,6.68626199999926,19.16077899999982,,32.09924880322069,,1702.1872320000002,771.300088,2473.48732,,13269.024137,12.47451700000056,1702.1872320000002,53.510631452211385,22.07997683414204,53.02888059577303
stack,train-ticket,stack,slim,file-removal,15,stack,True,,True,True,True,True,recorded,True,True,,530,16.6638,True,99.6,4.8,3.204582588627653,False,286.0716666211374,15174.092895507812,253.53389259288087,13460.044616699219,13462.222738999999,5961.465329000001,19423.688068,53.089724924127054,0.47946322802454233,15.6195068359375,15.811361000000034,7.917764999999235,23.72912599999927,32.577069362111715,32.05831080023199,1698.4287719726562,1695.7529830000003,774.1753859999999,2469.928369,52.979359472688294,13460.044616699219,15.6195068359375,1698.4287719726562,53.089724924127054,32.577069362111715,52.979359472688294
stack,train-ticket,stack,slim,file-removal,16,stack,True,,True,True,True,True,recorded,True,True,,560,17.2372,True,99.6,4.9,3.097745295933315,False,280.19312188681215,14958.186645507812,247.0400999239646,13206.843505859375,13208.659118,5827.378820000001,19036.037938,53.46032287844869,0.4487157128751278,16.60577392578125,16.51423999999861,9.913305000000037,26.427544999998645,37.007337718085296,32.70430624997243,1734.7373657226562,1731.7702250000002,787.3104840000005,2519.0807090000008,53.043087123247524,13206.843505859375,16.60577392578125,1734.7373657226562,53.46032287844869,37.007337718085296,53.043087123247524
stack,train-ticket,stack,slim,file-removal,17,stack,True,,True,True,True,True,recorded,True,True,,552,17.0026,True,99.6,4.7,3.147137406943501,False,283.7077982709743,15121.804931640625,250.4072860009037,13369.77490234375,13370.487317000001,5901.23123,19271.718547,53.39211616348695,0.6048303218558431,14.8101806640625,14.846763999999894,8.31339399999979,23.160157999999683,24.486504940128317,32.69568194821477,1737.2198486328125,1734.3318629999994,788.8362370000004,2523.1681,53.13300549547544,13369.77490234375,14.8101806640625,1737.2198486328125,53.39211616348695,24.486504940128317,53.13300549547544
stack,train-ticket,stack,slim,file-removal,18,stack,True,,True,True,True,True,recorded,True,True,,530,16.5929,True,99.5,4.6,3.2212391979289503,False,280.9444319163449,14968.572509765625,248.1604995992966,13248.7958984375,13248.365925,5860.622814,19108.988739,53.38801267659542,0.5569047210738063,12.51983642578125,15.424581999999646,8.349221999999827,23.773803999999473,22.4811102366683,32.227027595974505,1707.2567749023438,1705.0675350000001,774.49521,2479.562745,52.97593052347149,13248.7958984375,12.51983642578125,1707.2567749023438,53.38801267659542,22.4811102366683,52.97593052347149
stack,train-ticket,stack,slim,file-removal,19,stack,True,,True,True,True,True,recorded,True,True,,522,16.461,True,99.7,4.4,3.2542915198081297,False,283.55411357199773,15116.720275878906,251.06201158091426,13401.818969726562,13402.415213999999,5927.114099,19329.529313,53.38051298695708,0.4983547180891037,16.1611328125,16.241109000000506,7.67344200000025,23.914551000000756,32.42897523769497,31.99374727299437,1698.7401733398438,1700.7389939999994,772.5400760000002,2473.2790699999996,53.09600525518106,13401.818969726562,16.1611328125,1698.7401733398438,53.38051298695708,32.42897523769497,53.09600525518106
stack,train-ticket,stack,slim,file-removal,2,stack,True,,True,True,True,True,recorded,True,True,,523,16.3137,True,,,3.273162107074567,False,278.55446479981765,14881.815541,245.79615180799738,125.25927734375,13154.142229000001,5794.824764999999,18948.966994000002,0.5096063401415485,0.49170935805886984,,15.80953000000045,8.609290999999757,24.418821000000207,,32.266603633761406,,1711.8637819999985,776.6968639999996,2488.560645999998,,13154.142229000001,15.80953000000045,1711.8637819999985,53.51646936797979,32.15218449860711,53.05373324785971
stack,train-ticket,stack,slim,file-removal,3,stack,True,,True,True,True,True,recorded,True,True,,537,16.5744,True,99.6,4.5,3.226931779744239,False,281.3912369981408,15046.473999023438,248.1759684770368,13298.778137207031,13298.370862999998,5941.648362999999,19240.019225999997,53.58608336986318,0.536423372104764,14.83349609375,15.271749999999884,8.56223399999999,23.833983999999873,27.652590966623663,32.678845148999244,1732.8623657226562,1734.6964869999993,790.932973,2525.629459999999,53.02703806764492,13298.778137207031,14.83349609375,1732.8623657226562,53.58608336986318,27.652590966623663,53.02703806764492
stack,train-ticket,stack,slim,file-removal,4,stack,True,,True,True,True,True,recorded,True,True,,535,16.4016,True,99.6,4.7,3.2505307206483645,False,286.2742855171673,15200.559753417969,252.74610769515857,13444.445190429688,13445.415653,5948.742889,19394.158542,53.19348065547765,0.6487857229076326,17.08062744140625,17.223833000000013,9.96140000000014,27.185233000000153,26.327070461502764,32.879392099101096,1739.033935546875,1741.5110449999993,792.4183819999998,2533.929426999999,52.891304386203025,13444.445190429688,17.08062744140625,1739.033935546875,53.19348065547765,26.327070461502764,52.891304386203025
stack,train-ticket,stack,slim,file-removal,5,stack,True,,True,True,True,True,recorded,True,True,,539,16.6911,True,99.6,4.7,3.206353182253015,False,286.998591569718,15276.943542480469,253.76198647497222,13534.45654296875,13535.008075,6013.373217,19548.381292,53.33524036037451,0.6111408779397607,14.26263427734375,14.323449999999866,8.364419999999882,22.687869999999748,23.33771932492069,32.625464216805995,1728.224365234375,1725.4321670000008,787.3909279999998,2512.8230950000006,52.97164061022414,13534.45654296875,14.26263427734375,1728.224365234375,53.33524036037451,23.33771932492069,52.97164061022414
stack,train-ticket,stack,slim,file-removal,6,stack,True,,True,True,True,True,recorded,True,True,,528,16.287,True,99.6,4.5,3.266988349683357,False,280.96914708800614,14954.475158691406,247.6611281563528,13215.296264648438,13213.642992,5853.0641780000005,19066.70717,53.360397584498564,0.6108342907391489,14.20904541015625,14.817161999999371,8.342385999999351,23.159547999998722,23.26170227438016,32.6971846409142,1724.9698486328125,1731.3730699999996,787.6389140000001,2519.0119839999998,52.75591362304467,13215.296264648438,14.20904541015625,1724.9698486328125,53.360397584498564,23.26170227438016,52.75591362304467
stack,train-ticket,stack,slim,file-removal,7,stack,True,,True,True,True,True,recorded,True,True,,520,16.2622,True,99.7,4.6,3.280032466008113,False,285.06026610638946,15249.77490234375,252.2377637294121,13527.119934082031,13530.292389,5966.090439,19496.382828,53.62844854822468,0.6286163115873933,17.0380859375,14.069178000001557,8.307474000000184,22.37665200000174,27.10411044612431,32.19388606538996,1705.6168823242188,1707.5700910000014,773.4145849999995,2480.984676000001,52.97952781655155,13527.119934082031,17.0380859375,1705.6168823242188,53.62844854822468,27.10411044612431,52.97952781655155
stack,train-ticket,stack,slim,file-removal,8,stack,True,,True,True,True,True,recorded,True,True,,532,16.7892,True,99.5,4.7,3.1890139472215697,False,279.2760358960368,14830.835876464844,246.80756542505696,-249023.47998046875,13123.208409,5792.027103,18915.235512,-1008.9783088763729,0.5100920749828219,13.76043701171875,13.707727999999406,7.4140440000001036,21.12177199999951,26.97637874923297,31.958378395996988,1696.555419921875,1694.6218829999998,766.5682280000001,2461.190111,53.08640503907359,13120.52001953125,13.76043701171875,1696.555419921875,53.16093125806264,26.97637874923297,53.08640503907359
stack,train-ticket,stack,slim,file-removal,9,stack,True,,True,True,True,True,recorded,True,True,,542,16.4302,True,99.6,4.7,3.253607155212177,False,284.4333636141382,15177.268371582031,250.54490681178868,13398.454162597656,13399.899839,5902.909205000001,19302.809044,53.477256165748685,0.5616072881966829,15.359130859375,15.432699000000866,8.2957550000001,23.728454000000966,27.348524818281938,33.326849514152855,1763.455078125,1761.0607999999993,801.1425410000002,2562.2033409999995,52.9139448772713,13398.454162597656,15.359130859375,1763.455078125,53.477256165748685,27.348524818281938,52.9139448772713
